"dataset_name","feature_id","gene_symbol","baseMean","lfc_shrunk","regulation_direction","lfdr","pvalue","wald_pvalue","padj","empirical_p","empirical_q","HBFSS","hc_p_threshold_dataset","hbfss_threshold_dataset","resLA_padj","resGA_padj","hc_empirical_pass","deseq2_strong_call","deseq2_weak_call_raw","deseq2_weak_call","standard_significant","HBFSS_significant","effect_class","log2FoldChange","lfcSE","stat","raw_lfc_pass","shrunk_lfc_pass","neglog10_wald_pvalue","padj_strong_effect","padj_weak_effect","HBFSS_only_call","overlap_call","R8_1","R8_2","R8_3","R8_4","R8_5","ZT14_1","ZT14_2","ZT14_3","ZT14_4","ZT14_5","dispGeneEst","dispFit","dispersion","dispIter","dispOutlier","neglog10_padj","neglog10_empirical_p"
"RT8_ZT14_raw_dataset","6990","Epn1",534.071305580886,-0.426155722222847,"downregulated",0.236500809795885,0.00191590342989031,0.00191590342989031,0.593491342862632,0.000414140543302022,0.122275653194121,1.44162184423866,0.0186581006283235,1.72913256898303,0.0840838778082118,1,TRUE,FALSE,TRUE,TRUE,TRUE,FALSE,"weak_effect",-0.58676787855956,0.189098912696939,-3.10296801917602,FALSE,FALSE,2.71762638509188,1,0.0840838778082118,FALSE,FALSE,480.328461288358,494.578727496823,450.254947478957,383.914949063321,322.895819509691,778.950275974944,750.238422891668,532.218591333669,620.479927020718,526.852933750714,0.0288244579110327,0.0731361757861879,0.040919812321833,9,FALSE,0.226585611628361,3.3828522510952
"RT8_ZT14_raw_dataset","9793","Capns1",485.671768995315,-0.0648374456246481,"downregulated",0.549690283636983,0.0127037102363659,0.0127037102363659,0.910343698046299,0.00457337044012363,0.318685653842683,0.151704296461331,0.0186581006283235,1.72913256898303,0.0737060196384112,1,TRUE,FALSE,TRUE,TRUE,TRUE,FALSE,"weak_effect",-0.523979899243391,0.210267417526475,-2.49196906209882,FALSE,FALSE,1.89606942078777,1,0.0737060196384112,FALSE,FALSE,506.362524230816,363.781047497663,346.153448983822,488.120435237651,289.492803698344,641.011164604381,665.568658022466,467.529038795875,452.013101711077,636.685467171058,0.0416405508256701,0.0743341988840023,0.0508904262686626,9,FALSE,0.0407946098944413,2.33976361961521
"RT8_ZT14_raw_dataset","21882","Eif3c",359.039896644154,-0.0608371322380838,"downregulated",0.549690283636983,0.0133664226455794,0.0133664226455794,0.91981554268153,0.00487728744188654,0.327255362147739,0.140644599346882,0.0186581006283235,1.72913256898303,0.0893987453111073,1,TRUE,FALSE,TRUE,TRUE,TRUE,FALSE,"weak_effect",-0.535041950220267,0.216278690236708,-2.4738542185302,FALSE,FALSE,1.87398481062659,1,0.0893987453111073,FALSE,FALSE,278.564473484305,275.220118331566,358.287979483255,353.750203065489,197.236855267003,544.801532303904,366.009173453578,461.648170383349,427.09899374275,327.78146692634,0.0419284789185982,0.0789967494084019,0.053188391741898,9,FALSE,0.0362992561625117,2.31182164860229
"RT8_ZT14_raw_dataset","26074","Asrgl1",322.316990174515,0.2456689904474,"upregulated",0.362017079505486,0.00799439500481375,0.00799439500481375,0.817473138787002,0.00254371946310905,0.251860253247635,0.637395759133356,0.0186581006283235,1.72913256898303,0.0202401410262928,1,TRUE,FALSE,TRUE,TRUE,TRUE,FALSE,"weak_effect",0.477135773291563,0.17989466313451,2.65230643854511,FALSE,FALSE,2.09721439695998,1,0.0202401410262928,FALSE,FALSE,466.009726670006,351.518764997742,345.514789483852,355.121327883572,357.889455121579,207.48824315404,233.645680271977,323.44776268897,294.223751245006,288.310400228404,0.0207500678555988,0.0810341537623725,0.0356525156436886,6,FALSE,0.0875265088428941,2.59453078702592
"RT8_ZT14_raw_dataset","39208","Strn4",243.523790846068,-0.123194352621864,"downregulated",0.56689482675422,0.0134105147105798,0.0134105147105798,0.91981554268153,0.00489764980619811,0.327806859487863,0.284580466299859,0.0186581006283235,1.72913256898303,0.00341692956931842,1,TRUE,FALSE,TRUE,TRUE,TRUE,FALSE,"weak_effect",-0.406355386598921,0.164338215334185,-2.47267737313922,FALSE,FALSE,1.87255455311971,1,0.00341692956931842,FALSE,FALSE,206.970800392544,243.8831741651,187.127233491254,179.617351168911,229.04925127781,286.310592508648,292.592984927751,261.69864435744,312.019542650954,235.968333520271,0.0103132929063643,0.0874792622633029,0.0281356893669721,9,FALSE,0.0362992561625117,2.31001227120659
"RT8_ZT14_raw_dataset","40472","LOC100362069",993.358842723986,-0.0513833643892661,"downregulated",0.734573675787826,0.0310886013243832,0.0310886013243832,0.999580341370701,0.0141565365911978,0.486660688003876,0.0950100494269309,0.0186581006283235,1.72913256898303,0.0270905999345663,1,TRUE,FALSE,TRUE,TRUE,TRUE,FALSE,"weak_effect",-0.437014956987917,0.202703047346886,-2.15593678885376,FALSE,FALSE,1.50739881641826,1,0.0270905999345663,FALSE,FALSE,1001.00972013753,772.523797495038,763.198102464331,1079.07523183155,604.435524205333,1477.91905039889,1009.60656337707,1207.53831403882,933.685855765401,1084.5962675259,0.0422073525253357,0.0675778327458134,0.0482804985880669,9,FALSE,0.000182293680221713,1.8490429841682
"RT8_ZT14_raw_dataset","41987","Shank1",309.183889404829,0.0426314545905304,"upregulated",0.734573675787826,0.0337491038526467,0.0337491038526467,0.999580341370701,0.0156984437092837,0.503345913437995,0.0769132574295886,0.0186581006283235,1.72913256898303,0.0809229541983041,1,TRUE,FALSE,TRUE,TRUE,TRUE,FALSE,"weak_effect",0.490128766981295,0.230859955494112,2.12305666408133,FALSE,FALSE,1.47173775459644,1,0.0809229541983041,FALSE,FALSE,384.002428401262,374.68085416426,509.650280976181,249.544716891159,284.720944296723,267.764157366387,238.468641561995,297.963999568021,295.410137338736,189.632733483563,0.0506420867367229,0.0818802763990531,0.0606552694107492,9,FALSE,0.000182293680221713,1.80414339994566
"RT8_ZT14_raw_dataset","49178","Ndufc2",609.021633612608,0.344744350031618,"upregulated",0.362017079505486,0.00491529128501473,0.00491529128501473,0.736354214825673,0.00137229404322836,0.199929302749019,0.986848911987786,0.0186581006283235,1.72913256898303,0.0741898953703864,1,TRUE,FALSE,TRUE,TRUE,TRUE,FALSE,"weak_effect",0.554452709702834,0.197136397540137,2.8125334368553,FALSE,FALSE,2.30845074034942,1,0.0741898953703864,FALSE,FALSE,749.781012742803,596.083177079505,682.088345968122,740.407401764976,857.344072491248,325.721767185951,482.296129001787,472.429762472981,551.669533584386,632.395133834326,0.0352220794817424,0.0716567006678839,0.0449569356918618,9,FALSE,0.13291322297456,2.862552821815
"RT8_ZT14_raw_dataset","50848","Eif3f",725.820240356959,0.0464352725595144,"upregulated",0.669864253572742,0.0258911449760043,0.0258911449760043,0.999580341370701,0.0112419444998961,0.450656420097807,0.0905097091390966,0.0186581006283235,1.72913256898303,0.0861032673093962,1,TRUE,FALSE,TRUE,TRUE,TRUE,FALSE,"weak_effect",0.506278797674691,0.227250905137257,2.22784062122395,FALSE,FALSE,1.58684874347145,1,0.0861032673093962,FALSE,FALSE,913.795609280291,776.611224995012,816.206840961853,865.179760210556,889.156468502055,345.427354524603,639.846197809037,465.568749325033,750.982397331003,795.427800630149,0.0566863385419059,0.0699602471680886,0.0605906289483156,9,FALSE,0.000182293680221713,1.94915856309648
"RT8_ZT14_raw_dataset","50920","Rpl27a",1170.7558938744,0.327071623820212,"upregulated",0.236500809795885,0.00253247909589056,0.00253247909589056,0.646802228344899,0.000590697991426303,0.14290564544379,1.05599473056288,0.0186581006283235,1.72913256898303,0.00351855135876285,1,TRUE,FALSE,TRUE,TRUE,TRUE,FALSE,"weak_effect",0.456127704858058,0.151064002495992,3.01943346741498,FALSE,FALSE,2.59645413079566,1,0.00351855135876285,FALSE,FALSE,1404.53769574563,1239.17177040871,1537.25341642815,1102.38435373896,1487.22951350523,878.637364864594,914.754991340056,911.534603941644,1129.43956123083,1102.61566754017,0.0150135600030153,0.0665984781314865,0.0265224171862883,7,FALSE,0.189228492543889,3.22863450588838
"RT8_ZT14_raw_dataset","52447","Dctn5",134.726901472368,0.0604080212061887,"upregulated",0.669864253572742,0.0195191161574761,0.0195191161574761,0.999580341370701,0.00787098577914991,0.395260588485643,0.127096717068786,0.0186581006283235,1.72913256898303,0.0413595518379776,1,TRUE,FALSE,TRUE,TRUE,TRUE,FALSE,"weak_effect",0.475946813631065,0.203790984550907,2.33546550000681,FALSE,FALSE,1.70953985145526,1,0.0413595518379776,FALSE,FALSE,178.33333115584,138.972534999107,149.446322993015,123.401233627496,194.055615665923,100.846241086042,93.7798028614585,133.299684017273,121.011381560446,114.122866757076,0.0182813223327474,0.108769810937637,0.042215213678795,9,FALSE,0.000182293680221713,2.10397087226167
"RT8_ZT14_raw_dataset","65094","Naa60",172.363831621675,0.0579457348063485,"upregulated",0.734573675787826,0.0289171987474668,0.0289171987474668,0.999580341370701,0.0129224933448935,0.471465777219461,0.109439425445873,0.0186581006283235,1.72913256898303,0.0137108999210964,1,TRUE,FALSE,TRUE,TRUE,TRUE,FALSE,"weak_effect",0.415102318143451,0.190011790196246,2.18461347958845,FALSE,FALSE,1.53884378009954,1,0.0137108999210964,FALSE,FALSE,229.099753893634,181.890523748832,161.580853492448,201.555348258244,214.733673072947,149.530633334476,178.449567730661,132.319539281852,117.452223279256,157.026200124398,0.0174190680360489,0.0983639067219006,0.0374075627968594,10,FALSE,0.000182293680221713,1.88865368282263
"RT8_ZT14_raw_dataset","69222","Pdlim4",90.2041675166111,-0.060449021948691,"downregulated",0.583971851256973,0.0150569113852847,0.0150569113852847,0.947918368466188,0.00567010991960726,0.347852928345376,0.135793198044866,0.0186581006283235,1.72913256898303,0.0739969608879071,1,TRUE,FALSE,TRUE,TRUE,TRUE,FALSE,"weak_effect",-0.518022397146629,0.213089610278316,-2.43100729533476,FALSE,FALSE,1.822264105552,1,0.0739969608879071,FALSE,FALSE,89.8175171514816,70.8487433328783,66.4205879968957,74.0407401764976,71.5778910243157,114.756067442737,126.468762716024,111.736499838008,85.4197987485501,90.9550667387226,0.0121555171170717,0.132291418109318,0.0428600409160708,10,FALSE,0.0232290610281245,2.24640852188026
"RT8_ZT14_raw_dataset","69714","Guk1",900.955763250552,-0.166844404486079,"downregulated",0.549690283636983,0.0129923030873909,0.0129923030873909,0.914621159719002,0.00470522209948654,0.322483307321698,0.388316982508399,0.0186581006283235,1.72913256898303,0.000106947876397863,1,TRUE,FALSE,TRUE,TRUE,TRUE,FALSE,"weak_effect",-0.346321937009682,0.139422180850631,-2.4839802024092,FALSE,FALSE,1.88631385666463,1,0.000106947876397863,FALSE,FALSE,805.754248069088,738.461901661924,910.728446957436,784.283395943642,723.732009245859,1065.26086848359,868.133032203216,1160.49136673861,1044.01976248228,908.692600719879,0.00996817541432038,0.0682407249439024,0.0221826917199075,6,FALSE,0.0387587554559926,2.32741987185311
"RT8_ZT14_raw_dataset","71544","Nlgn2",157.22433747597,-0.0424787603527041,"downregulated",0.734573675787826,0.0383238694384744,0.0383238694384744,0.999580341370701,0.0184211895516282,0.527907230890492,0.0736871549242184,0.0186581006283235,1.72913256898303,0.059678340908951,1,TRUE,FALSE,TRUE,TRUE,TRUE,FALSE,"weak_effect",-0.465539781612926,0.224749276307399,-2.07137388498723,FALSE,FALSE,1.41653064805543,1,0.059678340908951,FALSE,FALSE,91.1192202986045,141.016248749094,127.09324049406,165.906102988078,136.79330284647,166.917916280345,250.793987080929,158.783447138222,161.348508747261,172.471400136634,0.0355634963253002,0.101950742917878,0.053953747554132,7,FALSE,0.000182293680221713,1.73468232858936
"RT8_ZT14_raw_dataset","81431","Arhgdia",236.289534235947,-0.053896469078337,"downregulated",0.734573675787826,0.0383213794533602,0.0383213794533602,0.999580341370701,0.0184196843357201,0.527895094239865,0.0934951651687552,0.0186581006283235,1.72913256898303,0.00777802697199412,1,TRUE,FALSE,TRUE,TRUE,TRUE,FALSE,"weak_effect",-0.385199971383827,0.185961122388463,-2.07140055102037,FALSE,FALSE,1.41655886602879,1,0.00777802697199412,FALSE,FALSE,203.065690951176,220.721084998582,224.169484489523,197.441973803994,176.558797859979,286.310592508648,279.731754821036,199.949526025909,338.120036713011,236.826400187617,0.0200861045810992,0.0882864491918995,0.0371049401799761,6,FALSE,0.000182293680221713,1.73471781672492
"RT8_ZT14_raw_dataset","87690","Shmt1",103.85041140479,0.0532435734384036,"upregulated",0.734573675787826,0.0352436807801252,0.0352436807801252,0.999580341370701,0.0165783468106895,0.511898192017966,0.0947979877740951,0.0186581006283235,1.72913256898303,0.0135756889463998,1,TRUE,FALSE,TRUE,TRUE,TRUE,FALSE,"weak_effect",0.405891506672268,0.192772433185992,2.10554745802608,FALSE,FALSE,1.45291874103694,1,0.0135756889463998,FALSE,FALSE,149.695861919136,103.548163332668,107.933455494956,108.31886062858,124.068344442147,81.14065374739,88.4209569836609,91.1534603941644,88.9789570297396,95.2454000754548,0.00530752969152836,0.122938558893479,0.0348099102589808,8,FALSE,0.000182293680221713,1.78045877938236
"RT8_ZT14_raw_dataset","105785","Cox17",671.800079877384,0.0752073382474923,"upregulated",0.546517561440515,0.0118997260751683,0.0118997260751683,0.896682546793699,0.0042102021063124,0.307565571436806,0.178669852050272,0.0186581006283235,1.72913256898303,0.0554931008940585,1,TRUE,FALSE,TRUE,TRUE,TRUE,FALSE,"weak_effect",0.510024236735533,0.20278454805875,2.51510404327144,FALSE,FALSE,1.92446303570092,1,0.0554931008940585,FALSE,FALSE,1038.75911140409,682.600392495616,777.248611463674,671.851160860812,776.22246266369,594.645076748729,611.980199244489,511.635551889826,679.799231707211,373.259000295701,0.0381818321657462,0.0706715472137038,0.0478372670294447,9,FALSE,0.0473612833524155,2.37569705581529
"RT8_ZT14_raw_dataset","111349","Son",393.534840796163,0.107159349725213,"upregulated",0.546517561440515,0.0101814005993212,0.0101814005993212,0.851986405960494,0.00345579472032354,0.280767059551251,0.263767602473006,0.0186581006283235,1.72913256898303,0.0246568067485018,1,TRUE,FALSE,TRUE,TRUE,TRUE,FALSE,"weak_effect",0.476617346484969,0.185482599256124,2.56960679005167,FALSE,FALSE,1.9921924743847,1,0.0246568067485018,FALSE,FALSE,460.802914081514,508.884723746731,501.347707476569,360.605827155905,458.098502555621,279.3556793303,392.267518254787,404.799775728924,304.901226088575,264.284533542703,0.0246545252463232,0.0774292923903468,0.0386893012130622,9,FALSE,0.0695673346504872,2.46145206320662
"RT8_ZT14_raw_dataset","113994","Gap43",420.339112035206,0.0940604739384311,"upregulated",0.546517561440515,0.0121227029147776,0.0121227029147776,0.896682546793699,0.00431029946551975,0.310720515282301,0.22249935086156,0.0186581006283235,1.72913256898303,0.028670740513164,1,TRUE,FALSE,TRUE,TRUE,TRUE,FALSE,"weak_effect",0.476914251679723,0.190115333157216,2.50855227592473,FALSE,FALSE,1.91640053775229,1,0.028670740513164,FALSE,FALSE,590.973228793806,538.859192079872,466.22143497821,452.471189967486,396.064330334547,288.62889690143,366.009173453578,327.368341630655,472.181665304485,304.613666907986,0.0284748384749421,0.0763889241010379,0.0409426532614058,9,FALSE,0.0473612833524155,2.36549255542982
"RT8_ZT14_raw_dataset","115419","Apod",887.876040973412,-0.28925905565922,"downregulated",0.362017079505486,0.00667275582837561,0.00667275582837561,0.813037951209304,0.00202275772829741,0.233556651783387,0.779280132303963,0.0186581006283235,1.72913256898303,0.0571287304719871,1,TRUE,FALSE,TRUE,TRUE,TRUE,FALSE,"weak_effect",-0.530424271638997,0.195530144398664,-2.71274934752527,FALSE,FALSE,2.17569476670164,1,0.0571287304719871,FALSE,FALSE,639.136245237354,777.292462911674,623.331671970868,862.437510574389,731.685108248561,1288.97724238711,1210.02739920671,731.187972624157,864.875462329069,1149.80933424423,0.0338267845656477,0.0683457054858923,0.0447070312784083,9,FALSE,0.0898891818154019,2.6940561308547
"RT8_ZT14_raw_dataset","117671","Xab2",242.018164571996,-0.0509678880605167,"downregulated",0.669864253572742,0.0255248525916384,0.0255248525916384,0.999580341370701,0.0110417840208927,0.44799884682972,0.0997421565459517,0.0186581006283235,1.72913256898303,0.0534522458840758,1,TRUE,FALSE,TRUE,TRUE,TRUE,FALSE,"weak_effect",-0.478214773702138,0.214122935879848,-2.2333654810827,FALSE,FALSE,1.59303675732422,1,0.0534522458840758,FALSE,FALSE,239.513379070618,194.834044165415,188.404552491195,235.833468710326,152.699500851873,374.406159434385,263.655217187643,295.023565361758,196.940091559157,278.871666887593,0.0362825010059404,0.0876432811722779,0.0506726770718782,8,FALSE,0.000182293680221713,1.95696075198413
"RT8_ZT14_raw_dataset","120571","Stx1a",465.791230963144,-0.0660526952547616,"downregulated",0.669864253572742,0.0206109396018393,0.0206109396018393,0.999580341370701,0.00843089682946019,0.406322643547444,0.137001627473892,0.0186581006283235,1.72913256898303,0.013392110888316,1,TRUE,FALSE,TRUE,TRUE,TRUE,FALSE,"weak_effect",-0.428432675761072,0.185065199868724,-2.31503640914111,FALSE,FALSE,1.68590220935652,1,0.013392110888316,FALSE,FALSE,399.622866166737,363.099809581001,517.952854475793,390.770573153738,310.170861105368,577.25779380286,491.406166994043,584.166262310989,603.8705217085,419.594600332409,0.0263896946157363,0.0748984339307512,0.038863793079148,9,FALSE,0.000182293680221713,2.07412622521283
"RT8_ZT14_raw_dataset","126568","Asmtl",113.348493073727,0.051890625200737,"upregulated",0.734573675787826,0.0385118128503441,0.0385118128503441,0.999580341370701,0.0185348735090587,0.528819770760059,0.0898751011329961,0.0186581006283235,1.72913256898303,0.0113142629512108,1,TRUE,FALSE,TRUE,TRUE,TRUE,FALSE,"weak_effect",0.395991654785896,0.191358983286343,2.06936537802015,FALSE,FALSE,1.41440603753488,1,0.0113142629512108,FALSE,FALSE,144.489049330644,132.841393749147,104.740157995105,134.370232172162,128.840203843768,90.4138713185203,89.4927261592204,112.716644573429,86.6061848422799,108.974466752998,0.00822494565391781,0.117757983242711,0.0349804037594872,9,FALSE,0.000182293680221713,1.7320103734599
"RT8_ZT14_raw_dataset","130479","Pebp1",3841.89648364103,0.231855973579186,"upregulated",0.362017079505486,0.00837840998958849,0.00837840998958849,0.817473138787002,0.00269959359917382,0.256364433874497,0.595568812680348,0.0186581006283235,1.72913256898303,0.00573392476229784,1,TRUE,FALSE,TRUE,TRUE,TRUE,FALSE,"weak_effect",0.435243974514796,0.165088542359584,2.63642750910466,FALSE,FALSE,2.07683839166406,1,0.00573392476229784,FALSE,FALSE,4619.74446913925,3641.21666455995,3655.04831832918,4494.54715367702,5678.51268792905,3061.32095066939,2891.6332356596,3286.42529786702,3225.78378885149,3864.73226972836,0.0240924244456185,0.0627856184101069,0.0324651880566047,9,FALSE,0.0875265088428941,2.56870161025608
"RT8_ZT14_raw_dataset","149873","Dcaf8",320.393916108227,-0.0676922563728864,"downregulated",0.546517561440515,0.0110186485012474,0.0110186485012474,0.880125009779385,0.00381952956805121,0.294399778612973,0.163679207355715,0.0186581006283235,1.72913256898303,0.0856782744378471,1,TRUE,FALSE,TRUE,TRUE,TRUE,FALSE,"weak_effect",-0.53893181876237,0.212002032798275,-2.54210684515075,FALSE,FALSE,1.9578716708604,1,0.0856782744378471,FALSE,FALSE,204.367394098299,347.431337497768,311.027176485464,253.658091345409,184.51189686268,423.090551682819,366.545058041358,383.236591549659,421.167063274101,308.904000244718,0.0387762734295837,0.081153716167852,0.0506340189927082,9,FALSE,0.0554556378480868,2.41799012362772
"RT8_ZT14_raw_dataset","153462","Cops4",325.861390225822,0.283046812273094,"upregulated",0.236500809795885,0.00360303717450211,0.00360303717450211,0.667319442515521,0.000924883088001538,0.166750082679078,0.858739449159704,0.0186581006283235,1.72913256898303,0.000588847967905404,1,TRUE,FALSE,TRUE,TRUE,TRUE,FALSE,"weak_effect",0.409700532206383,0.140743441178133,2.91097424346646,FALSE,FALSE,2.44333125700098,1,0.000588847967905404,FALSE,FALSE,384.002428401262,320.181820831277,384.473018982031,382.543824245238,388.111231331845,302.538723258126,244.899256615352,288.16255221381,263.377712808029,300.323333571254,0.00556635257997636,0.0808174867864764,0.0206380054766818,9,FALSE,0.175666221688719,3.03391316179587
"RT8_ZT14_raw_dataset","176253","Prmt5",93.3944220929918,-0.0440078490529848,"downregulated",0.734573675787826,0.0293669389031023,0.0293669389031023,0.999580341370701,0.0131762186268187,0.474740144820531,0.08274396300198,0.0186581006283235,1.72913256898303,0.0891167433989949,1,TRUE,FALSE,TRUE,TRUE,TRUE,FALSE,"weak_effect",-0.503079453620586,0.230926589100372,-2.17852545945639,FALSE,FALSE,1.53214132030647,1,0.0891167433989949,FALSE,FALSE,101.532845475588,64.0363641662554,68.9752259967763,80.8963642669141,71.5778910243157,134.461654781389,88.9568415714407,127.418815604746,100.842817967038,95.2454000754548,0.0241993598208768,0.129860088209686,0.0526893981696418,10,FALSE,0.000182293680221713,1.88020920773378
"RT8_ZT14_raw_dataset","189134","Pnma2",134.943880867735,0.0444280138329866,"upregulated",0.734573675787826,0.0360018825882549,0.0360018825882549,0.999580341370701,0.0170283533878339,0.516032091969588,0.0785854857753004,0.0186581006283235,1.72913256898303,0.0521691148898,1,TRUE,FALSE,TRUE,TRUE,TRUE,FALSE,"weak_effect",0.461114123437378,0.219902125750834,2.09690616615437,FALSE,FALSE,1.44367478877955,1,0.0521691148898,FALSE,FALSE,171.824815420226,120.579111249226,164.774150992299,148.081480352995,176.558797859979,89.254719122129,90.56449533478,107.815920896323,143.552717341313,136.432600108084,0.0289373131654783,0.108693184776332,0.050424718582729,6,FALSE,0.000182293680221713,1.76882734552839
"RT8_ZT14_raw_dataset","203672","Tkt",1045.23740108483,0.0982273289770675,"upregulated",0.602275243614331,0.0169684592845513,0.0169684592845513,0.980932907335515,0.00659481879476664,0.369572135733925,0.214213877417742,0.0186581006283235,1.72913256898303,0.00280077678421744,1,TRUE,FALSE,TRUE,TRUE,TRUE,FALSE,"weak_effect",0.393178275923237,0.164689557420997,2.38739044588087,FALSE,FALSE,1.7703575893025,1,0.00280077678421744,FALSE,FALSE,1116.86130023147,1174.45416832579,1102.96495644845,1139.40472382721,1402.92666407659,653.761838764685,983.348218575865,839.984038255902,1032.15590154498,1006.51220079737,0.0195086048486588,0.0672570338328283,0.0315877703334886,9,FALSE,0.00836069595380409,2.18079713302347
"RT8_ZT14_raw_dataset","214275","Txndc15",460.251503828498,0.07537563529511,"upregulated",0.734573675787826,0.0371220227382313,0.0371220227382313,0.999580341370701,0.0176975372842343,0.521903217210126,0.132064683082641,0.0186581006283235,1.72913256898303,8.85818488617553e-05,1,TRUE,FALSE,TRUE,TRUE,TRUE,FALSE,"weak_effect",0.305179411070435,0.146409782890972,2.08441953156706,FALSE,FALSE,1.43036836757929,1,8.85818488617553e-05,FALSE,FALSE,511.569336819308,507.522247913407,523.700789975524,507.316182690817,494.682757968049,322.244310596777,430.31532398715,383.236591549659,435.403696398859,486.523800385431,0.00876833578672007,0.0750643421652078,0.0235230671124697,9,FALSE,0.000182293680221713,1.75208716404953
"RT8_ZT14_raw_dataset","223806","Sptlc1",79.8244504303941,-0.0523513263879655,"downregulated",0.669864253572742,0.0207957013138972,0.0207957013138972,0.999580341370701,0.00852641519054576,0.408121399086403,0.108327119554827,0.0186581006283235,1.72913256898303,0.0770626283179297,1,TRUE,FALSE,TRUE,TRUE,TRUE,FALSE,"weak_effect",-0.508108892274744,0.219801354303128,-2.31167316455207,FALSE,FALSE,1.68202642891194,1,0.0770626283179297,FALSE,FALSE,54.6715321791627,69.4862674995537,68.3365664968062,65.8139912679979,71.5778910243157,100.846241086042,116.286955548209,91.1534603941644,85.4197987485501,74.6518000591402,0.0125812714521139,0.141546687599653,0.044904390490067,10,FALSE,0.000182293680221713,2.06923352336931
"RT8_ZT14_raw_dataset","229093","Atp5f1c",1465.14322748697,0.0574103092539928,"upregulated",0.602275243614331,0.0188075157120504,0.0188075157120504,0.996207754353889,0.00751035238392417,0.387839380320545,0.121958998306539,0.0186581006283235,1.72913256898303,0.0654770815596727,1,TRUE,FALSE,TRUE,TRUE,TRUE,FALSE,"weak_effect",0.502174897931891,0.213752902515581,2.34932434611168,FALSE,FALSE,1.7256685666932,1,0.0654770815596727,FALSE,FALSE,1890.07296962248,1540.9601674901,1304.78135843902,1417.74306189812,2436.82953442781,971.369540575897,1009.07067878929,1382.9842216792,1199.43634076089,1498.18440118688,0.0525277742206572,0.0654965867714296,0.054166366182648,7,FALSE,0.00165008209771492,2.12433968552533
"RT8_ZT14_raw_dataset","233214","Celf4",339.342997609371,0.0686328922873254,"upregulated",0.734573675787826,0.0289132550592481,0.0289132550592481,0.999580341370701,0.0129202728783171,0.471436757412433,0.129628886926013,0.0186581006283235,1.72913256898303,0.00246632867189861,1,TRUE,FALSE,TRUE,TRUE,TRUE,FALSE,"weak_effect",0.369545239850375,0.169154018441878,2.18466722371926,FALSE,FALSE,1.53890301262917,1,0.00246632867189861,FALSE,FALSE,374.890506371401,391.030564164155,408.742079980897,292.049586251741,445.373544151298,252.6951788133,282.411177759935,277.380960124178,348.797511556579,320.058866920222,0.0155489445619167,0.0800347135473393,0.0313393908659415,10,FALSE,0.000182293680221713,1.88872831387221
"RT8_ZT14_raw_dataset","245684","Phax",122.535897107893,-0.0613351686009998,"downregulated",0.602275243614331,0.0186162069736403,0.0186162069736403,0.99577938738752,0.00741399174838087,0.386052905942291,0.130640713660088,0.0186581006283235,1.72913256898303,0.0392284290318788,1,TRUE,FALSE,TRUE,TRUE,TRUE,FALSE,"weak_effect",-0.475228719019892,0.201956140093454,-2.35312835153209,FALSE,FALSE,1.7301088012399,1,0.0392284290318788,FALSE,FALSE,97.6277360342191,100.823211666019,98.9922224953735,128.885732899829,85.8934692291788,177.350286047867,125.932878128244,149.962144519432,117.452223279256,142.439066779509,0.0134031070853352,0.113511007085213,0.0403929358072574,7,FALSE,0.00183686785420204,2.12994790166694
"RT8_ZT14_raw_dataset","249847","Herpud1",199.003550247812,-0.0725090725485395,"downregulated",0.669864253572742,0.023103951115733,0.023103951115733,0.999580341370701,0.00973767706904516,0.428971045389606,0.145855235661804,0.0186581006283235,1.72913256898303,0.00509328422795276,1,TRUE,FALSE,TRUE,TRUE,TRUE,FALSE,"weak_effect",-0.395969467876863,0.17430448216579,-2.27171133499732,FALSE,FALSE,1.63631374300718,1,0.00509328422795276,FALSE,FALSE,171.824815420226,162.134624165625,179.463319491613,201.555348258244,143.155782048631,235.307895867431,221.856219340822,247.976618061544,249.141079683271,177.619800140713,0.0109072511255519,0.0933774878015338,0.0312377617282253,8,FALSE,0.000182293680221713,2.01154463207573
"RT8_ZT14_raw_dataset","254580","Klhdc4",99.7423253491587,0.290741244884175,"upregulated",0.362017079505486,0.00600847648487149,0.00600847648487149,0.796378476551716,0.00177076872128312,0.222329806286684,0.800072851767503,0.0186581006283235,1.72913256898303,0.0196517703961521,1,TRUE,FALSE,TRUE,TRUE,TRUE,FALSE,"weak_effect",0.484860971288686,0.176485173204741,2.74731844315441,FALSE,FALSE,2.22123563416883,1,0.0196517703961521,FALSE,FALSE,113.248173799694,111.723018332616,119.429326494418,120.658983991329,117.705865239986,82.2998059437813,88.4209569836609,89.1931709233221,72.3695517175216,82.3744000652582,1e-08,0.125484907819779,0.0272101451556568,9,FALSE,0.0988804860142116,2.75183815796838
"RT8_ZT14_raw_dataset","254659","Aprt",288.30942808779,-0.0467784555123152,"downregulated",0.669864253572742,0.0279166519561042,0.0279166519561042,0.999580341370701,0.012361629200583,0.464422247318984,0.0892497514104981,0.0186581006283235,1.72913256898303,0.0718538255527423,1,TRUE,FALSE,TRUE,TRUE,TRUE,FALSE,"weak_effect",-0.491051327294975,0.223361944135863,-2.1984556464833,FALSE,FALSE,1.55413666786037,1,0.0718538255527423,FALSE,FALSE,171.824815420226,277.263832081552,240.135971988777,207.039847530577,302.217762102666,304.857027650908,296.344177042209,302.864723245127,296.596523432466,483.949600383392,0.0455334433470691,0.0833837841410562,0.0562223098549963,9,FALSE,0.000182293680221713,1.90792428764566
"RT8_ZT14_raw_dataset","257737","Nacc1",210.589957436059,0.194142722535041,"upregulated",0.546517561440515,0.010638768078534,0.010638768078534,0.86440724746997,0.00365356092571933,0.288356961023624,0.473180882642028,0.0186581006283235,1.72913256898303,0.0007667807106239,1,TRUE,FALSE,TRUE,TRUE,TRUE,FALSE,"weak_effect",0.382955106905456,0.149922996187493,2.55434534156811,FALSE,FALSE,1.97310865847611,1,0.0007667807106239,FALSE,FALSE,249.927004247601,222.083560831907,274.623584987165,211.153221984827,232.230490878891,191.260112404562,179.521336906221,171.525328698696,193.380933277968,180.194000142752,0.00369060306350772,0.0916024140645254,0.0221587879460486,11,FALSE,0.063281600508115,2.43728364608992
"RT8_ZT14_raw_dataset","258660","Tmem208",196.071170558515,0.0591872305268062,"upregulated",0.734573675787826,0.0351806903277525,0.0351806903277525,0.999580341370701,0.0165410695745627,0.511548726630496,0.105438287564157,0.0186581006283235,1.72913256898303,0.00558641746211243,1,TRUE,FALSE,TRUE,TRUE,TRUE,FALSE,"weak_effect",0.380301891796753,0.180556834546734,2.10627248063722,FALSE,FALSE,1.45369564291744,1,0.00558641746211243,FALSE,FALSE,244.720191659109,238.433270831802,187.765892991224,237.204593528409,202.008714668624,158.803850905606,176.841913967322,136.240118223536,168.46682530964,210.226333499878,0.0146159548051687,0.0938600038130948,0.0339356436741187,10,FALSE,0.000182293680221713,1.78143641163279
"RT8_ZT14_raw_dataset","272046","Sec62",706.993160562513,0.35404451843961,"upregulated",0.181425508733462,0.00142618713470841,0.00142618713470841,0.526970470606448,0.000284365873334469,0.101325925416814,1.25548524146815,0.0186581006283235,1.72913256898303,0.00327374916470627,1,TRUE,FALSE,TRUE,TRUE,TRUE,FALSE,"weak_effect",0.467698096077719,0.146646088906274,3.18929812288849,FALSE,FALSE,2.84582348553672,1,0.00327374916470627,FALSE,FALSE,834.391717305792,782.742366244972,800.87901296257,707.500406130977,979.821797132855,497.276292251861,645.205043686835,612.590459638201,656.071509832614,553.453000438453,0.0119641198411705,0.0701958089161472,0.0243616570806144,10,FALSE,0.278213720294063,3.54612252436922
"RT8_ZT14_raw_dataset","279393","Ahcyl1",595.919571065831,0.310683040235012,"upregulated",0.236500809795885,0.00342859281717012,0.00342859281717012,0.667319442515521,0.000868340911507781,0.163608104397202,0.951097016160501,0.0186581006283235,1.72913256898303,0.00404022441761791,1,TRUE,FALSE,TRUE,TRUE,TRUE,FALSE,"weak_effect",0.451976382858112,0.154445501234422,2.92644576401153,FALSE,FALSE,2.46488408903391,1,0.00404022441761791,FALSE,FALSE,695.10948056364,617.201552496036,558.188402973912,740.407401764976,835.075395283683,457.865117574558,497.8367820474,486.151788768877,575.397255458983,495.962533726242,0.013808992267098,0.0718884857026839,0.0269090595911495,6,FALSE,0.175666221688719,3.06130973689796
"RT8_ZT14_raw_dataset","282505","Rap1gds1",532.217706455103,0.101552945086271,"upregulated",0.734573675787826,0.0303908890947873,0.0303908890947873,0.999580341370701,0.0137575553363065,0.48194362817219,0.189036616357943,0.0186581006283235,1.72913256898303,1.59669812767674e-06,1,TRUE,FALSE,TRUE,TRUE,TRUE,FALSE,"weak_effect",0.273381746569273,0.12627576404489,2.16495816625658,FALSE,FALSE,1.51725659431585,1,1.59669812767674e-06,FALSE,FALSE,553.223837527241,587.908322079557,539.028617974808,575.872423594982,656.925977623164,453.228508788993,432.994746926049,499.873815064772,522.009881241139,501.110933730321,0.00412030941698366,0.0731780448590825,0.017230446204456,8,FALSE,0.000182293680221713,1.86145873167296
"RT8_ZT14_raw_dataset","300139","LOC100911992",1509.77692887688,-0.0702046329860283,"downregulated",0.669864253572742,0.0231022469144483,0.0231022469144483,0.999580341370701,0.00973677088646041,0.428956688777796,0.141222590095698,0.0186581006283235,1.72913256898303,0.00346919586227153,1,TRUE,FALSE,TRUE,TRUE,TRUE,FALSE,"weak_effect",-0.386522983883504,0.170144058438428,-2.27173953314026,FALSE,FALSE,1.63634577876194,1,0.00346919586227153,FALSE,FALSE,1353.77127300784,1129.49246582608,1175.13347994508,1513.72179916395,1374.29550766686,2216.29899950014,1691.78764362071,1671.14677389301,1301.46554482166,1670.65580132352,0.0245585613576325,0.065367037155563,0.0340703636135685,9,FALSE,0.000182293680221713,2.01158504914915
"RT8_ZT14_raw_dataset","315591","Slc39a7",226.913002978336,-0.258364832145176,"downregulated",0.362017079505486,0.00757731620511721,0.00757731620511721,0.817473138787002,0.00237665298831469,0.246585841569225,0.67795816191889,0.0186581006283235,1.72913256898303,0.0498197543105552,1,TRUE,FALSE,TRUE,TRUE,TRUE,FALSE,"weak_effect",-0.519054741364721,0.194377349079822,-2.67034581869706,FALSE,FALSE,2.12048458905093,1,0.0498197543105552,FALSE,FALSE,134.075424153661,194.152806248753,180.101978991583,218.008846075243,206.780574070245,301.379571061734,265.798755538762,203.870104967593,258.63216843311,306.329800242679,0.0229472306534468,0.0894092544265005,0.0406763265080409,10,FALSE,0.0875265088428941,2.62403422435583
"RT8_ZT14_raw_dataset","315814","Pacsin1",110.466148591598,-0.0541591914443536,"downregulated",0.669864253572742,0.0236319801682896,0.0236319801682896,0.999580341370701,0.01001926765247,0.4333508990877,0.108273106974173,0.0186581006283235,1.72913256898303,0.0444413023597575,1,TRUE,FALSE,TRUE,TRUE,TRUE,FALSE,"weak_effect",-0.471863039648712,0.208506625274998,-2.26306017387397,FALSE,FALSE,1.62649988648736,1,0.0444413023597575,FALSE,FALSE,88.5158140043586,94.6920704160585,77.9164589963585,112.43223508283,89.0747088302596,161.122155298389,108.248686731512,131.33939454643,134.061628591474,107.258333418305,0.0162715919790559,0.119235957988515,0.0426659990975019,9,FALSE,0.000182293680221713,1.999164021594
"RT8_ZT14_raw_dataset","317090","Prmt2",221.1524158277,0.0582223469020858,"upregulated",0.669864253572742,0.0199714896144498,0.0199714896144498,0.999580341370701,0.00810202033920326,0.399935714660456,0.12176660470671,0.0186581006283235,1.72913256898303,0.0429193895960306,1,TRUE,FALSE,TRUE,TRUE,TRUE,FALSE,"weak_effect",0.476931021987779,0.204965616242605,2.32688306814966,FALSE,FALSE,1.69958954117793,1,0.0429193895960306,FALSE,FALSE,262.94403571883,232.302129581841,276.539563487075,279.709462888991,235.411730479972,147.212328941693,173.626606440643,272.480236447072,170.8395974971,160.458466793784,0.0296107745065732,0.0901462786682841,0.0457786041173914,7,FALSE,0.000182293680221713,2.09140667090402
"RT8_ZT14_raw_dataset","321341","Dpp7",150.294292295052,0.0521553153700496,"upregulated",0.669864253572742,0.025207425489296,0.025207425489296,0.999580341370701,0.0108689172222711,0.445651251547807,0.102423323833201,0.0186581006283235,1.72913256898303,0.048132390207111,1,TRUE,FALSE,TRUE,TRUE,TRUE,FALSE,"weak_effect",0.47315369673436,0.211398348081375,2.23820905427429,FALSE,FALSE,1.59847150786928,1,0.048132390207111,FALSE,FALSE,143.187346183521,175.759382498871,203.732380490478,204.29759789441,144.746401849172,107.80115426439,122.181686013786,106.835776160902,170.8395974971,123.561600097887,0.0251997607329338,0.103833697728583,0.0468198320786536,10,FALSE,0.000182293680221713,1.96381371882219
"RT8_ZT14_raw_dataset","322106","Sh3glb2",815.139574845589,-0.245518247114396,"downregulated",0.362017079505486,0.00796441073587537,0.00796441073587537,0.817473138787002,0.00253163043419935,0.251494824663614,0.637512604852348,0.0186581006283235,1.72913256898303,0.0152764634789701,1,TRUE,FALSE,TRUE,TRUE,TRUE,FALSE,"weak_effect",-0.466801935717404,0.175914366195372,-2.65357483765123,FALSE,FALSE,2.09884635088917,1,0.0152764634789701,FALSE,FALSE,748.47930959568,707.124957495458,678.895048468271,682.820159405478,602.844904404792,1308.68282972576,857.415340447621,978.18444595028,788.946752330358,798.002000632189,0.0251953186873587,0.0689909643426084,0.0358602093052649,9,FALSE,0.0875265088428941,2.59659969205998
"RT8_ZT14_raw_dataset","323897","Rpl35",3629.76047439666,0.431398264290539,"upregulated",0.0395226683403388,7.39416675103842e-05,7.39416675103842e-05,0.194411129301678,6.48855665930093e-06,0.0151243857685728,2.23803030448335,0.0186581006283235,1.72913256898303,0.0013818687057516,1,TRUE,FALSE,TRUE,TRUE,TRUE,TRUE,"weak_effect",0.502591185526516,0.126813445723541,3.96323262615375,FALSE,FALSE,4.13111075957313,1,0.0013818687057516,FALSE,FALSE,4688.73473593676,4111.95206497359,3922.64664881667,3760.99537600246,4795.71869862915,2961.63386177973,2908.24565788077,3432.46686344477,2965.96523432465,2749.24560217799,0.00916353178760393,0.0628832874370314,0.0190281999674025,6,FALSE,0.711278876981984,5.18785189867171
"RT8_ZT14_raw_dataset","333041","Gatm",120.415224522381,-0.054800174677221,"downregulated",0.602275243614331,0.0163024056158537,0.0163024056158537,0.974161362851894,0.00626938133752475,0.362305638448073,0.120712471939629,0.0186581006283235,1.72913256898303,0.0997904533012254,1,TRUE,FALSE,TRUE,TRUE,TRUE,FALSE,"weak_effect",-0.535295005761257,0.2228469992102,-2.40207410312194,FALSE,FALSE,1.7877483054976,1,0.0997904533012254,FALSE,FALSE,83.309001415867,94.0108324993962,123.899942994209,105.576610992413,82.7122296280982,193.578416797345,146.296492463875,133.299684017273,122.197767654176,119.271266761155,0.0271981966174495,0.114433780300876,0.0508258312898883,10,FALSE,0.0113690993926379,2.20277531322917
"RT8_ZT14_raw_dataset","339749","Arfrp1",106.711489782998,0.0454707458048104,"upregulated",0.734573675787826,0.0365627895526531,0.0365627895526531,0.999580341370701,0.017362801500054,0.519006361727509,0.0800458005844764,0.0186581006283235,1.72913256898303,0.042022265689238,1,TRUE,FALSE,TRUE,TRUE,TRUE,FALSE,"weak_effect",0.449243391212219,0.214885987674709,2.09061277598183,FALSE,FALSE,1.43696067724051,1,0.042022265689238,FALSE,FALSE,113.248173799694,115.810445832589,148.807663493045,126.143483263663,109.752766237284,88.0955669257377,80.9185727547442,109.776210367166,106.774748435688,67.7872667203687,0.0187764041598241,0.121280971468326,0.0458581767682064,9,FALSE,0.000182293680221713,1.76038019979009
"RT8_ZT14_raw_dataset","352761","Slc20a1",351.00504714544,0.236118144942866,"upregulated",0.362017079505486,0.00833673484272124,0.00833673484272124,0.817473138787002,0.00268258448065417,0.255890917951218,0.607165199177215,0.0186581006283235,1.72913256898303,0.0101413897598582,1,TRUE,FALSE,TRUE,TRUE,TRUE,FALSE,"weak_effect",0.451891144421196,0.171292941397608,2.63811888997959,FALSE,FALSE,2.07900401140621,1,0.0101413897598582,FALSE,FALSE,335.839411957714,390.349326247493,436.204438479613,375.688200154821,488.320278765887,272.400766151952,260.975794248745,279.34124959502,374.898005618636,296.033000234522,0.0172133046312252,0.0794060927847436,0.0322933644572298,6,FALSE,0.0875265088428941,2.5714465922309
"RT8_ZT14_raw_dataset","377785","Eno2",2875.49781152872,-0.049419596083063,"downregulated",0.734573675787826,0.0352976733081986,0.0352976733081986,0.999580341370701,0.0166103124968573,0.51219699181307,0.0879482101515168,0.0186581006283235,1.72913256898303,0.0381180429899328,1,TRUE,FALSE,TRUE,TRUE,TRUE,FALSE,"weak_effect",-0.446229466259654,0.211992858353631,-2.10492688161828,FALSE,FALSE,1.45225392075135,1,0.0381180429899328,FALSE,FALSE,2473.23597953355,2447.68783456761,2765.39563487076,2664.09552153583,1818.07843201762,4495.1922176054,2246.96407656055,3883.33344173849,2703.77390761036,3257.22106924708,0.0477616093430785,0.06334726576336,0.0536086856304951,9,FALSE,0.000182293680221713,1.77962219690537
"RT8_ZT14_raw_dataset","378386","-",266.480783364732,-0.0633148964185571,"downregulated",0.734573675787826,0.0320494381187192,0.0320494381187192,0.999580341370701,0.014709694962374,0.492916491368594,0.116017984035754,0.0186581006283235,1.72913256898303,0.00361233648923436,1,TRUE,FALSE,TRUE,TRUE,TRUE,FALSE,"weak_effect",-0.373779951012502,0.174354458470929,-2.14379347847204,FALSE,FALSE,1.49417958000098,1,0.00361233648923436,FALSE,FALSE,223.892941305142,233.664605415166,271.430287487314,234.462343892243,194.055615665923,296.742962276169,307.597753385584,277.380960124178,378.457163899826,247.123200195775,0.0154779130200425,0.0852079659645182,0.032589733737877,10,FALSE,0.000182293680221713,1.83239633322294
"RT8_ZT14_raw_dataset","381327","Prkag2",192.034598614135,-0.0536830685764433,"downregulated",0.669864253572742,0.0191553230724798,0.0191553230724798,0.999580341370701,0.00768618708943625,0.391402861763064,0.113501523985531,0.0186581006283235,1.72913256898303,0.0799289632967237,1,TRUE,FALSE,TRUE,TRUE,TRUE,FALSE,"weak_effect",-0.513907300704505,0.219384647273171,-2.34249436818887,FALSE,FALSE,1.71771051883559,1,0.0799289632967237,FALSE,FALSE,122.360095829555,120.579111249226,217.144229989851,190.586349713577,138.38392264701,237.626200260214,200.956720417411,246.996473326123,243.209149214622,202.50373349376,0.0365071064543452,0.0945483161699928,0.0522530012858506,8,FALSE,0.000182293680221713,2.1142890485835
"RT8_ZT14_raw_dataset","394497","Mgll",222.648436677106,-0.246569853162708,"downregulated",0.362017079505486,0.00751971409312241,0.00751971409312241,0.817473138787002,0.00235376715315505,0.245823725084199,0.648043888382039,0.0186581006283235,1.72913256898303,0.00706804352606203,1,TRUE,FALSE,TRUE,TRUE,TRUE,FALSE,"weak_effect",-0.444264512029663,0.166210252240226,-2.67290679149901,FALSE,FALSE,2.12379867139502,1,0.00706804352606203,FALSE,FALSE,187.445253185701,168.265765415586,194.152487990926,208.41097234866,184.51189686268,318.766854007604,219.712680989703,237.195025971912,242.022763120892,266.000666877396,0.0104128547024023,0.0899512078073566,0.0284494586526466,9,FALSE,0.0875265088428941,2.62823650202852
"RT8_ZT14_raw_dataset","398298","Slc25a18",179.807611825295,-0.417829868078212,"downregulated",0.236500809795885,0.00166604697234731,0.00166604697234731,0.554052088236107,0.000346634763702003,0.111763360969571,1.44574477748022,0.0186581006283235,1.72913256898303,0.0566859136968744,1,TRUE,FALSE,TRUE,TRUE,TRUE,FALSE,"weak_effect",-0.566581081220072,0.180205159922638,-3.14408911189504,FALSE,FALSE,2.77831275830518,1,0.0566859136968744,FALSE,FALSE,130.170314712292,118.535397499239,164.135491492329,154.937104443412,157.471360253495,246.899417831344,197.205528302953,198.969381290488,188.635388903048,241.116733524349,0.0126816087125485,0.0968218319904116,0.0330530517189903,9,FALSE,0.256449403917575,3.46012788441824
"RT8_ZT14_raw_dataset","398480","Necap1",288.954010751132,0.050150982540127,"upregulated",0.734573675787826,0.0377493823434051,0.0377493823434051,0.999580341370701,0.0180745597333742,0.525074185924913,0.0874097659720754,0.0186581006283235,1.72913256898303,0.0151893257580259,1,TRUE,FALSE,TRUE,TRUE,TRUE,FALSE,"weak_effect",0.406439514227253,0.19563257287704,2.0775656540729,FALSE,FALSE,1.42309014991679,1,0.0151893257580259,FALSE,FALSE,387.907537842631,277.945069998215,291.228731986389,287.936211797491,405.608049137789,186.623503618997,276.516447294358,292.083131155494,225.413357808674,258.278066871278,0.0273836631406182,0.0833341069373739,0.0423975710309083,7,FALSE,0.000182293680221713,1.74293227260576
"RT8_ZT14_raw_dataset","416124","Sh3bgrl3",215.274351317863,-0.0596725227500736,"downregulated",0.669864253572742,0.0211336778345931,0.0211336778345931,0.999580341370701,0.00870170673927828,0.411359317530155,0.122949000759959,0.0186581006283235,1.72913256898303,0.0319821220185764,1,TRUE,FALSE,TRUE,TRUE,TRUE,FALSE,"weak_effect",-0.460832725865131,0.199876462636416,-2.30558776049286,FALSE,FALSE,1.67502491732168,1,0.0319821220185764,FALSE,FALSE,161.411190243242,179.846809998845,196.068466490836,200.18422344016,167.015079056737,340.790745739038,262.583448012084,208.770828644699,245.581921402081,190.49080015091,0.0259329314127476,0.090938992549843,0.0430677057336402,7,FALSE,0.000182293680221713,2.06039555717974
"RT8_ZT14_raw_dataset","416443","Nipal3",158.195969484954,-0.0633465803042771,"downregulated",0.669864253572742,0.0255768114923026,0.0255768114923026,0.999580341370701,0.0110701326373674,0.448379147631055,0.12389623017003,0.0186581006283235,1.72913256898303,0.010730132578101,1,TRUE,FALSE,TRUE,TRUE,TRUE,FALSE,"weak_effect",-0.41266003008856,0.184835692563245,-2.23257761726599,FALSE,FALSE,1.59215359737141,1,0.010730132578101,FALSE,FALSE,135.377127300784,134.203869582471,141.782408993374,149.452605171079,116.115245439445,201.692482172084,172.554837265084,203.870104967593,192.194547184238,134.716466773391,0.0122689791389284,0.101699928372706,0.0344244160320639,8,FALSE,0.000182293680221713,1.95584717556828
"RT8_ZT14_raw_dataset","424776","Ccdc107",85.927669128639,0.268954327225346,"upregulated",0.362017079505486,0.00746256700086064,0.00746256700086064,0.817473138787002,0.00233110785541646,0.245059172658955,0.708005492312198,0.0186581006283235,1.72913256898303,0.0593100426177904,1,TRUE,FALSE,TRUE,TRUE,TRUE,FALSE,"weak_effect",0.529072354915668,0.197749684479521,2.67546497638259,FALSE,FALSE,2.12711175663665,1,0.0593100426177904,FALSE,FALSE,114.549876946817,90.6046429160847,98.3535629954033,105.576610992413,100.209047434042,63.7533708015207,77.7032652280656,59.7888288606885,72.3695517175216,76.3679333938331,1e-08,0.135833795041209,0.0350358674076817,10,FALSE,0.0875265088428941,2.63243763212997
"RT8_ZT14_raw_dataset","434359","Yars1",199.135256990434,-0.0403985809809487,"downregulated",0.734573675787826,0.0370804103348768,0.0370804103348768,0.999580341370701,0.017672585812637,0.521689971471871,0.0708065888802427,0.0186581006283235,1.72913256898303,0.0903443066730827,1,TRUE,FALSE,TRUE,TRUE,TRUE,FALSE,"weak_effect",-0.492956062807948,0.23644364412536,-2.08487762329778,FALSE,FALSE,1.43085546856242,1,0.0903443066730827,FALSE,FALSE,152.299268213382,173.034430832222,191.597849991045,128.885732899829,179.740037461059,301.379571061734,213.282065936346,306.785302186811,183.889844528129,160.458466793784,0.0492863684988919,0.0933561492410521,0.0617974860612635,9,FALSE,0.000182293680221713,1.75269990086122
"RT8_ZT14_raw_dataset","440623","Nrbp1",235.678481357322,0.0465289207521066,"upregulated",0.734573675787826,0.038684448691854,0.038684448691854,0.999580341370701,0.01863942075393,0.529651885909907,0.0804749132412231,0.0186581006283235,1.72913256898303,0.0305620623595636,1,TRUE,FALSE,TRUE,TRUE,TRUE,FALSE,"weak_effect",0.431717716435269,0.208808664732782,2.06752778668332,FALSE,FALSE,1.41246358807333,1,0.0305620623595636,FALSE,FALSE,238.211675923495,195.515282082078,337.85087548421,312.61645852299,268.814746291319,192.419264600953,178.985452318441,261.69864435744,192.194547184238,178.477866808059,0.0337259823900451,0.088356899106275,0.0479868203400566,9,FALSE,0.000182293680221713,1.72956758808079
"RT8_ZT14_raw_dataset","442005","Trib2",241.568003659586,-0.108842502499786,"downregulated",0.392173333399916,0.00939090262619436,0.00939090262619436,0.832899400034546,0.00311949742912576,0.268715680940061,0.272750099700239,0.0186581006283235,1.72913256898303,0.0205383893677112,1,TRUE,FALSE,TRUE,TRUE,TRUE,FALSE,"weak_effect",-0.47235187025858,0.181849650808975,-2.59748571502491,FALSE,FALSE,2.02729266260763,1,0.0205383893677112,FALSE,FALSE,170.523112273103,184.615475415481,245.245247988538,201.555348258244,208.371193870786,265.445852973604,242.219833676453,357.75282842871,255.07301015192,284.878133559018,0.0187666411547371,0.0876927175340423,0.0353368953161904,6,FALSE,0.0794074507520023,2.50591536794897
"RT8_ZT14_raw_dataset","442212","Ywhaq",344.979103860657,-0.048106248427293,"downregulated",0.669864253572742,0.0240271424989218,0.0240271424989218,0.999580341370701,0.0102310599432764,0.436541584627702,0.0957352526025371,0.0186581006283235,1.72913256898303,0.081209350221281,1,TRUE,FALSE,TRUE,TRUE,TRUE,FALSE,"weak_effect",-0.505642035139944,0.224063086011577,-2.25669495203604,FALSE,FALSE,1.61929787591862,1,0.081209350221281,FALSE,FALSE,298.090020691149,203.690137082025,255.463799988061,320.84320743149,349.936356118877,574.939489410078,335.999636537911,415.581367818556,310.833156557224,384.413866971205,0.049330549563514,0.0797256031718314,0.0571894790093513,9,FALSE,0.000182293680221713,1.99007937081666
"RT8_ZT14_raw_dataset","446816","Sptb",170.614900686181,0.0480582622832387,"upregulated",0.669864253572742,0.0246248620258287,0.0246248620258287,0.999580341370701,0.0105531076215721,0.441231624887663,0.0949929047502989,0.0186581006283235,1.72913256898303,0.0819631420526217,1,TRUE,FALSE,TRUE,TRUE,TRUE,FALSE,"weak_effect",0.505244170734665,0.224829019301992,2.24723735531675,FALSE,FALSE,1.60862619419438,1,0.0819631420526217,FALSE,FALSE,203.065690951176,150.553579582366,228.001441489344,156.308229261495,264.042886889698,107.80115426439,127.540531891584,168.584894492433,142.366331247583,157.884266791745,0.0376492082109369,0.098745741651804,0.054626560113012,7,FALSE,0.000182293680221713,1.97661963286237
"RT8_ZT14_raw_dataset","452377","Calm2",1865.32721709479,-0.327290275387326,"downregulated",0.236500809795885,0.00182844614501705,0.00182844614501705,0.588666370626867,0.000390222449046629,0.118759940130194,1.11563035232935,0.0186581006283235,1.72913256898303,0.00204302259432177,1,TRUE,FALSE,TRUE,TRUE,TRUE,FALSE,"weak_effect",-0.451067468159851,0.14472276547833,-3.11676927032873,FALSE,FALSE,2.73791782683065,1,0.00204302259432177,FALSE,FALSE,1444.89049330644,1824.35514082162,1562.16113692699,1712.53489778603,1332.93939285281,2457.40265634953,1948.47636116722,2154.35812845563,1874.49002809318,2341.66393518843,0.0138732552446279,0.0645564507499669,0.0245855747349081,7,FALSE,0.23013077388437,3.40868774976305
"RT8_ZT14_raw_dataset","459697","Rps10l1",3084.97858884556,0.129013907626218,"upregulated",0.602275243614331,0.0167889246720222,0.0167889246720222,0.980932907335515,0.00650676585343768,0.367649839825395,0.282106302823148,0.0186581006283235,1.72913256898303,0.000296106796898266,1,TRUE,FALSE,TRUE,TRUE,TRUE,FALSE,"weak_effect",0.352253259728758,0.147306306327171,2.39129789152675,FALSE,FALSE,1.77497711946425,1,0.000296106796898266,FALSE,FALSE,3886.88559730904,2962.02246164764,3160.72586535228,3973.51972280537,3319.62352372771,2201.23002094705,2830.00650806493,2806.15437751067,2632.59074198656,3077.02706910433,0.0151785053774645,0.0631956497497488,0.025728386652679,8,FALSE,0.00836069595380409,2.18663482111148
"RT8_ZT14_raw_dataset","465538","Psmc1",161.545653521795,-0.0550824816335707,"downregulated",0.669864253572742,0.0254961258734303,0.0254961258734303,0.999580341370701,0.0110261171276254,0.447788112333862,0.107828221095474,0.0186581006283235,1.72913256898303,0.0313327684656263,1,TRUE,FALSE,TRUE,TRUE,TRUE,FALSE,"weak_effect",-0.452047769311357,0.202367012322561,-2.23380166620644,FALSE,FALSE,1.59352580543324,1,0.0313327684656263,FALSE,FALSE,145.790752477767,140.335010832432,141.143749493403,137.112481808329,116.115245439445,264.286700777213,168.803645150625,163.684170815327,155.416578278612,182.768200144792,0.0222553911203837,0.100858379690639,0.0426644560939022,10,FALSE,0.000182293680221713,1.95757739843292
"RT8_ZT14_raw_dataset","476243","Cox6c",1369.95983918688,0.0493208006391543,"upregulated",0.669864253572742,0.0233828802221612,0.0233828802221612,0.999580341370701,0.0098862232154211,0.431301548828896,0.0988867053410639,0.0186581006283235,1.72913256898303,0.0772857942167369,1,TRUE,FALSE,TRUE,TRUE,TRUE,FALSE,"weak_effect",0.50349905610562,0.222087493503261,2.26712026041317,FALSE,FALSE,1.63110199498985,1,0.0772857942167369,FALSE,FALSE,1996.81262768656,1103.60542499291,1867.44037791272,1424.59868598854,1639.9290143571,1181.17608812272,782.927382746234,1549.60882670079,1044.01976248228,1109.48020087895,0.0535041086601149,0.0658010531455749,0.0584799720179218,9,FALSE,0.000182293680221713,2.004969588076
"RT8_ZT14_raw_dataset","481274","Myh9",72.6286262613917,-0.0493296201616229,"downregulated",0.669864253572742,0.0224339056885576,0.0224339056885576,0.999580341370701,0.00938272040237842,0.423213415540405,0.100024251347443,0.0186581006283235,1.72913256898303,0.0929601310613588,1,TRUE,FALSE,TRUE,TRUE,TRUE,FALSE,"weak_effect",-0.517710075428413,0.226773408955696,-2.28293995231847,FALSE,FALSE,1.64909511021881,1,0.0929601310613588,FALSE,FALSE,49.464719590671,66.7613158329045,71.5298639966569,50.7316182690817,57.2623128194526,96.2096323004767,80.3826881669645,81.3520130399531,99.6564318733084,72.9356667244473,0.00935914891284179,0.149515670011363,0.0473337358770403,9,FALSE,0.000182293680221713,2.02767122511232
"RT8_ZT14_raw_dataset","485669","Atp5f1b",4462.20087557785,0.0874521759252291,"upregulated",0.669864253572742,0.0237784727514352,0.0237784727514352,0.999580341370701,0.0100976773883992,0.434542276605037,0.174535173253444,0.0186581006283235,1.72913256898303,0.000845172741013507,1,TRUE,FALSE,TRUE,TRUE,TRUE,FALSE,"weak_effect",0.356339509898409,0.15762423948484,2.26068979658857,FALSE,FALSE,1.62381604277554,1,0.000845172741013507,FALSE,FALSE,5317.45735599713,4314.96096413895,4372.90159629563,5344.64454088866,5703.96260473769,3839.11207444794,3018.63788296341,3890.19445488643,4173.70627774165,4646.43100368097,0.0190885802902755,0.0625533039875588,0.0296107093812827,9,FALSE,0.000182293680221713,1.99577850873225
"RT8_ZT14_raw_dataset","496169","Gpaa1",129.444943849819,-0.0540484062424633,"downregulated",0.669864253572742,0.022346517871634,0.022346517871634,0.999580341370701,0.00933662492082288,0.42244546210788,0.109708000215374,0.0186581006283235,1.72913256898303,0.0544523617451506,1,TRUE,FALSE,TRUE,TRUE,TRUE,FALSE,"weak_effect",-0.484961386436068,0.212290275884209,-2.28442581468302,FALSE,FALSE,1.65079014085207,1,0.0544523617451506,FALSE,FALSE,108.041361211202,106.95435291598,97.7149034954331,127.514608081746,100.209047434042,193.578416797345,176.841913967322,141.140841900642,125.756925935365,116.697066759116,0.0231812245608645,0.110714372029489,0.0459669610315176,10,FALSE,0.000182293680221713,2.02981008770582
"RT8_ZT14_raw_dataset","503803","Ntm",297.984177409832,0.493145373477023,"upregulated",0.123353000676005,0.000509486285752703,0.000509486285752703,0.373914371364045,7.65146366938918e-05,0.0528597463168683,2.02991234577542,0.0186581006283235,1.72913256898303,0.0869981711702875,1,TRUE,FALSE,TRUE,TRUE,TRUE,TRUE,"weak_effect",0.616032111977552,0.177238768616924,3.47571875377343,FALSE,FALSE,3.29286750174997,1,0.0869981711702875,FALSE,FALSE,466.009726670006,353.562478747729,346.792108483792,283.822837343241,351.526975919417,243.42196124217,194.526105364054,236.21488123649,264.564098901759,239.400600189657,0.0181525990399158,0.0826607583908554,0.0342030822390429,6,FALSE,0.427227842457022,4.11625547952138
"RT8_ZT14_raw_dataset","511134","-",247.258231326235,0.354819237640488,"upregulated",0.236500809795885,0.00245327424761093,0.00245327424761093,0.645027131553104,0.000567293455134621,0.140609872874118,1.15181145116981,0.0186581006283235,1.72913256898303,0.0140865432896089,1,TRUE,FALSE,TRUE,TRUE,TRUE,FALSE,"weak_effect",0.496892703765212,0.164042647022418,3.02904587791312,FALSE,FALSE,2.61025389999312,1,0.0140865432896089,FALSE,FALSE,339.744521399082,303.15087291472,261.211735487792,297.534085524074,244.955449283214,239.944504652996,206.851450882989,173.485618169539,204.058408121536,201.645666826413,0.00971550471723358,0.0870810638909294,0.0281397503058564,8,FALSE,0.19042201740197,3.24619222686244
"RT8_ZT14_raw_dataset","521030","Thy1",1312.19132656862,-0.0812834180548193,"downregulated",0.669864253572742,0.0278395237293931,0.0278395237293931,0.999580341370701,0.0123186037474454,0.463925295293569,0.155205689024458,0.0186581006283235,1.72913256898303,0.000933995942220606,1,TRUE,FALSE,TRUE,TRUE,TRUE,FALSE,"weak_effect",-0.351873937792516,0.159976123524648,-2.19954034414581,FALSE,FALSE,1.55533819878366,1,0.000933995942220606,FALSE,FALSE,1034.85400196272,1083.84952540971,1400.58028343454,1164.08497055271,1078.44022476636,1875.5082537611,1465.10846298987,1441.79290580447,1333.49796935236,1244.19666765234,0.0206498693078384,0.0660073783478948,0.0299371819124637,9,FALSE,0.000182293680221713,1.9094385145047
"RT8_ZT14_raw_dataset","530371","Epm2aip1",129.70513881769,0.0613912043974518,"upregulated",0.669864253572742,0.0270655066614429,0.0270655066614429,0.999580341370701,0.0118885121074159,0.458822247065413,0.118170240815758,0.0186581006283235,1.72913256898303,0.0114019797769085,1,TRUE,FALSE,TRUE,TRUE,TRUE,FALSE,"weak_effect",0.412136600738846,0.186438915762299,2.21057175243554,FALSE,FALSE,1.56758383858182,1,0.0114019797769085,FALSE,FALSE,119.756689535309,153.959769165678,130.925197493881,159.050478897662,178.149417660519,95.0504801040854,109.856340494851,111.736499838008,121.011381560446,117.555133426462,0.00644622865256285,0.110614872114122,0.0338635802889625,9,FALSE,0.000182293680221713,1.92487249558933
"RT8_ZT14_raw_dataset","531210","Acaa1a",79.4752707982494,0.0623535439292508,"upregulated",0.56689482675422,0.0147414672864248,0.0147414672864248,0.944384524336856,0.00552032451053841,0.344180217000941,0.140796508987425,0.0186581006283235,1.72913256898303,0.070510070484473,1,TRUE,FALSE,TRUE,TRUE,TRUE,FALSE,"weak_effect",0.515855038202674,0.211531395008703,2.4386689180651,FALSE,FALSE,1.83145928698693,1,0.070510070484473,FALSE,FALSE,100.231142328465,91.285880832747,107.294795994985,87.7519883573305,81.1216098275578,57.9576098195643,77.7032652280656,55.868249919004,71.1831656237917,64.355000050983,1e-08,0.141900071729655,0.0409127565890106,8,FALSE,0.0248511383342841,2.258035391656
"RT8_ZT14_raw_dataset","532575","Tubb4a",561.299004663488,-0.0571444307329005,"downregulated",0.669864253572742,0.0244583251634929,0.0244583251634929,0.999580341370701,0.0104631756210842,0.439941010227987,0.113165201102024,0.0186581006283235,1.72913256898303,0.0308514500507825,1,TRUE,FALSE,TRUE,TRUE,TRUE,FALSE,"weak_effect",-0.452986745621449,0.20134066277954,-2.24985226217046,FALSE,FALSE,1.61157328553182,1,0.0308514500507825,FALSE,FALSE,330.632599369222,429.861125413906,452.170925978867,508.6873075089,650.563498421003,788.223493546074,672.535157663603,632.193354346624,530.314583897248,617.808000489436,0.0389604705441244,0.0725530214387605,0.0467926920198797,9,FALSE,0.000182293680221713,1.98033648512434
"RT8_ZT14_raw_dataset","543388","Twsg1",114.342694921194,0.0503850986704635,"upregulated",0.669864253572742,0.0227969524985343,0.0227969524985343,0.999580341370701,0.00957471244112362,0.42636138958045,0.101721178813483,0.0186581006283235,1.72913256898303,0.074834441381472,1,TRUE,FALSE,TRUE,TRUE,TRUE,FALSE,"weak_effect",0.502378682354561,0.220649235767141,2.27682040505565,FALSE,FALSE,1.64212320569823,1,0.074834441381472,FALSE,FALSE,157.506080801873,123.304062915875,110.488093494836,130.256857717913,149.518261250793,84.6181103365638,70.200880999149,112.716644573429,88.9789570297396,115.839000091769,0.0253304170424009,0.117265471619983,0.0494165825989499,10,FALSE,0.000182293680221713,2.0188742603994
"RT8_ZT14_raw_dataset","543997","Myl12b",303.073709937227,0.0705029186192663,"upregulated",0.734573675787826,0.0295501228025227,0.0295501228025227,0.999580341370701,0.0132798473260047,0.476054168438052,0.132320365395282,0.0186581006283235,1.72913256898303,0.00207885552978106,1,TRUE,FALSE,TRUE,TRUE,TRUE,FALSE,"weak_effect",0.364870583708285,0.167674201259918,2.17606871520256,FALSE,FALSE,1.52944070996556,1,0.00207885552978106,FALSE,FALSE,324.124083633607,341.98143416447,321.245728484986,330.441081158073,388.111231331845,241.103656849387,262.047563424304,225.433289146858,349.983897650309,246.265133528428,0.0137963773760284,0.0822989301027771,0.0303782747651972,10,FALSE,0.000182293680221713,1.87680691787876
"RT8_ZT14_raw_dataset","552437","Dnajb2",597.414596961778,0.0704215224544478,"upregulated",0.546517561440515,0.0105641624847956,0.0105641624847956,0.86440724746997,0.00362114636513189,0.287142795702043,0.171909775651032,0.0186581006283235,1.72913256898303,0.0865431073575839,1,TRUE,FALSE,TRUE,TRUE,TRUE,FALSE,"weak_effect",0.540958214822576,0.211576733314681,2.55679443740159,FALSE,FALSE,1.97616492763669,1,0.0865431073575839,FALSE,FALSE,704.2214025935,699.631340412173,756.811507464629,563.532300232232,815.987957677199,353.541419899342,382.621595674751,699.823341090681,474.554437491945,523.420667081328,0.0463764062364301,0.0718615237507947,0.052015020089872,9,FALSE,0.063281600508115,2.44115392083765
"RT8_ZT14_raw_dataset","552486","Asic4",204.394998992756,0.0570939529991448,"upregulated",0.734573675787826,0.0328845301016921,0.0328845301016921,0.999580341370701,0.0151938824568298,0.498138763447125,0.10381571822298,0.0186581006283235,1.72913256898303,0.00908427743286971,1,TRUE,FALSE,TRUE,TRUE,TRUE,FALSE,"weak_effect",0.396685104806983,0.18593246611075,2.13349025646064,FALSE,FALSE,1.48300835954291,1,0.00908427743286971,FALSE,FALSE,203.065690951176,183.252999582156,234.388036489046,257.771465799658,286.311564097263,149.530633334476,183.272529020679,189.167933936277,158.975736559802,198.213400157028,0.0177496216050749,0.0925264663969071,0.0364948185996972,10,FALSE,0.000182293680221713,1.81833123771505
"RT8_ZT14_raw_dataset","557920","Praf2",276.421783708678,0.117522360405228,"upregulated",0.549690283636983,0.0130295479909921,0.0130295479909921,0.914621159719002,0.00472229456038376,0.32296592514778,0.273339020758372,0.0186581006283235,1.72913256898303,0.00502395521830372,1,TRUE,FALSE,TRUE,TRUE,TRUE,FALSE,"weak_effect",0.417070632684179,0.167973114141979,2.48296065006957,FALSE,FALSE,1.88507065016791,1,0.00502395521830372,FALSE,FALSE,324.124083633607,263.639073748307,308.472538485583,286.565086979408,399.245569935628,252.6951788133,234.717449447536,210.731118115541,266.936871089219,217.090866838649,0.0136829268159211,0.0843414870078527,0.0301577053008034,10,FALSE,0.0387587554559926,2.32584692662633
"RT8_ZT14_raw_dataset","559591","Map7d2",543.596264307287,0.0525524525082668,"upregulated",0.734573675787826,0.0369899924365136,0.0369899924365136,0.999580341370701,0.017618394011707,0.521225349383402,0.0921787717622034,0.0186581006283235,1.72913256898303,0.0120930790848963,1,TRUE,FALSE,TRUE,TRUE,TRUE,FALSE,"weak_effect",0.400023609398331,0.191777409820536,2.08587450301196,FALSE,FALSE,1.43191575748646,1,0.0120930790848963,FALSE,FALSE,622.214104324756,444.848359580476,730.626467965853,649.913163771479,645.791639019382,450.91020439621,413.167017178197,543.000183423302,366.593302962527,568.898200450689,0.0317153317986159,0.0729255296552929,0.0422732030787269,9,FALSE,0.000182293680221713,1.7540336818287
"RT8_ZT14_raw_dataset","564666","Klhl13",105.470345033817,0.0529161463870541,"upregulated",0.734573675787826,0.0384475395464526,0.0384475395464526,0.999580341370701,0.0184959799381565,0.52850848076752,0.0916995888534933,0.0186581006283235,1.72913256898303,0.00996305528586345,1,TRUE,FALSE,TRUE,TRUE,TRUE,FALSE,"weak_effect",0.392276593536505,0.189500903280181,2.07005131240201,FALSE,FALSE,1.41513144768542,1,0.00996305528586345,FALSE,FALSE,130.170314712292,121.94158708255,118.152007494478,116.54560953708,111.343386037824,96.2096323004767,95.9233412125776,69.5902762148997,105.588362341958,89.2389334040297,1e-08,0.121988993834271,0.0335003555971595,11,FALSE,0.000182293680221713,1.73292265432102
"RT8_ZT14_raw_dataset","572597","Pin4",212.965120209087,0.0512101833864058,"upregulated",0.669864253572742,0.0255280785735741,0.0255280785735741,0.999580341370701,0.0110435436784733,0.448022490904124,0.100212774978964,0.0186581006283235,1.72913256898303,0.0532892333670213,1,TRUE,FALSE,TRUE,TRUE,TRUE,FALSE,"weak_effect",0.478031509957352,0.214045570667117,2.23331652445537,FALSE,FALSE,1.59298187208558,1,0.0532892333670213,FALSE,FALSE,290.279801808411,279.307545831539,245.245247988538,176.875101532744,248.136688884294,120.551828424694,201.492605005191,166.624605021591,212.363110777645,188.774666816217,0.0341403680940548,0.0912623871193934,0.0501727619423692,7,FALSE,0.000182293680221713,1.95689154680055
