"dataset_name","feature_id","gene_symbol","baseMean","lfc_shrunk","regulation_direction","lfdr","pvalue","wald_pvalue","padj","empirical_p","empirical_q","HBFSS","hc_p_threshold_dataset","hbfss_threshold_dataset","resLA_padj","resGA_padj","hc_empirical_pass","deseq2_standard_call","deseq2_strong_call","deseq2_weak_call_raw","deseq2_weak_call","standard_significant","HBFSS_significant","effect_class","log2FoldChange","lfcSE","stat","raw_lfc_pass","shrunk_lfc_pass","neglog10_wald_pvalue","padj_strong_effect","padj_weak_effect","HBFSS_only_call","overlap_call","R4_1","R4_2","R4_3","R4_4","R4_5","ZT10_1","ZT10_2","ZT10_3","ZT10_4","ZT10_5","dispGeneEst","dispFit","dispersion","dispIter","dispOutlier","neglog10_padj","neglog10_empirical_p"
"RT4_ZT10_raw_dataset","3192","LOC120098984",237.287961467689,-2.12873307530681,"downregulated",7.88984029216493e-09,8.22356082172097e-16,8.22356082172097e-16,6.49908011740608e-12,3.36841665671272e-13,2.37760979801633e-09,26.5507812204332,0.0223630001696145,1.65046993290979,1,0.0281230437275442,TRUE,TRUE,TRUE,FALSE,FALSE,TRUE,TRUE,"strong_effect",-2.19655831842697,0.272836315946089,-8.0508282440707,TRUE,TRUE,12,0.0281230437275442,1,FALSE,TRUE,95.4001981844866,67.19254867827,44.5386286749627,104.196040402215,112.167152981164,480.152168801325,425.394503206046,271.564715561348,434.534380795412,337.739277391655,0.0734288945757161,0.102439234876032,0.0829653068416864,9,FALSE,11.187148109235,12
"RT4_ZT10_raw_dataset","4512","RGD1560015",368.09586247975,2.98399888831258,"upregulated",2.24270616605029e-12,7.42392656663056e-29,7.42392656663056e-29,1.17342583312163e-24,2.22044604925031e-16,2.24270616605029e-12,46.7102049653232,0.0223630001696145,1.65046993290979,1,1.26255490129423e-09,TRUE,TRUE,TRUE,FALSE,FALSE,TRUE,TRUE,"strong_effect",3.03209468741805,0.272015139807583,11.1467864971151,TRUE,TRUE,12,1.26255490129423e-09,1,FALSE,TRUE,934.108101654736,658.212721746319,540.21046392858,371.198393932891,776.04018632317,96.5523382915708,65.3628833641532,88.3559840103908,66.8514431992942,84.0661083463946,0.0745129869077009,0.0927037656893679,0.0799485940938076,9,FALSE,12,12
"RT4_ZT10_raw_dataset","4760","Prkn",31.2875047663613,-2.75752080155196,"downregulated",9.56594603263565e-05,3.78616450102606e-10,3.78616450102606e-10,4.60339354640138e-07,1.49585379638495e-08,1.6628606236401e-05,21.5779059488687,0.0223630001696145,1.65046993290979,1,0.0654028542479486,TRUE,TRUE,TRUE,FALSE,FALSE,TRUE,TRUE,"strong_effect",-2.91135061276452,0.464879071140561,-6.26259772379436,TRUE,TRUE,9.42180052076423,0.0654028542479486,1,FALSE,TRUE,6.32987096958679,8.22765902182898,0,7.51413752900589,14.3469614278233,52.1904531305788,61.0767926517497,44.1779920051954,34.9450725814493,84.0661083463946,0.111491754877064,0.282816210125759,0.196499273085474,10,FALSE,6.33692189546786,7.82511085201043
"RT4_ZT10_raw_dataset","8525","Grik5",101.813559212877,3.00009506201136,"upregulated",0.000190875631837344,4.52013848487358e-10,4.52013848487358e-10,5.29224510310458e-07,1.73024745642181e-08,1.87242139316051e-05,23.2864132026296,0.0223630001696145,1.65046993290979,1,0.0347951633953858,TRUE,TRUE,TRUE,FALSE,FALSE,TRUE,TRUE,"strong_effect",3.16827033633091,0.508149452567,6.23491833027837,TRUE,TRUE,9.34484825937112,0.0347951633953858,1,FALSE,TRUE,372.558119924251,138.956019035334,132.179156067631,64.1206402475169,207.378806093082,11.7428519543802,8.57218142480697,15.5922324724219,22.7902647270321,44.2453201823129,0.363123049702226,0.138892418997034,0.275251973302213,11,FALSE,6.27636005026292,7.76189178052835
"RT4_ZT10_raw_dataset","18364","-",18.9444224028614,3.29781630901839,"upregulated",0.00253303082599182,6.29694739859313e-08,6.29694739859313e-08,3.21063066394074e-05,1.00149966697494e-06,0.0004729081819996,19.7847516048662,0.0223630001696145,1.65046993290979,1,0.112384911263441,TRUE,TRUE,TRUE,FALSE,FALSE,TRUE,TRUE,"strong_effect",3.55255068021199,0.656644639784745,5.41015713061566,TRUE,TRUE,7.20086993455186,0.112384911263441,1,FALSE,TRUE,48.3782995532705,39.7670186055067,24.4244092733666,23.5442975908851,37.8238074006251,6.52380664132235,0,0,4.55805294540642,4.42453201823129,0.117908533498739,0.418188844513092,0.284275521659421,8,FALSE,4.49340965078293,5.99934919078475
"RT4_ZT10_raw_dataset","50175","Arap1",7.10077190660488,6.81756706602501,"upregulated",0.00459957567922035,2.48748090336509e-07,2.48748090336509e-07,9.47400558038279e-05,3.10200796604931e-06,0.00109271460858145,37.5535938931414,0.0223630001696145,1.65046993290979,1,0.0347951633953858,TRUE,TRUE,TRUE,FALSE,FALSE,TRUE,TRUE,"strong_effect",5.84907468031812,1.1338401184023,5.15864149220623,TRUE,TRUE,6.60424024469078,0.0347951633953858,1,FALSE,TRUE,18.0853456273908,9.14184335758776,20.1142194015961,8.01508003093961,15.6512306485345,0,0,0,0,0,0.131659454978036,0.990534252712357,0.515455403859952,9,FALSE,4.02346636379967,5.50835709123975
"RT4_ZT10_raw_dataset","52694","Rbbp6",25.348161838476,-3.30650416931114,"downregulated",3.5685166780565e-06,1.68194717848629e-12,1.68194717848629e-12,3.5446476137539e-09,1.75130132618051e-10,3.31660919336723e-07,32.2603679401673,0.0223630001696145,1.65046993290979,1,0.00244465928866624,TRUE,TRUE,TRUE,FALSE,FALSE,TRUE,TRUE,"strong_effect",-3.4473490390568,0.488390271700855,-7.0585948140432,TRUE,TRUE,11.7741876473325,0.00244465928866624,1,FALSE,TRUE,4.97347004753248,4.57092167879388,5.74691982902745,5.00942501933726,0,53.4952144588433,46.0754751583375,31.1844649448438,72.9288471265028,29.496880121542,0.0915217422266783,0.331499570999557,0.18765367304682,8,FALSE,8.45042693312098,9.75663912345473
"RT4_ZT10_raw_dataset","57848","LOC102554959",3.95025973033969,-7.000968446015,"downregulated",0.0141263928596653,2.94644547644265e-06,2.94644547644265e-06,0.000604824898709772,2.37618406013773e-05,0.0045688384015737,32.3733176628947,0.0223630001696145,1.65046993290979,1,0.112384911263441,TRUE,TRUE,TRUE,FALSE,FALSE,TRUE,TRUE,"strong_effect",-5.89700215334861,1.26152085342,-4.67451817174623,TRUE,TRUE,5.53070159105252,0.112384911263441,1,FALSE,TRUE,0,0,0,0,0,3.91428398479341,8.57218142480697,9.09546894224612,7.59675490901071,10.3239080425397,1e-08,1.72067989821951,0.827264077054883,7,FALSE,3.21837033862179,4.62411992176907
"RT4_ZT10_raw_dataset","77047","Krt222",178.615854794691,-2.07034685012488,"downregulated",7.55644407893223e-07,3.69033923440746e-13,3.69033923440746e-13,1.16659003878089e-09,5.04394304101652e-11,1.38941151811041e-07,21.3188373360243,0.0223630001696145,1.65046993290979,1,0.112384911263441,TRUE,TRUE,TRUE,FALSE,FALSE,TRUE,TRUE,"strong_effect",-2.15222484961223,0.296186207496545,-7.26645871799193,TRUE,TRUE,12,0.112384911263441,1,FALSE,TRUE,65.5593778992917,54.3939679776472,44.5386286749627,92.6743628577393,69.1262686976942,330.104616050911,313.956144683555,167.616499078536,226.383296288519,421.80538573805,0.09037532708777,0.111438261183704,0.0969699223399156,9,FALSE,8.93308173622159,10.2972298263638
"RT4_ZT10_raw_dataset","77571","Aarsd1",207.69115811292,2.15455771489553,"upregulated",2.81560545616784e-07,2.21140350672408e-13,2.21140350672408e-13,8.62616079854874e-10,3.31350502591476e-11,1.03724991583679e-07,22.5791451287749,0.0223630001696145,1.65046993290979,1,0.0716917112745656,TRUE,TRUE,TRUE,FALSE,FALSE,TRUE,TRUE,"strong_effect",2.23691696701206,0.304950208970355,7.33535148103313,TRUE,TRUE,12,0.0716917112745656,1,FALSE,TRUE,426.814156806424,383.043236682927,298.839831109427,288.542881113826,314.328882191402,41.752362504463,56.7907019393462,51.9741082414064,83.5643039991178,131.261116540862,0.0985337216867172,0.106343242386619,0.101341139626967,7,FALSE,9.0641824505175,10.4797123663358
"RT4_ZT10_raw_dataset","88390","Gas7",5.38069019934648,6.23327639506803,"upregulated",0.0414300392099641,6.66832554124046e-06,6.66832554124046e-06,0.00112127184579624,4.6592772187104e-05,0.00744007109114498,27.0005677272148,0.0223630001696145,1.65046993290979,1,0.164350444629415,TRUE,TRUE,TRUE,FALSE,FALSE,TRUE,TRUE,"strong_effect",5.46075514999583,1.2124209048242,4.5040093982771,TRUE,TRUE,5.17598320648751,0.164350444629415,1,FALSE,TRUE,18.9896129087604,5.94219818243204,12.9305696153118,5.51036752127099,10.4341537656897,0,0,0,0,0,0.272152471150884,1.28319540494902,0.727968785538448,8,FALSE,2.95028908248401,4.33168144903353
"RT4_ZT10_raw_dataset","92652","Septin4",430.487881184642,3.48968215560202,"upregulated",4.34125117974688e-07,2.45588533426986e-13,2.45588533426986e-13,8.62616079854874e-10,3.61122243219825e-11,1.09422755194677e-07,36.4404676630665,0.0223630001696145,1.65046993290979,1,0.000719599082409374,TRUE,TRUE,TRUE,FALSE,FALSE,TRUE,TRUE,"strong_effect",3.62774566112809,0.495505980699418,7.32129540799374,TRUE,TRUE,12,0.000719599082409374,1,FALSE,TRUE,730.195829705905,728.604915599744,499.982025125388,253.476905978465,1769.89333250511,60.0190211001656,46.0754751583375,23.3883487086329,51.6579333812728,141.585024583401,0.417698196166554,0.0901441973910094,0.284040705127782,10,FALSE,9.0641824505175,10.4423457605067
"RT4_ZT10_raw_dataset","93635","Ppp1r9b",5.31069279350771,6.26175488437005,"upregulated",0.0141263928596653,2.8505625528043e-06,2.8505625528043e-06,0.000592841996179273,2.31226725846412e-05,0.0044849598226938,29.0292575116041,0.0223630001696145,1.65046993290979,1,0.124004903340814,TRUE,TRUE,TRUE,FALSE,FALSE,TRUE,TRUE,"strong_effect",5.44371493339017,1.16286301155043,4.68130371274956,TRUE,TRUE,5.54506942438809,0.124004903340814,1,FALSE,TRUE,13.5640092205431,10.9702120291053,12.9305696153118,6.51225252513844,9.12988454497847,0,0,0,0,0,1e-08,1.29911941080428,0.586361255033832,5,FALSE,3.22706103906567,4.63596197035178
"RT4_ZT10_raw_dataset","96935","Cd300e",54.219875947545,-3.1296255346806,"downregulated",0.00253303082599182,1.34430706931614e-07,1.34430706931614e-07,5.98538522186223e-05,1.86925594247711e-06,0.000759760437362836,17.9275316886127,0.0223630001696145,1.65046993290979,1,0.148906123702474,TRUE,TRUE,TRUE,FALSE,FALSE,TRUE,TRUE,"strong_effect",-3.3947205755369,0.64382956206108,-5.27270068909144,TRUE,TRUE,6.87150151753413,0.148906123702474,1,FALSE,TRUE,13.5640092205431,5.02801384667327,5.74691982902745,5.00942501933726,18.2597690899569,39.1428398479341,41.789384445934,20.7896432965626,170.16730996184,222.701444917642,0.604562677958004,0.194938432550634,0.448901452771709,7,FALSE,4.22290789298602,5.7283312300308
"RT4_ZT10_raw_dataset","150946","-",129.825914657491,-2.44328129244116,"downregulated",7.55644407893223e-07,7.61858949355793e-13,7.61858949355793e-13,2.18944410063957e-09,9.14321951483998e-11,2.19116808518845e-07,24.5278586516734,0.0223630001696145,1.65046993290979,1,0.0286855393195675,TRUE,TRUE,TRUE,FALSE,FALSE,TRUE,TRUE,"strong_effect",-2.54456396650352,0.354996927131651,-7.16784786579256,TRUE,TRUE,12,0.0286855393195675,1,FALSE,TRUE,17.6332119867061,33.8248204230747,25.8611392306235,60.6140427339808,52.1707688284484,229.637993774547,200.374740804863,161.11973554836,179.283415852653,337.739277391655,0.141944477430107,0.125115815206906,0.137842492985646,7,FALSE,8.65966613843426,10.0389008533548
"RT4_ZT10_raw_dataset","151079","-",5.98624944131237,6.46241856849074,"upregulated",0.0141263928596653,3.22868043057886e-06,3.22868043057886e-06,0.000645981302351006,2.56226613231103e-05,0.00480493133285637,29.6713919910404,0.0223630001696145,1.65046993290979,1,0.124004903340814,TRUE,TRUE,TRUE,FALSE,FALSE,TRUE,TRUE,"strong_effect",5.6293075882037,1.2091193540132,4.65570877640773,TRUE,TRUE,5.49097493860143,0.124004903340814,1,FALSE,TRUE,10.3990737357497,9.14184335758776,14.3672995725686,22.0414700850839,3.91280766213363,0,0,0,0,0,0.288754745099459,1.1609807206222,0.722433083928618,8,FALSE,3.18978005228866,4.59137576382181
"RT4_ZT10_raw_dataset","172218","-",3.69303726401198,-6.85923209231132,"downregulated",0.0305609563583829,5.36001516893929e-06,5.36001516893929e-06,0.000941337775113938,3.89140285468326e-05,0.00643244049144036,30.2484851235949,0.0223630001696145,1.65046993290979,1,0.12806774098225,TRUE,TRUE,TRUE,FALSE,FALSE,TRUE,TRUE,"strong_effect",-5.80005615491375,1.27468730772515,-4.55017957718958,TRUE,TRUE,5.2708339812443,0.12806774098225,1,FALSE,TRUE,0,0,0,0,0,6.52380664132235,6.42913606860523,9.09546894224612,4.55805294540642,10.3239080425397,1e-08,1.83529955603041,0.861521409940175,7,FALSE,3.02625451308042,4.40989380684482
"RT4_ZT10_raw_dataset","173032","LOC102550342",5.11599966726712,-7.42577888681232,"downregulated",0.0108312562436521,1.90057473315809e-06,1.90057473315809e-06,0.000431115867513998,1.6556133996426e-05,0.00355897272397715,35.5029538146249,0.0223630001696145,1.65046993290979,1,0.0857597758294022,TRUE,TRUE,TRUE,FALSE,FALSE,TRUE,TRUE,"strong_effect",-6.26674190205788,1.31551470278139,-4.76371863332891,TRUE,TRUE,5.72111504868121,0.0857597758294022,1,FALSE,TRUE,0,0,0,0,0,3.91428398479341,9.64370410290784,6.4967635301758,4.55805294540642,26.5471921093878,0.655592612288323,1.34570252109968,1.01339497180328,10,FALSE,3.36540599234687,4.78104106731157
"RT4_ZT10_raw_dataset","178442","Dock5",85.0165986630388,-2.60794943048715,"downregulated",0.000558965417260943,3.67835735683513e-09,3.67835735683513e-09,3.420006846008e-06,9.68996489714158e-08,8.38894922459421e-05,18.2913170142754,0.0223630001696145,1.65046993290979,1,0.12806774098225,TRUE,TRUE,TRUE,FALSE,FALSE,TRUE,TRUE,"strong_effect",-2.77462448321826,0.470431290249621,-5.89804407301645,TRUE,TRUE,8.43434608081777,0.12806774098225,1,FALSE,TRUE,15.3725437832822,22.39751622609,4.31018987177058,30.5574926179573,35.2152689592027,225.723709789753,219.662149010679,55.8721663595119,123.067429525973,117.987520486168,0.30687058554154,0.151507234625485,0.242935348239054,10,FALSE,5.46597302459283,7.0136777962212
"RT4_ZT10_raw_dataset","180209","Pcdh20",5.18302272460575,6.14306206303483,"upregulated",0.0414300392099641,9.87895816539166e-06,9.87895816539166e-06,0.00157334298339155,6.44317168092545e-05,0.00962674703138613,25.7449606216773,0.0223630001696145,1.65046993290979,1,0.192245726678357,TRUE,TRUE,TRUE,FALSE,FALSE,TRUE,TRUE,"strong_effect",5.401994551917,1.22222437985936,4.41980592183786,TRUE,TRUE,5.00528885367948,0.192245726678357,1,FALSE,TRUE,9.49480645438018,9.14184335758776,4.31018987177058,8.01508003093961,20.8683075313794,0,0,0,0,0,0.174764262091875,1.32927128768231,0.755076008802034,8,FALSE,2.80317659234351,4.19090029654668
"RT4_ZT10_raw_dataset","210273","-",57.8821708237376,-2.66846537118984,"downregulated",1.75956872325213e-05,1.22208407056345e-11,1.22208407056345e-11,2.03329061256062e-08,8.91962281812653e-10,1.35135639299653e-06,24.148687013071,0.0223630001696145,1.65046993290979,1,0.0286855393195675,TRUE,TRUE,TRUE,FALSE,FALSE,TRUE,TRUE,"strong_effect",-2.7919544218084,0.41193993196165,-6.77757654741839,TRUE,TRUE,10.91289891674,0.0286855393195675,1,FALSE,TRUE,11.755474657804,16.455318043658,5.74691982902745,24.0452400928188,13.0426922071121,87.4190089937195,167.157537783736,80.5598677741799,53.1772843630749,119.462364492245,0.161620400216464,0.187352490338636,0.170932234556733,7,FALSE,7.69180054442566,9.04965351013842
"RT4_ZT10_raw_dataset","214790","LOC120097817",11.0155186471262,-4.10372840344347,"downregulated",0.0108312562436521,1.29096043597183e-06,1.29096043597183e-06,0.000326478730415532,1.20382757944348e-05,0.00284268301244953,20.1880280573741,0.0223630001696145,1.65046993290979,1,0.12806774098225,TRUE,TRUE,TRUE,FALSE,FALSE,TRUE,TRUE,"strong_effect",-4.50396573248632,0.930352200774242,-4.84114051510612,TRUE,TRUE,5.8890870673404,0.12806774098225,1,FALSE,TRUE,1.35640092205431,0,0,2.50471250966863,0,11.7428519543802,13.9297948153113,16.8915851784571,10.635456872615,53.0943842187755,0.594404258783841,0.665182830326759,0.629373948227862,7,FALSE,3.48614510708127,4.91943571129955
"RT4_ZT10_raw_dataset","219795","Ankrd16",3.84246018854372,-6.87340796589118,"downregulated",0.0414300392099641,1.06003994428794e-05,1.06003994428794e-05,0.00164957530842342,6.82889632341865e-05,0.0100630763212402,28.6322083238089,0.0223630001696145,1.65046993290979,1,0.17238264140177,TRUE,TRUE,TRUE,FALSE,FALSE,TRUE,TRUE,"strong_effect",-5.85745046467138,1.329863729869,-4.40454937833999,TRUE,TRUE,4.97467776939845,0.17238264140177,1,FALSE,TRUE,0,0,0,0,0,15.6571359391736,3.21456803430261,9.09546894224612,4.55805294540642,5.89937602430839,0.306890528968572,1.76684793823663,1.03761477457143,8,FALSE,2.78262785272479,4.16564948070801
"RT4_ZT10_raw_dataset","248301","-",89.6882781297655,-2.26843061431365,"downregulated",7.55644407893223e-07,1.48098044960015e-12,1.48098044960015e-12,3.34405385519713e-09,1.57763135888445e-10,3.12367194496333e-07,22.2351443365399,0.0223630001696145,1.65046993290979,1,0.0701724612203938,TRUE,TRUE,TRUE,FALSE,FALSE,TRUE,TRUE,"strong_effect",-2.36432086910613,0.334120175135225,-7.07625891836445,TRUE,TRUE,11.8294506745556,0.0701724612203938,1,FALSE,TRUE,23.0588156749233,31.0822674157984,21.5509493588529,34.5650326334271,35.2152689592027,173.533256659174,165.014492427534,59.7702244776173,171.686660943642,181.405812747483,0.101422657528745,0.147524391728004,0.116188536508032,9,FALSE,8.47572673696669,9.80199446976143
"RT4_ZT10_raw_dataset","254850","Vps9d1",34.983182746766,2.85020359176759,"upregulated",0.000558965417260943,1.58338718851044e-08,1.58338718851044e-08,1.1123119067376e-05,3.21745472486867e-07,0.000206599323677345,18.5049113506262,0.0223630001696145,1.65046993290979,1,0.12490349654067,TRUE,TRUE,TRUE,FALSE,FALSE,TRUE,TRUE,"strong_effect",3.04894688592525,0.539419492186519,5.65227421346316,TRUE,TRUE,7.80041287334207,0.12490349654067,1,FALSE,TRUE,66.4636451806613,67.6496408461494,70.3997679055862,44.5838826721016,62.6049225941381,6.52380664132235,4.28609071240349,5.19741082414064,0,22.1226600911565,0.245135329398849,0.260866771077076,0.254779228167282,8,FALSE,4.95377341385023,6.49248755565218
"RT4_ZT10_raw_dataset","270331","LOC100360846",83.6005285142947,3.28188987070442,"upregulated",2.24270616605029e-12,8.76242951600887e-20,8.76242951600887e-20,9.23326406200242e-16,2.22044604925031e-16,2.24270616605029e-12,51.3732592644864,0.0223630001696145,1.65046993290979,1,1.2594250738193e-06,TRUE,TRUE,TRUE,FALSE,FALSE,TRUE,TRUE,"strong_effect",3.36266360513663,0.369389334335543,9.10330454230732,TRUE,TRUE,12,1.2594250738193e-06,1,FALSE,TRUE,108.05994012366,168.209917779615,163.787215127282,121.228085467962,200.857459989526,28.7047492218183,9.64370410290784,11.6941743543164,7.59675490901071,16.2232840668481,0.0897258831306948,0.152802418921191,0.116306954131052,9,FALSE,12,12
"RT4_ZT10_raw_dataset","278072","Otud7b",9.5310063534068,-4.47469410749097,"downregulated",0.0108312562436521,1.77522589780983e-06,1.77522589780983e-06,0.000412689088845428,1.5651036044062e-05,0.00342595010439164,21.5029497117486,0.0223630001696145,1.65046993290979,1,0.12490349654067,TRUE,TRUE,TRUE,FALSE,FALSE,TRUE,TRUE,"strong_effect",-4.92097005787184,1.03003880120036,-4.77746086083083,TRUE,TRUE,5.75074637504269,0.12490349654067,1,FALSE,TRUE,0,0,0,2.50471250966863,0,14.3523746109092,6.42913606860523,28.5857595327735,22.7902647270321,20.6478160850794,0.573094980854663,0.757100634367497,0.690529891992295,8,FALSE,3.3843770133539,4.80545690838422
"RT4_ZT10_raw_dataset","281697","LOC103691697",40.8421905211401,5.52491538067253,"upregulated",2.25869666101423e-07,2.29447307755726e-15,2.29447307755726e-15,1.208881382129e-11,7.81374964731185e-13,3.94604149916549e-09,66.89092680691,0.0223630001696145,1.65046993290979,1,6.71123531795675e-07,TRUE,TRUE,TRUE,FALSE,FALSE,TRUE,TRUE,"strong_effect",5.70305271665891,0.719692272488034,7.92429338853813,TRUE,TRUE,12,6.71123531795675e-07,1,FALSE,TRUE,122.076082984888,87.3046040649631,84.7670674781548,64.1206402475169,43.0408842834699,0,3.21456803430261,3.89805811810548,0,0,0.146164978559778,0.234209525095154,0.191233363292014,10,FALSE,10.9176163108962,12
"RT4_ZT10_raw_dataset","295215","-",5.40476224517016,6.26988958005585,"upregulated",0.0141263928596653,2.89572776184967e-06,2.89572776184967e-06,0.000598298993513673,2.34242114101058e-05,0.00452471371668702,29.0316893001725,0.0223630001696145,1.65046993290979,1,0.124004903340814,TRUE,TRUE,TRUE,FALSE,FALSE,TRUE,TRUE,"strong_effect",5.45272833935982,1.16559094317762,4.67808056615014,TRUE,TRUE,5.53824227019726,0.124004903340814,1,FALSE,TRUE,6.78200461027156,12.3414885327435,14.3672995725686,7.51413752900589,13.0426922071121,0,0,0,0,0,1e-08,1.27781446716648,0.594205422619799,6,FALSE,3.22308172774767,4.63033502097399
"RT4_ZT10_raw_dataset","300679","Pmvk",78.3560573835829,3.07067746556503,"upregulated",7.55644407893223e-07,1.34673613909375e-12,1.34673613909375e-12,3.27484790992551e-09,1.45927714356731e-10,2.9818044054652e-07,30.2027604726317,0.0223630001696145,1.65046993290979,1,0.00383518076322731,TRUE,TRUE,TRUE,FALSE,FALSE,TRUE,TRUE,"strong_effect",3.20048323471475,0.45144489775222,7.0894216562203,TRUE,TRUE,11.8707174856139,0.00383518076322731,1,FALSE,TRUE,226.51895398307,124.329069663194,97.6976370934666,84.6592828267997,172.16353713388,9.13332929785129,7.5006587467061,7.79611623621096,22.7902647270321,30.9717241276191,0.227199665709548,0.15800692657231,0.198645309574733,9,FALSE,8.48480886465353,9.835862219764
"RT4_ZT10_raw_dataset","306218","-",21.758609731556,-4.67832180567291,"downregulated",0.000558965417260943,4.74838583934308e-09,4.74838583934308e-09,4.28874209009467e-06,1.19529903308546e-07,9.99771007275321e-05,32.3857923213176,0.0223630001696145,1.65046993290979,1,0.00832357253540503,TRUE,TRUE,TRUE,FALSE,FALSE,TRUE,TRUE,"strong_effect",-4.9721079267512,0.849097201945997,-5.8557582280991,TRUE,TRUE,8.32345399883931,0.00832357253540503,1,FALSE,TRUE,2.26066820342385,1.82836867151755,0,1.50282750580118,0,23.4857039087605,17.1443628496139,7.79611623621096,45.5805294540642,117.987520486168,0.740548320609382,0.373807542100216,0.582353032870449,9,FALSE,5.3676700699224,6.92252343180982
"RT4_ZT10_raw_dataset","312769","LOC108353239",57.1713417295732,-2.99819714802667,"downregulated",0.00111322805910817,2.95107033208231e-08,2.95107033208231e-08,1.82920069289776e-05,5.36893231650737e-07,0.000299654976592881,18.7990321288983,0.0223630001696145,1.65046993290979,1,0.124004903340814,TRUE,TRUE,TRUE,FALSE,FALSE,TRUE,TRUE,"strong_effect",-3.21697640935676,0.580229724836338,-5.54431507324819,TRUE,TRUE,7.53002043995065,0.124004903340814,1,FALSE,TRUE,5.42560368821725,11.4273041969847,0,27.5518376063549,9.12988454497847,93.9428156350418,90.0079049604732,48.0760501233009,101.796515780743,184.355500759637,0.530475173870397,0.188748863685853,0.362413552167151,9,FALSE,4.7377386427814,6.27011207093947
"RT4_ZT10_raw_dataset","321638","Sec16a",5.48722518580687,6.34910363865792,"upregulated",0.0108312562436521,2.15441519972158e-06,2.15441519972158e-06,0.000469716425702351,1.8357897385135e-05,0.003810043847123,30.0704790179351,0.0223630001696145,1.65046993290979,1,0.112384911263441,TRUE,TRUE,TRUE,FALSE,FALSE,TRUE,TRUE,"strong_effect",5.50921080959123,1.16267997413156,4.73837249472386,TRUE,TRUE,5.66667059557319,0.112384911263441,1,FALSE,TRUE,12.2076082984888,10.0560276933465,10.057109700798,16.0301600618792,6.52134610355605,0,0,0,0,0,1e-08,1.25973902244885,0.587482179284477,6,FALSE,3.32816425253303,4.73617706204138
"RT4_ZT10_raw_dataset","332726","Mfap1a",5.12239125326323,6.11138240702663,"upregulated",0.0414300392099641,8.20920396637382e-06,8.20920396637382e-06,0.00135161122804692,5.53065016064558e-05,0.00854453558126409,26.0175227062619,0.0223630001696145,1.65046993290979,1,0.183998952942272,TRUE,TRUE,TRUE,FALSE,FALSE,TRUE,TRUE,"strong_effect",5.36483458918979,1.20297101360248,4.4596540802126,TRUE,TRUE,5.08569895369327,0.183998952942272,1,FALSE,TRUE,5.87773732890202,5.94219818243204,12.9305696153118,9.51790753674079,16.9554998692457,0,0,0,0,0,0.164529024703243,1.34411702589583,0.698074260467118,9,FALSE,2.86914820912963,4.2572238118086
"RT4_ZT10_raw_dataset","337732","Ptprt",4.03571071980221,-7.05745746686159,"downregulated",0.0108312562436521,2.06386896153877e-06,2.06386896153877e-06,0.000459457926846223,1.77197098381043e-05,0.00372312135049849,33.5338154051251,0.0223630001696145,1.65046993290979,1,0.104415097303813,TRUE,TRUE,TRUE,FALSE,FALSE,TRUE,TRUE,"strong_effect",-5.93028527343869,1.24925230902102,-4.74706769050198,TRUE,TRUE,5.685317880246,0.104415097303813,1,FALSE,TRUE,0,0,0,0,0,6.52380664132235,10.7152267810087,5.19741082414064,7.59675490901071,10.3239080425397,1e-08,1.6858356605898,0.792189870104395,7,FALSE,3.33775425136187,4.75154339400325
"RT4_ZT10_raw_dataset","340122","Rnf208",220.773465607377,3.8673886186976,"upregulated",2.24270616605029e-12,1.4165077310673e-29,1.4165077310673e-29,4.47786423944996e-25,2.22044604925031e-16,2.24270616605029e-12,60.5383989141084,0.0223630001696145,1.65046993290979,1,1.13134698938864e-12,TRUE,TRUE,TRUE,FALSE,FALSE,TRUE,TRUE,"strong_effect",3.93858276959234,0.348754563123641,11.2932795325062,TRUE,TRUE,12,1.13134698938864e-12,1,FALSE,TRUE,439.473898745597,444.293587178765,308.896940810225,328.618281268524,550.401611140131,26.0952265652894,21.4304535620174,14.2928797663868,16.7128607998236,57.5189162370068,0.132769039332648,0.10448851954451,0.120514129079812,6,FALSE,12,12
"RT4_ZT10_raw_dataset","341996","St6galnac4",9.09365415618144,7.31505984236614,"upregulated",0.000558965417260943,1.10176606049594e-08,1.10176606049594e-08,8.49488504985312e-06,2.38783317563218e-07,0.000169479746496799,48.4402971488702,0.0223630001696145,1.65046993290979,1,0.00516323925989688,TRUE,TRUE,TRUE,FALSE,FALSE,TRUE,TRUE,"strong_effect",6.21064360224798,1.08686581171375,5.71426898823429,TRUE,TRUE,7.95791061004071,0.00516323925989688,1,FALSE,TRUE,20.3460138308147,9.59893552546715,18.6774894443392,17.5329875676804,24.781115193513,0,0,0,0,0,0.0869998577315115,0.789903642465649,0.396530396096802,9,FALSE,5.07084249349326,6.62199601817634
"RT4_ZT10_raw_dataset","348412","Alkbh3",308.541572636314,-2.86583174018363,"downregulated",2.81560545616784e-07,4.0526606886153e-14,4.0526606886153e-14,1.83018156697867e-10,8.23563439666941e-12,3.56494164423452e-08,31.7657471866972,0.0223630001696145,1.65046993290979,1,0.00244465928866624,TRUE,TRUE,TRUE,FALSE,FALSE,TRUE,TRUE,"strong_effect",-2.97355109128476,0.393363650573847,-7.55929300266274,TRUE,TRUE,12,0.00244465928866624,1,FALSE,TRUE,37.9792258175207,56.6794288170441,56.0324683330176,95.6800178693417,103.037268436186,551.914041855871,482.185205145392,180.610026138887,578.872724066616,942.425319883266,0.22618161797442,0.0961125378668084,0.178782284247796,8,FALSE,9.73750582304258,11.0843029411984
"RT4_ZT10_raw_dataset","357911","-",154.156296809394,2.73062267626833,"upregulated",0.00111322805910817,4.63310138968048e-08,4.63310138968048e-08,2.52520001949275e-05,7.78076524543536e-07,0.000387419451008187,16.6813130027063,0.0223630001696145,1.65046993290979,1,0.192245726678357,TRUE,TRUE,TRUE,FALSE,FALSE,TRUE,TRUE,"strong_effect",2.93609885047923,0.537270238866687,5.46484550618811,TRUE,TRUE,7.33412819569649,0.192245726678357,1,FALSE,TRUE,412.798013945196,191.978710509343,366.3661391005,310.58435119891,80.864691684095,13.0476132826447,23.5734989182192,20.7896432965626,21.27091374523,100.289392413243,0.472619143132285,0.117212927314947,0.326506298992065,8,FALSE,4.59770421599224,6.10897768764704
"RT4_ZT10_raw_dataset","405939","Cntfr",11.0183506935782,7.6621312678073,"upregulated",0.000558965417260943,6.09630906547685e-09,6.09630906547685e-09,5.35323672716261e-06,1.46787200394627e-07,0.00011796421891125,52.357732101556,0.0223630001696145,1.65046993290979,1,0.00340771431536471,TRUE,TRUE,TRUE,FALSE,FALSE,TRUE,TRUE,"strong_effect",6.50781709058035,1.11931745539548,5.81409416891565,TRUE,TRUE,8.21493302361914,0.00340771431536471,1,FALSE,TRUE,24.8673502376624,23.3117005618488,28.7345991451372,28.0527801082887,5.21707688284484,0,0,0,0,0,0.271065094860329,0.665031146812387,0.48651807500741,9,FALSE,5.27138355111923,6.83331181254213
"RT4_ZT10_raw_dataset","423397","Epha7",6.33980230065608,6.54820205243619,"upregulated",0.0141263928596653,2.28972573541513e-06,2.28972573541513e-06,0.000495772670876322,1.93029244379694e-05,0.00395130278825274,30.8706924230152,0.0223630001696145,1.65046993290979,1,0.112384911263441,TRUE,TRUE,TRUE,FALSE,FALSE,TRUE,TRUE,"strong_effect",5.69205236617341,1.20440930899458,4.72601160059533,TRUE,TRUE,5.6402165345724,0.112384911263441,1,FALSE,TRUE,3.61706912547817,20.1120553866931,15.8040295298255,9.51790753674079,14.3469614278233,0,0,0,0,0,0.363109963594899,1.10042106732705,0.710189692008803,9,FALSE,3.30471741708965,4.71437688938296
"RT4_ZT10_raw_dataset","436582","Dnajc16",5.89375139242452,6.39700854634752,"upregulated",0.0141263928596653,4.23219411536871e-06,4.23219411536871e-06,0.000768897243534687,3.20269955278452e-05,0.00553531850085598,28.7512512855082,0.0223630001696145,1.65046993290979,1,0.12806774098225,TRUE,TRUE,TRUE,FALSE,FALSE,TRUE,TRUE,"strong_effect",5.58525610066701,1.21428084388028,4.59964111993988,TRUE,TRUE,5.37343442100593,0.12806774098225,1,FALSE,TRUE,4.52133640684771,16.9124102115374,8.62037974354117,8.01508003093961,20.8683075313794,0,0,0,0,0,0.340527436141593,1.1780236993012,0.736424619305566,9,FALSE,3.11413169602134,4.49448380085785
"RT4_ZT10_raw_dataset","467291","Ppp2r5c",5.45925410618045,6.32126938164697,"upregulated",0.0108312562436521,2.14745927220597e-06,2.14745927220597e-06,0.000469716425702351,1.83090398417907e-05,0.00380346456194929,29.9459670846663,0.0223630001696145,1.65046993290979,1,0.112384911263441,TRUE,TRUE,TRUE,FALSE,FALSE,TRUE,TRUE,"strong_effect",5.48438363002647,1.1572802975012,4.73902791041059,TRUE,TRUE,5.668075064062,0.112384911263441,1,FALSE,TRUE,14.4682765019127,9.14184335758776,8.62037974354117,8.01508003093961,14.3469614278233,0,0,0,0,0,1e-08,1.26580893854341,0.571852726901233,5,FALSE,3.32816425253303,4.73733443026661
"RT4_ZT10_raw_dataset","467701","Mark3",16.2104398723625,3.09650422614016,"upregulated",0.00253303082599182,1.89743116531104e-07,1.89743116531104e-07,7.44071736510722e-05,2.48226606847091e-06,0.000918565319266313,17.3563758321489,0.0223630001696145,1.65046993290979,1,0.17238264140177,TRUE,TRUE,TRUE,FALSE,FALSE,TRUE,TRUE,"strong_effect",3.35320655705995,0.643719004778642,5.20911536270865,TRUE,TRUE,6.72183397040894,0.17238264140177,1,FALSE,TRUE,27.1280184410862,39.7670186055067,21.5509493588529,31.5593776218247,27.3896536349354,0,3.21456803430261,3.89805811810548,7.59675490901071,0,0.0357656987314953,0.47606226055553,0.256756172096135,8,FALSE,4.12838519178089,5.60515166930158
"RT4_ZT10_raw_dataset","486523","Gng7",53.9549997618922,2.20970675920271,"upregulated",7.87427097741898e-05,1.47358631105355e-10,1.47358631105355e-10,2.02534828108804e-07,6.89040779988659e-09,8.47413087467826e-06,18.0350853543587,0.0223630001696145,1.65046993290979,1,0.17238264140177,TRUE,TRUE,TRUE,FALSE,FALSE,TRUE,TRUE,"strong_effect",2.3237888539549,0.362633892682459,6.40808512620118,TRUE,TRUE,9.83162442152665,0.17238264140177,1,FALSE,TRUE,125.241018469681,99.6460925977066,77.5834176918705,74.6404327881252,71.7348071391166,6.52380664132235,18.2158855277148,18.1909378844922,19.7515627634278,28.0220361154649,0.0680600786959078,0.195527021697862,0.116658075518269,8,FALSE,6.69350028427705,8.16175507417373
"RT4_ZT10_raw_dataset","496624","Polr2f",150.421085885109,2.50727601934425,"upregulated",7.29175989721496e-06,4.75073515743843e-12,4.75073515743843e-12,8.83413175276139e-09,4.10669942496611e-10,6.91311559194476e-07,23.5345641136064,0.0223630001696145,1.65046993290979,1,0.0347951633953858,TRUE,TRUE,TRUE,FALSE,FALSE,TRUE,TRUE,"strong_effect",2.61878013443185,0.378828858316871,6.91283168359201,TRUE,TRUE,11.3232391798248,0.0347951633953858,1,FALSE,TRUE,318.754216682763,241.344664640317,196.83200414419,152.787463089786,383.455150889096,36.5333171914052,45.0039524802366,12.9935270603516,50.1385823994707,66.3679802734694,0.178244360993635,0.11826006717942,0.154965169390679,9,FALSE,8.05383612793584,9.38650708259939
"RT4_ZT10_raw_dataset","507742","Elmod1",4.98613234674025,6.12808270229028,"upregulated",0.0414300392099641,6.02012457958311e-06,6.02012457958311e-06,0.00102316224843968,4.28248949913002e-05,0.00693917925612209,26.7693263010914,0.0223630001696145,1.65046993290979,1,0.164350444629415,TRUE,TRUE,TRUE,FALSE,FALSE,TRUE,TRUE,"strong_effect",5.36045306274846,1.18445217600157,4.52568129921808,TRUE,TRUE,5.22039452142229,0.164350444629415,1,FALSE,TRUE,10.3990737357497,12.7985807006229,12.9305696153118,8.51602253287334,5.21707688284484,0,0,0,0,0,1e-08,1.37879772960927,0.644937488865023,6,FALSE,2.99005549237302,4.36830369327208
"RT4_ZT10_raw_dataset","532027","Lars2",8.7805906547312,7.17258482604599,"upregulated",0.00253303082599182,1.53629260727876e-07,1.53629260727876e-07,6.54425258903295e-05,2.08632390474861e-06,0.00081944593026847,40.7447163761242,0.0223630001696145,1.65046993290979,1,0.0281230437275442,TRUE,TRUE,TRUE,FALSE,FALSE,TRUE,TRUE,"strong_effect",6.153568230876,1.17252008887603,5.24815590731136,TRUE,TRUE,6.81352605928892,0.0281230437275442,1,FALSE,TRUE,17.6332119867061,8.22765902182898,11.4938396580549,10.0188500386745,40.4323458420475,0,0,0,0,0,0.442512548541565,0.815391294224059,0.627863213831844,10,FALSE,4.18413994651489,5.68061826584007
"RT4_ZT10_raw_dataset","545747","Rrp36",4.97379958249783,6.11705504970496,"upregulated",0.0414300392099641,9.47453245232726e-06,9.47453245232726e-06,0.00152810673409678,6.22480517509238e-05,0.00937430816433,25.7275642376313,0.0223630001696145,1.65046993290979,1,0.192245726678357,TRUE,TRUE,TRUE,FALSE,FALSE,TRUE,TRUE,"strong_effect",5.37349837181514,1.21329954667574,4.42883077516819,TRUE,TRUE,5.02344221232394,0.192245726678357,1,FALSE,TRUE,17.1810783460213,9.59893552546715,4.31018987177058,9.51790753674079,9.12988454497847,0,0,0,0,0,0.139912025215407,1.38203044817185,0.728240687612689,8,FALSE,2.81584631041323,4.20587423663486
"RT4_ZT10_raw_dataset","561631","Pdzd11",6.17240726711693,6.48094558774633,"upregulated",0.0414300392099641,6.49751049967389e-06,6.49751049967389e-06,0.00109839198885396,4.56063232412429e-05,0.00731034631900206,28.1336223771033,0.0223630001696145,1.65046993290979,1,0.148906123702474,TRUE,TRUE,TRUE,FALSE,FALSE,TRUE,TRUE,"strong_effect",5.68163049893749,1.25991970635375,4.50951792426543,TRUE,TRUE,5.18725301002676,0.148906123702474,1,FALSE,TRUE,31.6493548479339,10.0560276933465,7.18364978628431,5.00942501933726,7.82561532426726,0,0,0,0,0,0.634709551702603,1.12822920024054,0.874136578361366,11,FALSE,2.95924264329607,4.34097493894968
