"percentile","center_rank","lo_rank","hi_rank","iod_amplitude","cv2_amplitude","iod_center","cv2_center","iod_residual_sd","cv2_residual_sd","center_distance","center_agreement","local_fourier_score"
0.01,299,1,2094,0.665115381559798,0.0363392157752593,1047.5,1497,0.322336673583905,0.488804445485617,449.5,0.00221975582685905,0.976298499747983
0.02,598,1,2393,0.671569689614191,0.0395525830470095,1197,1656.5,0.324695027424709,0.500410962377709,459.5,0.00217155266015201,0.990560889469905
0.03,897,1,2692,0.682256156698469,0.0496355101319604,1346.5,1784,0.327525928078919,0.507313865862637,437.5,0.00228050171037628,1.02110761059228
0.04,1196,1,2991,0.673019773890671,0.0689917312675351,1496,1956,0.327985154742019,0.5096358484677,460,0.00216919739696312,1.03443628519751
0.05,1496,1,3291,0.66142782808374,0.0941910626809934,1646,2146,0.330838208047928,0.517507774632787,500,0.00199600798403194,1.05241450728927
0.06,1795,1,3590,0.669775734476845,0.0979065196958626,1795.5,2284,0.331121921471608,0.519078993567313,488.5,0.00204290091930541,1.0703465426463
0.07,2094,299,3889,0.428567478898939,0.0972166351298986,2094,2291,0.328074560453693,0.528449530230483,197,0.00505050505050505,0.707608435930196
0.08,2393,598,4188,0.306351929299364,0.121018810303781,2393,2393,0.337155820884014,0.542929680711245,0,1,1.55143970375953
0.09,2692,897,4487,0.237384409551024,0.127259960402708,2692,2692,0.342048503119008,0.558260735925472,0,1,1.45598035387869
0.1,2991,1196,4786,0.178747451867095,0.138881158208641,2991,2991,0.347657702714637,0.570259666505969,0,1,1.38376143605264
0.11,3290,1495,5085,0.145610897071093,0.164173656007828,3290,3290,0.354344677819297,0.584960020481978,0,1,1.36946378368815
0.12,3589,1794,5384,0.167187564447562,0.125308998214374,3589,3504.5,0.358962393401761,0.601107769219288,84.5,0.0116959064327485,0.358758097150286
0.13,3888,2093,5683,0.117327817004458,0.169798442577256,3888,3888,0.363704811835931,0.612451846851538,0,1,1.33465700969334
0.14,4188,2393,5983,0.120116858140432,0.118555302259148,4188,3841,0.366458322793542,0.616511718502024,347,0.0028735632183908,0.269189743891219
0.15,4487,2692,6282,0.0840490738527457,0.165486973129179,4314.5,4487,0.372876803053155,0.628328427370423,172.5,0.00576368876080692,0.28398979153662
0.16,4786,2991,6581,0.0764273974472727,0.148618317779075,4435,4786,0.379432927247054,0.637728393020204,351,0.00284090909090909,0.245655626087251
0.17,5085,3290,6880,0.0964481253239911,0.116343814559575,5085,5085,0.382278653438768,0.64238951151764,0,1,1.22739158257576
0.18,5384,3589,7179,0.0732637181761469,0.139021035276194,5384,5384,0.387741374572986,0.65248384053498,0,1,1.22444098948084
0.19,5683,3888,7478,0.0592446993195425,0.141579082954817,5683,5683,0.389796508177764,0.659775867871758,0,1,1.20686274109631
0.2,5982,4187,7777,0.0517320285288208,0.144365457032529,5885.5,5982,0.391050964585262,0.663875520587006,96.5,0.0102564102564103,0.209703475511836
0.21,6281,4486,8076,0.0648433984198367,0.0963408070002434,6281,6308,0.391095421994617,0.664694161165909,27,0.0357142857142857,0.186987809984931
0.22,6580,4785,8375,0.061071681015984,0.0922780468333941,6580,6297,0.391197214534495,0.668392224481213,283,0.00352112676056338,0.143338112477737
0.23,6880,5085,8675,0.0498132768709914,0.110850749045256,6880,6880,0.393048901225297,0.669409390508596,0,1,1.14908971220903
0.24,7179,5384,8974,0.0530033412487431,0.0823808050665618,7179,7179,0.395014023418045,0.670475641597177,0,1,1.11360141904848
0.25,7478,5683,9273,0.0386293882236581,0.184191224644767,7465.5,7478,0.39538996043191,0.673655420089784,12.5,0.0740740740740741,0.310098537922675
0.26,7777,5982,9572,0.0562142682396178,0.10247250334513,7777,7949,0.398549826778704,0.678534207328759,172,0.00578034682080925,0.152686686434974
0.27,8076,6281,9871,0.0512311375394122,0.107509041438779,8076,8076,0.398185699815337,0.682371467581731,0,1,1.14650213543783
0.28,8375,6580,10170,0.0372742571805458,0.118696101172368,8655.5,8375,0.397050784870216,0.684270035687113,280.5,0.00355239786856128,0.144788647266556
0.29,8674,6879,10469,0.0363564241722251,0.137915683908036,8400,8674,0.397392566574133,0.686399164874971,274,0.00363636363636364,0.170698901166132
0.3,8973,7178,10768,0.0314377936372364,0.124395093820517,8580.5,9435,0.400774568454383,0.698108049857388,854.5,0.00116890707188778,0.141648507315109
0.31,9272,7477,11067,0.0427153730718149,0.113841031631101,9272,9439,0.402062698685267,0.697594800937964,167,0.00595238095238095,0.148542379219563
0.32,9572,7777,11367,0.0209928642672184,0.122444842494727,9572,9572,0.402778943594993,0.699571246155095,0,1,1.12192269260158
0.33,9871,8076,11666,0.0418280679664019,0.116902219713634,9871,9473,0.403869579009196,0.701045693448997,398,0.0025062656641604,0.148088970752111
0.34,10170,8375,11965,0.030435438243304,0.233953878936784,11612,10170,0.40249236631031,0.703565035786651,1442,0.000693000693000693,0.29478836389431
0.35,10469,8674,12264,0.0333510604460562,0.116576043686006,10469,10671.5,0.403012293427422,0.705911660683308,202.5,0.00491400491400491,0.137215442224226
0.36,10768,8973,12563,0.0673745526493706,0.123050899628645,10768,10706.5,0.403732251087183,0.707631243079907,61.5,0.016,0.208921879192739
0.37,11067,9272,12862,0.0283426042109259,0.125424315293735,11555.5,10586,0.40323408849455,0.706699654246424,969.5,0.00103039670273055,0.13828661851329
0.38,11366,9571,13161,0.0498681153541013,0.200665889170017,9924,11366,0.403695317505073,0.709931426893236,1442,0.000693000693000693,0.277040882511321
0.39,11665,9870,13460,0.0268738014044938,0.132440504661269,11358,11665,0.403289142117337,0.717325789216623,307,0.00324675324675325,0.148216457719691
0.4,11964,10169,13759,0.0567691413737461,0.10094621555964,11964,12063,0.402972478450412,0.718189500244719,99,0.01,0.155584277813783
0.41,12264,10469,14059,0.0679216065657915,0.112979535683282,12264,13697,0.403506292772984,0.716404281437106,1433,0.000697350069735007,0.180185800250408
0.42,12563,10768,14358,0.0424069941364703,0.11045357138249,12817.5,12062.5,0.4025222853551,0.713966622083162,755,0.00132275132275132,0.138649870792348
0.43,12862,11067,14657,0.0474613504900617,0.129265042009101,12871.5,12200.5,0.405470903705606,0.71622932722037,671,0.00148809523809524,0.173095114499924
0.44,13161,11366,14956,0.0978347003568038,0.328867259515103,14520,13161,0.401997363312694,0.719715756474653,1359,0.000735294117647059,0.531149836878994
0.45,13460,11665,15255,0.0888702941669601,0.171091707451012,12827.5,13668,0.401557984666493,0.723268346542968,840.5,0.0011883541295306,0.294641497434691
0.46,13759,11964,15554,0.0827899855643511,0.173866810353519,15189.5,13654.5,0.40378528230322,0.722231457783086,1535,0.000651041666666667,0.288838649175917
0.47,14058,12263,15853,0.0730901825353817,0.175509957456353,15343,13601,0.40216720422302,0.723074122842624,1742,0.00057372346528973,0.276419378010892
0.48,14357,12562,16152,0.0661928773364084,0.185531287600963,15308.5,13735,0.40241618364398,0.7230998194132,1573.5,0.000635122261035249,0.280240148084763
0.49,14656,12861,16451,0.0702314708954749,0.144095440479703,15343,14454.5,0.40155100622793,0.724540199870047,888.5,0.00112422709387296,0.228164867942696
0.5,14956,13161,16751,0.118836661154791,0.187535113775434,14956,13533.5,0.399764675682942,0.718495538115196,1422.5,0.000702493853178785,0.362755797814361
0.51,15255,13460,17050,0.0800100145534013,0.317835105592123,16519,16513,0.394553591891981,0.715789462222614,6,0.142857142857143,0.630695019272527
0.52,15554,13759,17349,0.0698346641850443,0.184140180734699,15375,15446,0.400420148695134,0.726970742513028,71,0.0138888888888889,0.297031471253792
0.53,15853,14058,17648,0.0677108702757541,0.180207419137958,15385.5,16379,0.398070505281362,0.730678329307053,993.5,0.00100553041729512,0.275367731597101
0.54,16152,14357,17947,0.0672384226272849,0.180848655603871,15402.5,16372,0.396642823576535,0.725969045461101,969.5,0.00103039670273055,0.275586105076186
0.55,16451,14656,18246,0.130552169586035,0.182458821033841,16451,15239.5,0.392513458971078,0.723726936947867,1211.5,0.000824742268041237,0.373407044065797
0.56,16750,14955,18545,0.0413770540307798,0.160769965699253,16504.5,16437.5,0.39497411296135,0.726068459014578,67,0.0147058823529412,0.221721802179511
0.57,17049,15254,18844,0.0482014646325126,0.1689628027445,17878.5,16370.5,0.397874808019738,0.728501978260165,1508,0.000662690523525514,0.22959965633098
0.58,17348,15553,19143,0.0790397140517685,0.188227978172786,18046,18027.5,0.39483602069682,0.7257072065425,18.5,0.0512820512820513,0.354133218839024
0.59,17647,15852,19442,0.0400820909212848,0.193060418313489,16353.5,16341,0.395313489872947,0.726991902581286,12.5,0.0740740740740741,0.324853879768609
0.6,17947,16152,19742,0.13100082389042,0.742570556981317,17947,17947,0.378474536039303,0.70943584992729,0,1,2.16636029987199
0.61,18246,16451,20041,0.0725781348571922,0.26214747394204,19341.5,19147.5,0.382100659816086,0.735967597955856,194,0.00512820512820513,0.402875342773482
0.62,18545,16750,20340,0.161826119089504,0.579927729038654,18545,18545,0.37943715904866,0.717792358831488,0,1,1.98267925215348
0.63,18844,17049,20639,0.0782776572199688,0.33285706503195,20145,20131,0.388118009431546,0.725229976535921,14,0.0666666666666667,0.573155366714589
0.64,19143,17348,20938,0.0726794267844892,0.341943878962054,19152.5,18475,0.381962579352195,0.721094394055384,677.5,0.00147383935151069,0.512363201739269
0.65,19442,17647,21237,0.0811136528764662,0.335348696745711,20147.5,20102,0.380699103788863,0.719669085908195,45.5,0.021505376344086,0.535810897809728
0.66,19741,17946,21536,0.0765284623545194,0.31006032888974,20161.5,19112.5,0.377912409094473,0.719998884886571,1049,0.000952380952380952,0.472516431677719
0.67,20040,18245,21835,0.0866622800132402,0.335282773224908,20160,20097,0.377960645650333,0.720364520143748,63,0.015625,0.538228125829849
0.68,20339,18544,22134,0.0882929792169914,0.343420512256607,19143,19116,0.379107153814609,0.714285331637569,27,0.0357142857142857,0.572306214496166
0.69,20639,18844,22434,0.0974198633775579,0.426937938016806,19253,19222.5,0.373056400794203,0.708812183739651,30.5,0.0317460317460317,0.700398040853139
0.7,20938,19143,22733,0.0893427186684115,0.365306257869126,20102,21635,0.373830676050334,0.716512870470081,1533,0.000651890482398957,0.569820780111565
0.71,21237,19442,23032,0.117674758836993,0.588065827525498,19969.5,19933,0.364248632337438,0.694736352573215,36.5,0.0266666666666667,0.95410099382628
0.72,21536,19741,23331,0.111245073571357,0.31399149472258,21536,21536,0.383208815186949,0.721122914235064,0,1,1.52963088637444
0.73,21835,20040,23630,0.108289727144257,0.303875799717803,23208.5,23224,0.385087290460318,0.714077288318077,15.5,0.0606060606060606,0.571444217458912
0.74,22134,20339,23929,0.0631838542386251,0.260671400177742,21482,21533,0.383852318313069,0.722681383090426,51,0.0192307692307692,0.400681269690861
0.75,22433,20638,24228,0.0623966657745216,0.197945431133901,22433,22433,0.382436080510114,0.721893906971058,0,1,1.2914421913297
0.76,22732,20937,24527,0.0585448849010091,0.273539692230887,24101,24091.5,0.377129150473036,0.720886181491098,9.5,0.0952380952380952,0.487894354054909
0.77,23031,21236,24826,0.0549387221233932,0.229688540616051,22378,23141.5,0.376599931004495,0.729732908024137,763.5,0.0013080444735121,0.326419092004598
0.78,23331,21536,25126,0.044575796680043,0.217708948512077,24093,23257,0.372680706180857,0.738581877850047,836,0.001194743130227,0.293671682337053
0.79,23630,21835,25425,0.080725156035354,0.307015942942497,23630,23167,0.374129931410875,0.740815025520009,463,0.0021551724137931,0.475754953405547
0.8,23929,22134,25724,0.0812745176223317,0.273134766660001,23929,23318,0.376241156169213,0.742458069110416,611,0.00163398692810458,0.428089929374229
0.81,24228,22433,26023,0.218022713538305,0.506284420760535,24228,24228,0.377828552507814,0.73569651177403,0,1,1.96338647607404
0.82,24527,22732,26322,0.0421514105953157,0.39173670428011,24993,25903.5,0.372487776616138,0.745391198455364,910.5,0.00109709270433352,0.536325229093907
0.83,24826,23031,26621,0.102319880892062,0.494143095651724,24826,24826,0.373792223796667,0.745212596027528,0,1,1.77122235398945
0.84,25125,23330,26920,0.0875947279036945,0.443017935153198,25741.5,26595.5,0.373495757055331,0.750918429079729,854,0.00116959064327485,0.677732209568008
0.85,25424,23629,27219,0.0485060247024881,0.281980636893088,25424,26807,0.369569664947644,0.77468459952628,1383,0.000722543352601156,0.390149562033721
0.86,25723,23928,27518,0.0603811873327697,0.397699377744808,26465,25723,0.363274164015316,0.776213207583084,742,0.00134589502018843,0.572585084257414
0.87,26023,24228,27818,0.0332928675618128,0.250772030789438,24842.5,24812,0.361782727468385,0.781836242848545,30.5,0.0317460317460317,0.353976503762131
0.88,26322,24527,28117,0.0510578151374809,0.281344157835284,26849.5,26785,0.360185076273847,0.782304300190003,64.5,0.0152671755725191,0.407651923940698
0.89,26621,24826,28416,0.0461999916358706,0.282331874473987,25173,25142.5,0.359805647616437,0.777432570582684,30.5,0.0317460317460317,0.418183076616945
0.9,26920,25125,28715,0.0744179061168174,0.382860398172939,28234.5,28290.5,0.366158223119319,0.768457913707662,56,0.0175438596491228,0.588998674575053
0.91,27219,25424,29014,0.0780507401147663,0.394116482504526,28277,25861.5,0.366571249870528,0.760147384229393,2415.5,0.000413821642871922,0.593300654580203
0.92,27518,25723,29313,0.106124292881412,0.44827353970075,26770,26049.5,0.364388811193329,0.749165867440942,720.5,0.00138600138600139,0.713411844024264
0.93,27817,26022,29612,0.166862040664696,0.627178601088849,27817,27817,0.360530872525237,0.728856413009996,0,1,2.0572005167256
0.94,28116,26321,29911,0.0798632431597114,0.366216801332438,28271.5,27564,0.375798295560199,0.7430355127718,707.5,0.00141143260409315,0.557534218796247
0.95,28415,26620,29911,0.103250718396465,0.349224582910648,27044,27089,0.380159588983653,0.735820520713309,45,0.0217391304347826,0.589169374290315
0.96,28715,26920,29911,0.0896580344561617,0.350035305656241,28001.5,27932,0.375298022889582,0.72910996136708,69.5,0.0141843971631206,0.562206966801307
0.97,29014,27219,29911,0.131575533709527,0.601420654580544,28066,28565,0.375090431921499,0.708408031909035,499,0.002,0.969365859594352
0.98,29313,27518,29911,0.0898995571276224,0.428482129125525,28333.5,28363,0.385065249916311,0.696910365077499,29.5,0.0327868852459016,0.692252782124996
0.99,29612,27817,29911,0.0943615637837809,0.473889060007513,28339.5,28351.5,0.38651315328654,0.693710293155714,12,0.0769230769230769,0.80743137242775
1,29911,28116,29911,0.0582310688309324,0.368536450995487,28378.5,28368.5,0.401502750370171,0.697546480760574,10,0.0909090909090909,0.617603017924259
