"feature_id","gene_symbol","R0_1","R0_2","R0_3","R0_4","R0_5","ZT6_1","ZT6_2","ZT6_3","ZT6_4","ZT6_5"
"497185","Sgsm3",21,48,44,41,18,91,48,34,61,61
"92958","Coil",51,56,45,50,37,77,20,24,55,61
"288873","Mocs2",45,61,58,39,41,151,51,43,91,75
"506050","Trappc4",19,27,24,65,10,52,27,22,40,65
"543631","Ptprm",15,15,7,22,7,26,7,7,21,25
"187599","Khnyn",17,13,15,19,11,21,14,4,16,26
"496625","Polr2f",26,36,59,46,23,89,33,27,52,84
"338404","Prex1",400,315,290,682,371,792,248,291,504,342
"61430","Neurl1",161,336,692,433,291,1237,506,305,705,756
"391892","Serbp1",44,46,53,84,49,139,43,37,95,134
"492830","Ndufa4l2",0,8,0,0,0,3,0,3,7,0
"356729","Pofut1",27,22,50,20,52,74,38,21,56,108
"339778","LOC102548047",5,11,15,15,8,35,11,5,20,23
"321535","Nacc2",53,48,58,88,61,176,49,44,103,140
"80197","Grb2",184,156,162,234,120,344,179,115,186,215
"14269","LOC120099830",7,11,5,10,4,12,6,5,3,8
"26617","Tle4",114,58,80,141,63,191,61,95,110,119
"216091","Smim13",320,182,357,314,240,789,234,269,518,610
"463687","Fos",0,3,3,3,0,0,0,0,6,4
"94652","Eif1",911,1200,384,1253,743,1856,539,573,881,1272
"368640","Hipk2",200,84,219,214,247,343,164,81,281,540
"515489","Pdcd6ip",18,21,31,29,26,45,18,25,30,35
"438242","Noc2l",0,11,0,0,0,5,3,0,11,16
"269337","Ankrd33b",85,44,56,79,51,69,31,28,54,76
"517700","Slc36a4",96,91,110,110,75,245,106,76,110,121
"166035","Usp46",56,22,3,43,13,27,18,15,24,38
"552032","Igfbp2",121,78,128,158,136,334,185,26,137,742
"425522","Tmeff1",87,75,59,119,83,137,44,64,82,94
"566249","Fgf13",254,226,199,312,275,616,164,220,343,385
"94551","Wipf2",4,0,30,9,8,37,14,4,14,26
"148994","Kifap3",111,190,223,233,159,504,214,167,235,432
"549460","Slc39a10",194,164,37,172,76,381,88,94,185,135
"85987","Skp1",33,36,5,30,12,34,7,15,11,6
"478875","Mtss1",83,113,70,109,92,261,55,61,146,173
"107172","Bdh1",3,9,3,0,8,23,0,11,5,0
"191679","Slain1",40,41,43,67,45,136,53,32,60,73
"88120","Tvp23b",8,6,9,13,5,24,9,4,10,14
"296139","Noct",22,16,23,26,15,63,23,24,41,53
"561934","Phka1",5,9,0,0,6,8,6,8,10,12
"372896","Pcyox1",19,27,85,55,19,37,29,25,39,60
"486461","Sgta",672,373,521,538,481,854,418,333,602,990
"391816","Gng12",0,7,0,3,0,11,3,6,0,0
"460576","Prpf39",6,6,20,6,13,64,9,4,33,30
"163279","LOC108352690",27,35,36,96,26,76,42,10,28,68
"111173","Hunk",18,6,5,11,15,48,24,24,21,38
"524237","Clpx",37,26,10,34,16,36,20,9,36,41
"56145","Efemp2",30,20,62,29,31,65,34,30,56,45
"376262","Plxnd1",14,5,15,17,16,23,10,4,15,34
"571577","-",0,7,0,0,0,4,0,0,3,3
"412581","Elavl4",21,21,0,15,8,12,4,20,8,4
"42239","Fuz",13,4,17,8,12,12,7,0,14,67
"98118","Tbcd",36,82,98,119,51,257,64,62,131,104
"215662","Sirt5",0,6,0,0,0,0,3,4,0,0
"26279","Lrrc10b",23,25,50,69,16,138,27,31,34,52
"1693","LOC102549339",8,7,33,28,7,98,31,6,27,64
"512570","-",16,7,11,26,14,71,23,12,30,64
"473149","-",11,3,22,6,12,27,8,3,8,23
"172268","-",130,116,47,261,85,189,57,85,100,66
"499852","Ccdc65",21,11,40,43,26,72,35,15,55,116
"135458","Timm17a",44,38,20,38,44,50,25,14,50,82
"65344","Tbc1d24",0,5,0,3,0,8,0,0,3,3
"301458","Cers2",81,53,34,122,34,203,52,56,56,56
"119969","Taf6",88,75,32,81,44,182,46,37,59,63
"244268","-",3,3,20,12,3,25,15,16,10,19
"118116","Uspl1",16,20,0,3,6,31,16,10,9,14
"38877","Trim28",54,100,80,86,46,228,85,72,105,100
"397728","Washc2c",0,8,0,0,0,8,3,5,6,3
"36308","Zdhhc14",0,6,0,0,0,4,0,0,3,3
"482100","St13",37,30,3,19,14,59,12,14,19,28
"302591","Syt6",57,45,58,49,44,120,22,41,80,59
"525752","-",0,5,0,0,0,3,0,0,3,3
"107170","Bdh1",39,30,36,65,40,71,29,30,40,57
"244848","LOC120098285",13,13,11,23,13,29,14,14,30,36
"53366","Tlcd3b",18,50,111,45,42,128,68,25,84,131
"129903","Cux2",74,78,65,63,61,255,62,53,135,197
"178908","-",66,90,148,134,57,259,104,36,130,204
"420641","LOC102556004",32,42,26,77,27,37,24,36,43,46
"9841","Lrfn3",7,7,13,5,8,30,11,8,12,13
"516888","Msantd4",36,10,20,44,18,24,10,22,14,14
"123720","Fam222a",59,52,63,103,63,128,35,36,84,100
"202117","LOC102548530",12,23,58,35,22,112,62,43,77,82
"558264","RragB",30,28,48,52,23,81,39,36,58,86
"253857","Wdr59",22,6,20,21,15,13,4,3,5,10
"169480","Ldb2",12,19,20,29,14,32,9,6,22,18
"344558","Marchf7",55,53,42,59,37,91,30,33,62,75
"149824","Copa",263,204,135,188,170,312,140,132,224,314
"514482","Gnai2",147,360,388,484,203,1025,299,236,448,730
"574027","Drp2",6,16,12,10,6,15,5,8,10,11
"29833","Ndufb8",224,433,423,491,296,935,362,344,634,880
"258810","Nutf2",41,54,47,58,51,113,54,44,83,76
"533731","Xpo5",63,83,40,48,48,171,61,33,83,98
"430684","Dab1",31,25,17,39,16,45,15,12,26,38
"379627","Slco1a5",0,5,3,4,0,3,4,0,0,4
"153920","Septin11",20,13,69,42,33,55,28,25,34,34
"279515","Gnai3",61,34,24,51,32,60,25,20,50,42
"7257","Ttyh1",315,300,505,338,294,968,421,269,772,746
"300344","Rit1",8,6,13,16,10,35,18,10,16,36
"134589","Mfsd4a",75,34,37,113,58,134,78,50,80,100
"59151","Cdc37l1",0,0,3,10,0,0,0,3,7,0
"502199","RGD1309534",14,6,8,3,13,24,12,11,6,14
"89306","Kif1c",88,99,49,127,80,102,20,65,31,24
"373835","Prickle2",120,116,139,166,145,215,77,83,129,168
"548285","Cnot11",0,6,0,0,0,4,0,0,5,4
"152739","Btbd8",14,10,4,11,7,11,6,11,3,5
"114267","Adprh",3,7,0,0,4,4,3,0,0,6
"357112","Tp53inp2",129,156,341,228,211,567,250,174,431,427
"211278","Slc25a15",9,7,8,27,7,18,7,4,13,23
"358064","Ppp1r16b",0,12,0,0,0,16,0,0,3,3
"365890","LOC100363521",33,44,22,25,39,58,31,21,29,63
"247009","Gnal",20,19,9,32,16,29,11,15,19,21
"237036","Grpel2",0,5,0,0,0,3,4,0,0,8
"189485","Lgi3",229,204,286,353,156,595,217,178,256,287
"559014","Gpm6b",78,75,52,115,45,125,73,68,103,88
"530221","Setd2",21,14,11,18,13,23,14,6,15,21
"260677","Wwox",24,8,18,38,12,28,14,12,19,29
"478513","Mrpl13",130,214,258,281,185,488,233,137,329,397
"85983","Skp1",167,234,147,281,171,549,211,169,322,306
"127003","Znhit1",157,100,371,184,158,387,190,110,300,530
"223708","Nop16",63,54,40,90,36,136,64,51,50,105
"462409","Rad51b",0,4,0,0,0,8,3,0,3,8
"397520","Syn2",727,1404,972,1224,939,3022,1042,939,1600,1477
"163224","Evi5",159,94,93,104,105,210,90,95,155,128
"278032","Plekho1",61,58,88,100,73,166,78,70,96,156
"415836","Fam76a",63,28,14,54,41,68,19,27,38,24
"284264","Lrrc7",59,19,28,52,30,38,25,13,28,38
"368185","Dgki",0,0,6,4,0,11,3,3,3,3
"487947","LOC691921",26,16,13,25,15,50,21,14,28,52
"151129","Srp9",9,6,9,25,8,12,8,5,9,11
"160213","Cabp7",126,68,72,50,111,190,95,66,97,202
"485749","Cnpy2",0,5,0,0,0,17,4,3,0,3
"71725","Slc25a11",9,4,17,19,10,11,11,6,12,26
"249279","Cdh11",11,10,10,9,9,18,15,5,11,20
"272403","Mrpl47",3,7,10,0,12,26,10,8,23,18
"262149","Cog2",17,21,35,29,15,85,19,29,32,36
"421956","Rab2a",64,114,125,130,93,317,121,108,163,165
"121006","Trnal-aag",4,0,4,3,5,17,10,0,0,12
"446890","Rab15",125,192,283,282,164,323,220,167,293,273
"255370","Tomm20",355,265,265,400,223,605,177,193,312,386
"71882","LOC102547395",0,6,0,0,0,7,0,4,7,0
"265221","-",28,22,28,27,21,62,16,14,42,33
"327022","RGD1560831",270,1138,701,821,396,1863,661,684,1175,939
"299963","Crabp2",4,6,12,10,6,29,7,13,11,12
"340049","Zmynd19",12,17,6,17,6,29,7,7,21,22
"418798","Slc25a33",14,8,20,26,9,4,4,0,6,23
"574524","Plp1",2390,2262,2054,1824,2029,3901,2485,1792,2370,4672
"452176","Nrxn1",218,90,125,158,237,355,135,147,294,316
"21532","Zkscan2",0,0,5,3,0,0,3,0,0,5
"69568","LOC103693330",28,26,81,36,51,154,55,20,132,161
"233111","Rprd1a",225,205,51,183,108,169,88,121,97,134
"199468","-",83,117,80,64,127,61,100,59,53,87
"272800","-",3,13,25,14,7,43,19,4,19,44
"442659","Dld",66,40,60,84,69,117,64,23,77,119
"499704","Pced1b",0,6,0,0,0,19,5,3,3,5
"93775","Phb",25,56,34,117,23,152,22,55,78,49
"126765","Lamtor4",45,56,107,75,45,205,82,64,132,121
"407865","RGD1310951",0,3,3,3,0,0,3,0,0,3
"163040","Gak",22,29,25,32,17,52,26,21,34,57
"145139","Rab3gap1",25,8,26,27,18,62,27,13,18,54
"546079","Tmem151b",541,578,820,857,685,1153,492,465,822,1117
"111716","Dop1b",66,99,82,135,71,193,56,64,128,147
"19425","Tpp1",41,37,44,72,42,94,40,44,64,83
"17248","Btbd1",0,4,0,3,0,9,0,0,0,0
"199157","Ufsp2",14,37,3,10,12,16,11,34,8,8
"472168","Metap2",6,16,18,40,7,41,35,14,15,35
"577817","Eola2",15,12,9,11,11,14,15,8,11,28
"56538","Ppp1r14b",0,4,0,3,0,9,0,0,0,0
"56920","Tut1",13,60,37,31,22,133,19,36,53,45
"11540","Bax",32,22,28,21,26,51,30,7,32,67
"94953","Rpl27",32,20,20,20,24,56,11,10,34,40
"499068","Cntn1",7,20,7,6,10,32,20,31,13,21
"85476","Rasgef1c",7,21,26,30,10,68,24,20,42,62
"242836","Matr3",190,185,284,319,226,559,268,194,379,380
"335747","Napb",267,325,323,639,169,764,270,249,505,422
"522631","Gldn",5,3,0,0,3,7,6,0,0,11
"200799","Plpp5",8,3,4,21,3,28,13,3,5,15
"35304","Adcy2",121,116,87,169,69,219,69,67,113,146
"567272","Lage3",126,151,125,202,131,436,178,106,163,220
"354251","Snap25",275,277,381,431,316,566,276,340,452,562
"179128","Itm2b",243,248,273,509,245,656,208,291,417,431
"552458","Speg",41,38,100,66,66,158,81,53,121,192
"53330","Bola2",9,24,50,23,20,77,31,16,70,77
"577070","Fhl1",95,187,154,200,126,414,149,186,218,257
"203506","Erc2",0,0,3,11,0,0,0,3,3,0
"548781","-",20,28,43,34,32,91,31,21,22,35
"296718","Dclk1",143,240,436,240,149,524,313,61,342,821
"83721","Clcn7",10,34,61,35,12,90,37,29,86,72
"25461","Sac3d1",16,44,72,62,26,126,59,23,63,103
"77707","Lsm12",53,49,70,171,46,264,103,66,195,317
"356381","Fkbp1a",166,275,96,341,138,313,128,188,163,188
"453442","Cebpz",58,46,41,40,45,133,53,61,65,57
"393488","Ccdc142",277,343,348,349,343,972,362,258,590,566
"287927","Ercc8",3,0,0,0,3,15,0,3,4,0
"314051","Foxo3",9,7,0,16,3,4,0,0,17,5
"419677","Ski",45,53,39,95,42,135,38,33,53,81
"82398","Dexi",142,87,249,184,181,458,186,99,307,328
"372425","Tex261",12,18,47,40,12,67,38,8,25,61
"177858","Hmbox1",29,13,14,19,18,71,9,13,40,32
"80436","Exoc7",29,49,60,35,32,128,63,41,83,91
"17408","Abhd17c",86,114,46,183,63,197,73,72,84,133
"557710","-",0,6,0,3,0,0,3,0,0,5
"248346","Kcng2",3,4,5,0,5,0,3,0,0,5
"84927","Slu7",13,31,57,18,20,58,34,24,52,49
"485919","Smarcc2",45,36,42,54,34,87,36,20,29,76
"51423","Arntl",7,6,0,3,4,3,0,5,3,0
"228359","Ryr2",46,24,48,46,34,86,38,32,39,66
"420232","Stau2",39,67,67,76,31,123,72,39,79,109
"520343","Tmem218",34,43,53,50,43,150,43,30,53,106
"95121","Grn",55,99,39,94,35,109,58,79,63,49
"187280","Bcl2l2",311,227,103,297,235,402,135,131,240,322
"254891","Dbndd1",20,25,12,51,15,80,24,19,30,50
"149999","Cfap45",0,3,0,0,0,7,6,10,4,6
"177561","Dleu7",17,8,23,37,18,58,22,9,22,39
"537584","Tmeff2",74,166,152,161,110,283,123,111,152,219
"41990","Shank1",724,517,1004,886,984,1456,617,594,1163,1370
"380909","Lmbr1",6,3,4,3,8,13,8,8,20,14
"364601","Sri",45,90,178,76,59,238,88,62,160,152
"225344","Eef1e1",5,11,3,9,3,5,6,7,10,6
"548245","Rpl31",57,48,82,48,61,100,51,44,96,139
"138917","Uck2",7,27,38,34,12,55,27,12,25,41
"431372","Nrdc",240,131,147,263,216,357,155,176,174,253
"553060","Mff",17,17,29,21,23,48,12,21,31,29
"434928","Dnajc8",0,3,0,0,0,14,0,8,4,0
"74565","Znhit3",19,16,3,9,14,9,0,6,3,0
"340489","LOC100911432",0,3,0,0,0,5,0,0,3,3
"194721","Nisch",255,411,506,487,337,1141,369,285,539,903
"496919","Atf4",783,790,767,965,912,1814,772,651,1269,1195
"406141","Gba2",61,62,74,121,64,174,66,65,130,104
"122886","-",0,0,4,9,0,6,4,0,0,4
"174506","Top2b",94,45,46,86,49,171,55,40,72,88
"377976","Cops7a",23,16,11,22,14,42,14,20,33,34
"520688","-",101,340,133,203,80,258,171,128,223,233
"25159","Fosl1",4,4,3,6,4,15,4,8,12,9
"481464","Ift27",28,36,99,58,47,162,74,46,117,129
"35496","Ppp1r14c",0,3,0,0,0,8,6,0,0,12
"189904","Tpt1",4095,2428,1619,2846,2261,4943,2160,1823,3691,3581
"50772","Olfml1",5,3,5,6,6,19,0,4,5,0
"134319","Dars1",55,22,48,49,38,71,46,37,66,94
"269656","Ralyl",80,73,70,69,62,168,87,52,98,128
"140336","Pld5",0,0,4,3,0,11,0,0,3,3
"312601","Cdh23",0,3,0,0,0,15,0,0,4,4
"157979","Anapc4",42,50,33,30,51,32,17,21,4,12
"389627","Ccdc126",9,23,8,30,8,20,9,11,14,16
"550000","Bzw1",220,223,218,422,208,434,179,207,300,367
"506911","Ncam1",539,689,616,877,595,1406,444,449,764,1010
"567594","Slc9a7",31,25,20,40,27,116,30,22,54,50
"548687","Nck2",0,3,4,4,0,7,0,0,0,0
"245557","LOC108348794",10,9,0,9,4,16,7,6,18,22
"309984","Cstb",88,78,59,141,72,214,71,71,122,96
"253231","Terf2",12,12,0,8,3,11,7,12,17,9
"17357","-",6,13,9,6,6,7,7,4,7,9
"416764","Cdc42",279,275,154,290,177,493,167,223,330,220
"423958","Cnr1",232,218,317,292,192,419,218,206,385,325
"534143","Pla2g7",39,39,58,108,37,195,64,52,92,154
"150993","Sde2",0,11,4,6,0,32,4,0,0,6
"67760","Gabra1",159,183,209,215,136,495,212,160,261,276
"91430","Utp6",0,5,4,6,0,31,5,0,13,32
"340140","Tprn",29,33,42,54,33,166,48,28,69,82
"277977","LOC120100880",79,89,165,73,93,159,85,91,168,122
"330970","Rcn1",47,56,106,61,80,168,97,50,152,189
"166034","Usp46",24,15,10,20,15,34,6,13,16,14
"25585","Catsperz",7,3,28,18,6,55,19,30,24,26
"41243","-",0,0,8,6,0,11,6,0,0,11
"450433","Ppp2r5c",0,4,5,6,0,0,0,3,3,0
"529524","Rhoa",39,65,86,95,47,150,46,58,86,106
"535127","Smap1",123,148,178,194,144,477,166,183,280,373
"540193","Pecr",34,43,90,42,38,131,68,53,94,99
"238790","RGD1308601",58,59,21,68,28,94,36,38,54,69
"177012","Micu2",109,96,177,146,103,308,141,117,233,198
"434432","Bsdc1",199,185,189,295,208,325,157,166,227,292
"506410","Cep164",0,4,0,0,0,0,0,3,7,0
"234646","Hars1",57,56,59,70,40,132,63,37,75,134
"119034","Fscn1",0,3,4,4,0,6,0,0,0,0
"21174","Crym",98,82,136,170,111,238,129,86,145,263
"159574","Rnf4",133,126,183,143,128,409,131,116,231,192
"228530","Chrm3",0,4,3,4,0,8,4,3,8,11
"514040","Atp2c1",16,6,11,15,17,18,10,5,11,22
"19397","Arfip2",60,106,239,140,106,425,168,106,258,297
"509356","Tipin",6,0,9,13,3,0,0,7,13,0
"493449","Atp6v1c1",284,167,231,303,198,471,200,138,233,273
"263583","LOC120100660",4,0,4,0,5,5,0,0,13,4
"492627","Cdk4",52,75,49,85,51,194,71,54,100,98
"230618","Plxdc2",17,13,16,9,15,63,23,12,16,30
"430133","Dynlt5",17,20,10,20,10,59,20,27,26,22
"249847","Herpud1",107,100,109,160,74,255,115,71,114,155
"215649","Ranbp9",4,3,3,0,5,26,3,6,9,7
"277030","Fdps",213,354,448,451,271,906,434,283,548,600
"18087","Pcf11",0,0,5,3,0,6,0,0,0,0
"300279","Arhgef2",63,93,168,135,92,307,113,93,193,274
"300593","Mtx1",61,52,66,126,53,184,80,83,81,139
"456871","Myt1l",63,11,16,30,30,30,12,17,16,18
"466320","Papola",154,189,181,224,189,358,109,123,262,266
"426671","Hsdl2",59,41,37,39,46,116,53,39,67,71
"175905","Pip4p1",73,68,97,90,64,208,86,50,120,139
"161600","Mdh1",324,276,376,386,258,511,309,272,386,570
"502914","Raver1",12,23,14,17,10,40,15,6,24,32
"485809","Slc39a5",89,80,94,119,60,159,82,54,88,119
"53383","Hirip3",0,5,0,0,0,4,10,0,0,16
"29890","-",27,28,62,27,51,49,25,10,24,43
"445796","Rpl36al",230,143,278,260,187,420,236,178,239,431
"252908","Atp6v0d1",195,252,321,303,160,545,263,226,356,376
"414517","Utp11",8,4,0,7,3,10,0,6,3,0
"437457","Nol9",0,5,0,0,0,16,0,0,3,3
"461656","LOC102551114",9,9,6,6,10,15,4,11,11,8
"117671","Xab2",89,132,144,133,117,380,168,88,218,278
"352234","Eid1",80,117,35,135,61,154,61,70,86,75
"221593","Pip4k2a",0,6,0,0,0,18,4,5,15,13
"97336","Sec14l1",62,49,22,40,37,67,29,33,31,30
"447178","Zfp36l1",186,144,79,111,122,289,82,100,115,143
"351590","Map1a",10,28,39,46,14,77,23,28,41,47
"176234","Dad1",211,392,653,408,341,969,415,284,696,702
"106007","Golgb1",10,10,26,29,8,36,19,11,30,34
"497930","Nup50",31,65,99,54,57,164,67,55,129,119
"269358","Marchf6",344,173,305,294,247,636,276,179,261,374
"456397","Kidins220",403,509,642,468,383,1151,426,374,837,737
"299527","Fbxw7",2796,3340,2770,4242,2184,5377,2722,2499,3094,5282
"217853","Vps41",108,151,142,180,77,269,134,162,181,164
"397141","Tatdn2",11,3,37,21,16,47,32,16,38,52
"511374","Htr1b",6,6,6,12,4,15,7,5,9,17
"89040","Phf23",36,54,34,52,40,103,35,29,41,67
"158990","Ppp2r2c",444,247,254,514,343,750,253,249,253,462
"444387","Sptssa",54,82,19,56,29,164,32,39,71,53
"332219","Vps39",0,6,4,6,0,4,0,0,4,3
"536625","Txndc9",15,45,34,29,17,39,13,22,44,37
"213223","-",20,22,13,18,15,47,13,13,22,18
"295415","Spata5",0,3,0,0,0,4,0,6,4,0
"446153","Trim9",61,55,112,81,85,117,50,75,129,73
"307175","Usp33",106,101,93,187,93,214,75,111,100,124
"255379","Rbm34",33,39,24,67,28,106,23,25,35,32
"200468","Fut10",8,10,0,9,3,3,6,7,13,7
"330396","-",122,167,279,147,129,386,137,140,224,205
"422580","Calb1",18,12,8,22,14,17,3,4,11,10
"368841","Dennd2a",4,0,4,3,4,12,3,6,0,0
"122206","Anapc7",17,33,92,40,33,93,58,35,67,126
"269361","Marchf6",0,4,0,0,0,15,0,0,0,0
"27386","Fxn",53,88,106,46,101,298,77,72,191,214
"489690","Atp2b1",4,8,20,7,9,15,9,5,20,20
"61484","Slk",44,23,25,59,33,68,25,29,53,62
"181695","Kctd12",23,18,17,24,16,64,15,7,28,35
"549963","Aox1",6,18,7,16,4,25,7,7,16,19
"248643","Zadh2",12,12,26,36,14,79,25,15,37,46
"184016","Dlg5",35,9,16,31,19,92,27,14,24,38
"279240","Cym",0,0,3,7,0,8,3,0,6,12
"49800","Pgm2l1",269,306,273,378,279,350,251,205,358,323
"290001","Rad1",0,9,3,7,0,0,0,4,3,0
"71444","Eif4a1",509,442,937,438,574,1094,557,320,867,989
"468055","Mta1",67,71,180,57,85,245,105,65,187,210
"488280","Uhrf1bp1l",8,8,0,0,8,13,4,9,17,6
"455823","Ntsr2",161,179,254,272,146,559,178,195,332,239
"81461","Sirt7",18,21,30,40,19,64,37,32,55,47
"94186","Psmb3",649,578,477,464,503,1447,606,407,844,1003
"85953","Ppp2ca",62,69,106,112,50,184,77,45,108,136
"135431","Gpr37l1",223,399,319,460,192,1072,371,369,626,485
"407950","Cdc26",33,19,27,45,28,78,37,23,37,44
"97011","Mrpl58",35,36,113,74,58,119,65,44,114,124
"437946","Gnb1",683,1007,1749,1419,1011,2497,1257,1013,2037,2011
"469886","Rps15",365,385,412,415,461,640,305,295,478,605
"482456","Rrp7a",70,137,255,107,97,309,190,98,253,303
"232063","Ankrd29",13,15,44,55,17,67,23,28,46,36
"70428","Ncor1",0,3,0,0,0,22,0,0,0,0
"124000","Pitpnb",205,243,436,255,231,641,292,215,521,473
"59983","Exoc6",24,59,11,65,15,50,20,19,15,30
"478391","Enpp2",303,305,161,259,192,376,119,181,177,183
"56033","mrpl11",0,11,9,16,0,14,11,11,17,20
"125874","Actb",970,1145,1037,1470,765,3006,1024,911,1527,2358
"461027","Tmx1",31,43,46,40,29,126,31,40,84,53
"514453","Hemk1",10,12,26,29,8,44,18,5,16,49
"407618","Txn1",101,126,60,136,61,105,57,77,74,86
"264441","Crhbp",23,3,10,23,11,9,3,6,17,10
"53759","Setd1a",37,55,71,59,50,165,76,56,85,95
"169953","Nsg1",6,4,19,14,8,30,13,9,17,31
"365229","Pon2",18,9,15,24,16,75,36,18,42,55
"387389","Stmp1",39,95,113,83,64,175,59,70,146,141
"517120","Pgr",0,5,0,0,0,20,0,4,5,0
"200906","Fgfr1",29,20,5,18,12,31,21,14,9,22
"269611","Lrrcc1",0,0,3,6,0,8,3,0,0,7
"255015","Agt",195,223,437,314,259,558,275,198,543,460
"77662","Mpp2",19,37,14,24,18,52,19,7,17,54
"273664","Ndufc1",167,201,382,274,175,620,288,159,420,483
"322106","Sh3glb2",174,419,1004,318,425,1689,758,405,1098,1498
"484125","Slc38a1",172,73,156,216,175,288,150,111,186,291
"200187","Gtf2e2",3,0,4,0,4,6,3,0,0,6
"562884","Chm",4,0,6,3,3,5,0,0,0,0
"202588","Myo16",0,4,0,0,0,0,3,0,0,3
"35612","-",14,3,14,9,12,24,13,9,28,24
"502938","Tyk2",5,6,7,6,4,12,9,5,4,11
"41829","Ctu1",7,24,33,7,14,40,28,25,30,28
"296212","Rab33b",4,6,6,12,4,5,4,3,5,5
"57375","Osbp",68,37,25,71,45,139,39,38,60,93
"247776","Acaa2",12,19,32,29,18,83,26,14,32,47
"117364","-",0,4,0,0,0,7,3,0,0,6
"419861","Tmem88b",30,17,44,45,24,99,47,24,78,92
"96597","Map2k6",7,11,19,8,13,22,17,13,18,20
"19127","Nup98",17,0,0,3,5,0,0,0,4,3
"474992","Tbk1",24,16,26,30,24,52,30,29,40,33
"21849","Atxn2l",53,55,51,72,53,109,57,44,54,61
"418021","Vps13d",11,17,35,16,18,60,20,24,15,28
"309498","Bnip5",0,3,3,15,0,7,0,4,3,0
"72968","Taok1",14,3,3,33,6,18,8,4,18,27
"457423","Ankmy2",55,85,15,87,26,135,37,69,70,71
"31816","Prdx3",21,43,17,38,18,48,34,20,33,39
"442005","Trib2",235,142,163,252,167,281,151,69,203,256
"170011","Evc",0,3,19,0,3,35,23,12,9,30
"516585","Zdhhc3",145,96,111,158,131,204,124,77,127,272
"220271","Phyh",107,60,62,100,63,239,50,55,99,110
"254688","LOC120098493",0,0,10,12,0,9,8,7,11,17
"500569","Krt77",0,0,5,6,0,0,0,7,5,0
"315622","Pfdn6",109,113,221,168,165,217,145,85,246,288
"524605","Rps27l",129,85,71,149,71,223,89,80,69,92
"480406","Slc45a4",0,3,9,13,0,21,10,6,13,16
"123182","-",5,10,5,3,8,18,4,0,15,29
"34844","Pdcd6",33,42,24,48,22,65,17,25,30,33
"137168","Xpr1",196,190,178,330,201,349,139,179,256,253
"160521","Camk2b",24,24,21,21,32,33,10,5,33,34
"148317","Astn1",149,109,133,219,110,263,100,126,199,235
"242903","Ube2d2",0,7,0,0,0,6,0,0,0,0
"240798","Ttr",1241,1022,1523,1183,1223,3180,1241,603,1432,1928
"61963","Mxi1",0,5,0,3,0,4,0,0,0,0
"258431","Tmem184c",0,4,0,0,0,9,0,0,11,4
"175205","Abhd6",7,4,21,10,8,30,8,19,32,20
"547923","Cnnm3",24,14,33,24,31,87,19,18,38,49
"184809","Kcnk5",0,0,6,4,0,5,0,0,7,3
"111881","Ttc3",44,49,26,65,39,96,25,20,93,94
"435991","Hp1bp3",134,97,136,248,116,309,138,132,205,175
"40868","LOC103690163",36,15,8,38,19,49,13,8,19,38
"356116","Syndig1",33,22,26,32,25,55,17,12,43,59
"574139","-",3,0,0,0,3,4,0,0,0,0
"234727","Pcdha4",0,0,4,3,0,5,7,0,0,8
"242450","LOC120098269",188,298,631,327,327,1092,487,412,819,777
"441136","Ncoa1",53,32,32,37,43,83,27,37,54,33
"3369","Fastkd3",31,26,30,26,25,111,20,14,31,38
"483711","Zcrb1",132,282,332,213,238,525,282,204,509,544
"270274","Stmn2",319,389,379,588,331,1048,382,445,551,470
"10017","Usf2",91,79,91,40,142,120,96,35,90,239
"407292","-",6,31,17,8,11,41,10,19,31,26
"224551","Nhlrc1",13,15,4,31,5,40,11,12,26,30
"87229","Btnl10",6,0,0,0,3,8,0,0,0,0
"10050","Fxyd1",184,295,86,215,173,321,75,163,145,112
"572928","Cox7b",397,560,443,595,338,896,360,634,638,641
"174654","Atxn7",14,8,5,10,9,10,10,3,6,12
"558692","Gpr173",9,9,3,18,4,3,0,0,5,4
"24967","Tmem151a",269,415,844,368,313,1309,494,330,846,977
"398849","Vamp1",242,230,337,462,232,1066,354,215,532,563
"150494","Cox20",15,21,31,26,15,63,18,12,33,33
"109855","Robo1",45,29,24,33,28,55,24,22,33,43
"540466","RGD1560357",19,11,6,20,12,14,9,11,11,8
"474891","Msrb3",8,3,0,0,5,0,3,0,0,3
"140742","Hnrnpu",17,24,67,64,23,136,64,68,63,65
"102671","Nit2",147,160,97,157,102,253,116,138,146,186
"63358","Gspt1",46,11,64,59,48,36,20,8,21,33
"238355","Me2",4,0,3,3,4,13,10,6,15,17
"288683","Mtrex",0,4,0,0,0,10,0,0,0,0
"272027","Sec62",23,20,15,22,17,42,13,15,42,41
"93910","Cbx1",46,21,11,26,25,65,30,24,31,35
"202826","-",0,8,0,0,0,5,0,0,7,3
"165997","Scfd2",3,13,24,3,11,21,11,13,17,19
"200742","Thap1",17,15,23,22,20,30,12,15,22,25
"88995","Neurl4",27,34,57,86,22,90,50,35,58,108
"93959","Mrpl10",27,36,71,50,25,106,35,30,89,94
"340684","Ralgds",108,146,144,149,147,224,83,87,146,162
"529844","Ccdc51",15,9,23,24,11,29,17,11,22,35
"554661","Neu4",9,17,43,16,12,72,23,15,29,38
"470807","Timp3",173,184,52,173,125,305,68,119,207,110
"147969","Tor1aip2",11,8,6,11,6,24,5,5,8,10
"530473","Dclk3",34,34,16,36,23,38,14,22,35,34
"496578","H1f0",225,210,457,191,301,592,380,156,571,703
"540152","Fn1",17,10,25,20,21,57,17,24,25,19
"256570","RGD1561919",23,55,90,43,31,107,57,56,105,129
"458294","-",0,0,3,10,0,10,4,0,3,16
"77357","Stat5b",56,75,63,45,72,201,66,47,94,96
"147713","Rgs8",58,122,170,140,96,336,103,116,229,189
"508484","Clk3",6,3,10,13,4,11,3,0,3,10
"486432","Atcay",37,35,62,51,35,158,48,24,56,124
"352924","Vps16",48,47,100,83,56,245,88,51,128,139
"51564","Spon1",30,85,66,59,31,133,61,64,113,89
"76926","Mien1",59,128,100,102,74,339,129,128,210,176
"75539","LOC120095172",26,31,24,18,26,75,38,36,35,37
"122431","Brap",47,42,109,75,64,137,73,72,66,109
"339830","Rgs19",31,11,18,38,19,53,20,26,67,62
"129776","Atp2a2",178,108,169,196,139,339,101,149,219,215
"135852","Ptprc",6,4,6,11,5,16,6,7,4,8
"512839","Pxylp1",4,0,0,0,3,11,0,4,7,0
"175232","Flnb",10,8,41,19,15,51,22,18,23,44
"426753","Snx30",0,8,0,0,0,4,0,0,0,0
"553101","Agfg1",22,18,4,34,7,11,9,10,11,13
"397431","Syn2",0,3,0,0,0,3,0,0,4,3
"432655","Slc2a1",114,141,54,161,81,232,63,47,117,106
"81452","Alyref",48,18,16,28,26,60,22,25,27,27
"475802","Lrp1",215,153,406,233,223,731,275,127,512,641
"553306","Itm2c",593,1661,1814,1727,956,3414,1262,1156,1789,2278
"24546","Ndufv1",147,378,515,336,221,1037,422,239,587,674
"85889","Cdkn2aipnl",63,83,92,118,57,177,101,52,133,154
"29658","Got1",228,375,312,347,220,938,290,271,591,450
"576341","Stag2",0,3,0,0,0,3,3,0,3,13
"415928","Nudc",440,389,697,573,425,940,460,345,635,1039
"507742","Elmod1",0,8,0,3,0,3,0,4,6,0
"98571","Cadm2",3,0,4,5,3,6,0,0,0,0
"350097","-",72,90,105,87,69,210,77,73,146,123
"95143","Fzd2",5,0,0,0,3,11,3,0,0,7
"226610","Abt1",22,22,18,58,13,41,14,26,14,18
"404793","Akirin2",6,8,3,9,3,11,7,0,3,20
"252957","LOC100911357",17,23,18,10,19,67,22,13,31,58
"523786","Anp32a",17,8,15,34,9,8,9,7,13,13
"544020","Emilin2",9,3,0,8,3,28,0,0,0,0
"258623","RGD621098",29,51,62,53,36,105,63,56,52,55
"163872","Mapk10",84,92,95,120,94,207,72,53,145,141
"29862","Mrpl43",7,9,13,13,6,79,16,14,20,23
"162452","Rps27a",14,7,10,7,12,34,12,13,20,17
"3082","Tppp",738,865,1121,1358,881,2695,947,835,1598,1578
"201451","Thsd1",3,3,5,0,6,15,0,3,15,3
"131286","RGD1306556",0,9,0,0,0,3,0,0,0,0
"224952","Dtnbp1",205,309,206,278,260,720,213,232,416,376
"61106","Mfsd13a",13,26,45,65,10,109,21,20,48,43
"358575","Ywhab",81,46,78,81,62,182,63,45,119,167
"543284","Vapa",329,281,326,379,281,436,276,242,369,568
"164398","-",10,0,0,8,3,9,0,0,0,0
"309246","Ilrun",340,509,570,682,389,1167,405,359,650,923
"309552","Cpne5",146,223,296,241,209,640,278,172,418,504
"55236","Cd151",29,82,74,51,53,182,65,60,76,104
"559597","Map7d2",3,0,0,0,3,3,0,0,0,0
"495052","Trmt12",7,0,13,21,5,36,22,11,15,24
"500288","Letmd1",59,68,126,99,86,210,116,75,165,200
"66542","Dock2",3,0,0,0,3,3,0,0,0,0
"389370","Ezh2",36,20,31,40,39,16,21,12,22,30
"18965","P2ry2",0,6,4,8,0,9,0,11,7,0
"330647","LOC100362814",33,41,98,103,32,193,69,40,96,111
"155366","Srp72",4,19,8,3,5,22,3,8,18,7
"393979","Snrpg",33,21,10,35,23,44,19,9,19,31
"39124","Zc3h4",20,28,14,34,17,51,20,18,28,27
"367880","Slc35b4",3,8,10,10,5,24,6,7,23,18
"339591","Kcnq2",111,62,169,152,90,221,118,91,123,200
"467098","LOC102555254",0,4,0,0,0,8,0,0,0,0
"445803","Dnaaf2",4,0,0,0,3,4,0,0,5,4
"502863","Eif3g",150,277,91,245,131,353,102,253,139,118
"109011","Pros1",9,18,0,22,3,11,3,13,0,0
"139219","Rgs4",58,98,60,114,46,160,78,107,78,62
"569088","Hsd17b10",50,65,69,116,51,134,82,50,94,121
"101389","Donson",7,12,3,6,5,23,3,0,4,11
"538725","Trak2",4,12,7,3,5,19,0,0,6,3
"277397","Snapin",28,26,27,45,26,61,26,29,62,42
"43329","-",10,15,10,5,12,4,9,9,12,9
"265843","Erbin",17,7,6,17,8,19,8,3,0,5
"531904","Mir138-1",7,5,24,8,10,34,11,3,27,35
"318060","-",324,228,910,359,547,620,698,218,807,1363
"193347","-",0,0,9,12,0,3,4,0,0,8
"365564","Rps4x-ps9",158,426,410,407,233,490,381,384,508,490
"28801","Btaf1",27,17,11,29,16,11,13,0,8,45
"464993","Nrxn3",64,20,32,86,41,49,20,25,62,34
"108508","Rtn4r",0,4,0,0,0,7,0,0,0,0
"78606","Ccdc47",136,99,86,92,109,179,99,100,139,183
"88940","Zbtb4",25,15,38,32,34,34,35,13,33,73
"280203","Gpr88",130,117,138,263,130,328,116,144,209,174
"123437","Rab35",49,27,40,48,51,60,36,15,31,76
"481896","Cbx6",1220,1007,1035,1771,1119,2072,828,673,1495,2042
"522471","Rdx",49,21,24,21,40,64,38,39,35,55
"264015","Rasgrf2",61,49,71,93,67,134,55,54,64,89
"503210","Elavl3",16,6,3,20,7,16,0,0,7,6
"242644","Srp19",59,98,82,77,56,163,50,65,86,96
"245106","Hsd17b4",19,8,3,14,7,14,6,9,11,8
"533768","Rsph9",22,44,91,54,34,175,65,40,68,87
"246316","Csnk1a1",7,0,9,10,7,26,10,5,8,15
"245437","Snx24",8,3,7,9,8,6,7,14,11,6
"474151","Trhde",4,11,13,10,6,7,7,5,11,10
"404339","Fut9",5,4,22,3,8,35,3,4,22,12
"307942","Lrrc40",44,33,24,43,44,55,24,10,37,57
"249750","Cx3cl1",502,452,586,493,557,1457,428,447,786,1069
"182912","Dzip1",68,102,107,160,82,233,93,69,160,178
"346743","Osbpl6",0,6,0,3,0,3,0,0,0,0
"496957","Cacna1i",43,72,87,96,37,122,62,51,86,92
"480904","Sharpin",86,120,203,95,99,277,128,85,207,299
"94399","Thra",0,0,3,3,0,14,11,9,17,15
"110314","Cxadr",20,6,8,25,15,58,19,24,21,25
"175553","-",325,453,332,407,356,873,268,278,573,665
"397867","Zfp239",0,3,0,0,0,10,0,0,0,0
"454546","LOC120103492",21,26,41,31,23,44,16,12,32,48
"272433","Pex5l",16,15,18,12,15,20,12,5,13,28
"557505","RGD1564613",0,3,0,0,0,0,0,0,5,3
"341222","Sptan1",973,1449,1453,1713,834,2044,1009,903,1272,1298
"258900","Pla2g15",7,29,35,5,16,70,15,25,20,23
"312888","Supv3l1",42,40,32,27,48,72,22,20,28,46
"218503","Jcad",37,52,97,68,51,141,75,57,100,102
"279206","Cept1",275,246,209,308,186,597,185,184,330,309
"414855","Ncdn",586,869,709,1325,577,1618,628,556,849,1211
"292923","-",13,14,20,12,17,51,14,18,22,29
"55781","Pitpnm1",163,300,659,357,260,879,466,241,581,750
"82355","Litaf",20,20,39,69,16,122,24,26,82,48
"474949","Tbc1d30",7,3,8,11,6,16,11,3,11,19
"166813","Atp8a1",63,95,127,110,69,165,93,64,109,116
"108179","Dvl3",62,66,58,97,40,120,56,65,69,68
"281856","Sec24b",18,19,24,20,24,37,8,15,8,9
"26714","Psat1",232,192,152,292,190,519,187,142,243,256
"316777","Trpm2",87,54,36,61,60,112,50,34,60,112
"458558","Nrcam",192,135,242,190,191,416,182,80,252,333
"43356","-",21,5,4,11,9,3,0,0,0,0
"349054","Lrrc4c",33,13,31,42,36,64,35,42,46,49
"121288","Ran",102,148,135,207,123,240,117,129,201,184
"195174","Shld2",8,3,3,3,5,8,3,4,17,9
"372942","-",0,3,0,0,0,5,0,4,3,0
"433665","Lsm10",23,38,66,31,32,105,52,34,76,78
"528784","Rab6b",132,170,155,182,136,258,99,126,195,127
"481719","Kcnj4",80,130,194,174,85,302,175,164,174,174
"511022","Mlip",0,3,0,0,0,9,4,5,3,3
"182720","-",0,6,0,0,0,5,3,0,0,4
"399335","Smim10l1",243,259,645,316,373,1003,474,301,789,825
"531360","Mobp",73,147,63,101,63,198,55,49,61,111
"117824","Fry",51,23,35,78,36,79,16,19,55,55
"508153","Tspan3",594,578,470,495,537,853,491,514,747,990
"123340","-",13,10,11,9,18,23,17,3,9,37
"379981","-",0,0,4,3,0,5,0,0,0,0
"126707","Zscan21",18,16,16,17,17,50,17,17,36,25
"107067","Pigz",0,7,0,0,0,3,0,0,0,0
"255095","RGD1562218",5,3,0,0,5,7,0,0,0,0
"43792","Herc2",0,3,0,0,0,9,0,0,0,0
"232099","Osbpl1a",321,302,386,415,280,671,314,436,532,564
"539580","-",0,0,3,9,0,6,0,3,4,0
"173880","Adk",85,125,157,141,108,315,127,73,205,352
"161856","Usp34",12,8,5,29,6,6,4,5,15,7
"40024","Zfp526",13,33,34,15,21,68,16,16,44,54
"416077","Dhdds",15,11,9,10,14,15,4,5,17,8
"454207","LOC102556504",25,21,103,27,44,39,21,9,26,64
"413109","Rps8",762,523,601,998,804,1494,463,564,910,854
"43567","Luzp2",48,52,50,21,73,113,88,28,129,189
"522977","Cspg4",6,6,23,15,7,16,10,3,15,37
"438034","Ssu72",106,80,90,100,78,279,75,27,122,206
"313823","Amd1",668,502,542,666,642,1200,459,421,684,1012
"511235","Tmem30a",12,3,0,10,3,13,3,0,3,16
"536539","Cracdl",111,95,141,175,109,349,179,111,243,449
"321938","Ntng2",26,19,33,32,27,61,40,29,27,35
"399415","-",0,4,0,0,0,6,0,0,0,0
"40590","Rps16",26,30,15,28,19,18,13,23,14,16
"528984","Mrpl3",29,15,15,21,17,28,13,9,11,19
"486562","Lingo3",56,30,32,57,48,78,37,33,59,55
"365027","RGD1565361",0,7,0,3,0,3,0,0,0,0
"398298","Slc25a18",171,129,121,150,130,307,107,93,102,175
"287041","Tbca",169,256,84,255,124,280,117,142,189,143
"291763","Ankh",27,15,0,9,7,7,0,0,0,0
"36458","Tulp4",35,10,4,33,12,23,10,6,5,15
"506078","Phldb1",59,117,114,93,90,324,117,89,141,180
"331697","Dph6",10,6,0,6,4,19,0,0,0,0
"466171","Glrx5",416,354,211,395,264,751,211,194,343,451
"537213","Tgfbrap1",15,11,39,42,17,69,33,13,42,65
"360349","Osbpl2",18,35,58,34,33,105,44,22,71,115
"369197","Tcaf1",26,27,29,39,31,71,28,13,30,60
"373148","Cnbp",589,189,181,497,282,343,168,152,314,371
"557519","Atp6ap2",1018,762,721,843,831,1388,729,647,1070,1517
"112066","Ets2",187,196,129,136,152,298,137,131,181,241
"21440","Ndufab1",4,0,3,0,5,16,6,6,3,7
"496176","Cyc1",308,437,506,540,334,900,429,270,554,614
"149533","-",198,184,123,166,198,377,136,96,209,229
"113994","Gap43",251,229,246,399,237,546,222,299,329,370
"97802","Baiap2",68,165,93,202,52,242,73,77,154,184
"177679","Fdft1",12,32,18,31,11,57,12,16,66,28
"360287","Lsm14b",197,146,173,218,130,306,149,158,253,241
"167889","-",121,101,74,185,82,301,69,80,126,90
"303307","Psrc1",3,7,3,8,3,19,3,11,8,4
"253105","Slc7a6os",10,21,36,25,10,57,26,26,35,42
"72521","Wdr81",5,20,34,10,13,46,27,18,37,45
"145841","Pik3c2b",46,35,19,30,28,70,26,17,37,56
"378424","Prmt8",103,157,134,226,108,226,92,109,173,179
"180487","Pcdh9",0,0,7,11,0,3,0,0,3,3
"195017","Timm23",6,12,6,11,6,24,7,6,3,8
"578510","-",0,7,0,0,0,3,0,0,0,0
"535027","Rims1",3,0,0,0,3,4,0,4,5,0
"120973","Tyw1",24,37,27,47,22,103,35,20,61,66
"505054","LOC103693048",0,3,0,0,0,8,0,0,0,0
"113093","-",0,0,0,0,0,10,5,0,0,11
"279466","Gstm7",131,313,122,308,91,225,113,148,132,111
"533720","Yipf3",44,82,87,117,59,151,57,35,95,126
"227617","Ggps1",0,0,4,3,0,4,0,0,0,0
"31148","Ablim1",50,75,104,65,79,245,85,63,126,184
"412999","Tmem69",13,22,20,11,19,24,8,8,28,17
"447193","Actn1",91,64,96,110,102,224,103,71,135,167
"461407","Ppm1a",101,129,105,202,92,339,105,148,216,147
"75710","Hlf",19,7,18,21,17,21,7,13,33,22
"447508","Synj2bp",21,24,54,31,21,90,17,28,38,31
"513768","Cdv3",70,65,72,76,84,227,71,59,100,114
"198057","Mfap3l",0,3,0,0,0,7,0,0,0,0
"271952","Cldn11",820,907,1648,1129,941,2535,1204,863,1623,1673
"347868","Celf1",45,45,125,78,62,202,116,67,159,187
"340175","Entpd2",9,18,27,51,10,52,23,19,15,23
"256133","Cnot1",125,80,56,133,112,279,68,39,141,184
"205543","Gatad2a",12,18,6,25,8,21,10,6,7,17
"27135","-",0,3,0,0,0,7,0,0,0,0
"268528","-",23,8,8,18,17,30,7,9,21,19
"348367","-",102,80,54,132,62,174,56,72,106,77
"39136","LOC108349548",4,27,12,8,6,33,18,18,22,19
"139757","Atp1a2",125,95,198,184,130,288,140,62,198,250
"200155","Saraf",434,432,398,543,287,1214,360,430,704,660
"312801","-",4,13,0,0,3,3,0,0,0,0
"53500","Zfp771",98,188,193,162,104,294,127,173,195,216
"1501","Vta1",12,6,19,14,13,21,5,13,18,12
"199189","Sorbs2",63,45,29,54,35,68,27,15,38,56
"123592","Sppl3",0,9,0,3,0,3,0,0,0,0
"318793","Vsir",12,24,18,18,11,35,8,13,10,11
"411620","LOC120102932",41,0,24,38,21,16,0,0,12,4
"52264","Mosmo",8,16,20,15,9,66,19,21,18,19
"447129","Zfyve26",0,6,0,0,0,3,0,0,0,0
"145982","Plekha6",24,36,34,31,29,53,36,13,24,48
"163252","Glmn",19,16,48,25,19,81,27,44,45,39
"521077","Ccdc153",0,6,0,0,0,3,0,0,0,0
"233076","Ino80c",135,141,164,160,116,309,163,129,259,269
"76142","Sgca",13,17,16,40,9,36,18,5,13,28
"205688","Lzts1",3,0,0,0,3,5,0,0,6,3
"90924","Phf12",14,14,7,13,11,13,14,15,17,13
"484267","RGD1565798",23,17,3,11,18,171,16,10,26,41
"579604","-",7,0,10,7,5,9,5,3,9,13
"346567","Hnrnpa3",16,30,23,31,18,49,27,27,26,28
"402513","Tmem68",97,47,70,154,69,121,66,58,85,80
"109405","-",0,3,3,3,0,0,3,3,3,3
"415238","Txlna",15,19,9,22,9,46,7,26,19,10
"525954","Arpp19",105,98,96,139,70,139,87,80,88,107
"128147","Auts2l1",11,14,0,6,4,11,4,3,3,7
"55627","Mrpl21",0,0,5,4,0,21,0,0,13,7
"158769","Drd5",0,0,0,0,0,10,0,0,4,4
"164115","Hpse",0,0,0,0,0,8,0,3,6,0
"504713","Foxred1",36,31,29,45,39,136,60,32,73,114
"67854","Ttc1",76,130,120,132,62,249,77,103,154,123
"145597","Nucks1",37,35,24,49,35,112,32,15,53,92
"497676","Septin3",11,18,31,14,21,54,15,19,25,26
"154405","Dck",63,35,16,30,42,77,26,23,31,52
"480553","Lynx1",0,3,3,16,0,10,0,0,7,4
"11109","Emc10",0,5,0,0,0,3,0,0,0,0
"475017","Xpot",26,23,7,29,16,37,18,13,15,30
"49225","Ints4",25,42,29,37,33,77,25,19,49,57
"130916","Git2",0,5,0,0,0,3,0,0,0,0
"370118","Scrn1",21,23,16,46,18,47,15,16,27,25
"299173","RGD1560010",4,0,3,0,5,14,0,0,0,0
"122963","Fbxo21",0,0,0,0,0,7,0,3,6,0
"88407","Gas7",0,0,5,6,0,18,0,0,0,0
"60909","Dpcd",54,106,62,105,59,98,48,42,108,95
"254313","-",0,0,0,0,0,9,0,3,6,0
"80086","Fdxr",10,15,25,23,14,52,19,3,23,62
"9365","Samd4b",19,36,45,22,27,96,32,16,62,68
"173720","Vdac2",337,189,242,286,268,695,244,205,373,367
"347602","LOC100361457",0,3,0,0,0,6,0,0,0,0
"91149","Ift20",120,135,199,197,130,494,169,129,280,266
"437145","Gpr157",0,6,0,0,0,12,0,0,12,5
"295687","Jade1",6,9,12,3,14,25,9,5,16,23
"563579","Timm8a1",3,6,37,16,5,33,14,5,12,36
"80108","Hid1",88,202,232,216,122,306,166,126,197,232
"336423","Necab3",42,56,64,83,33,188,71,60,74,93
"85541","Rnf130",88,76,49,95,51,134,39,49,56,54
"351660","Serf2",337,467,453,781,370,1182,504,402,641,794
"330463","Fjx1",26,11,75,48,34,136,56,28,90,117
"130000","Erp29",0,0,0,0,0,4,0,0,3,3
"391626","Grid2",3,3,12,11,3,8,3,9,4,3
"86566","Hint1",518,1067,1284,658,1006,2616,1111,975,1675,1971
"350956","Bahd1",41,29,43,58,47,78,37,31,54,63
"559234","Ap1s2",48,64,55,69,42,138,71,47,116,121
"378377","Tigar",13,17,16,15,15,29,19,13,23,40
"93355","Car10",11,0,0,5,3,8,0,0,3,3
"133188","Ralb",39,50,38,70,42,104,49,33,53,78
"129777","Atp2a2",257,421,237,413,179,493,227,276,259,309
"432357","Zswim5",25,36,47,32,29,88,39,23,30,71
"165457","Epha5",41,67,43,71,45,95,30,41,32,32
"540403","Usp37",8,16,3,8,8,33,12,17,13,14
"414973","LOC120093072",1070,2316,2340,2556,1501,4492,1837,1805,3167,3463
"171217","Ap1b1",12,4,7,19,7,13,16,3,7,36
"353460","-",337,401,489,762,343,1108,440,384,618,647
"276719","Pear1",0,3,0,0,0,17,3,3,3,5
"444479","Cfl2",28,29,19,48,22,44,12,16,35,31
"296218","LOC103691564",0,0,0,0,0,11,3,0,5,21
"538508","-",3,3,0,0,3,0,5,0,0,5
"29901","Fbxw4",48,62,92,81,70,220,82,87,127,138
"102843","Rpl24",75,72,116,85,67,168,64,53,83,101
"228802","Pfkp",220,250,351,317,185,813,296,194,360,569
"470425","LOC102546572",27,37,43,41,35,114,39,22,59,98
"471212","RGD1563365",0,5,0,0,0,3,0,0,0,0
"120149","Vgf",0,0,3,3,0,4,3,0,3,13
"153140","Spp1",54,39,15,97,30,139,31,28,53,67
"435961","Eif4g3",21,18,44,32,18,67,25,21,41,47
"19088","Nup98",22,29,51,56,25,55,31,30,55,67
"158087","-",0,3,3,5,0,0,0,4,4,0
"135270","Ndufv3-ps1",0,10,6,11,0,18,0,3,28,3
"17141","Cpeb1",36,26,23,22,32,14,7,23,18,10
"431144","Scp2",4,11,8,10,4,0,0,7,6,0
"518808","Igsf9b",8,9,3,5,5,10,0,7,6,0
"569632","Frmpd4",15,16,23,20,20,22,13,17,22,21
"193810","Polr3a",0,0,0,0,0,4,0,0,3,3
"317127","Smarcb1",82,112,108,110,86,256,101,122,158,203
"536292","Uggt1",19,35,24,40,19,58,16,27,28,27
"25355","LOC120097382",21,30,48,42,31,93,22,23,53,51
"262293","Ntpcr",0,0,0,0,0,13,0,0,9,3
"173653","Lrmda",4,7,8,4,5,6,3,7,7,3
"123933","Tpst2",0,4,0,0,0,23,5,0,4,19
"447691","Zfyve1",20,12,31,17,18,29,20,11,36,47
"41554","LOC108348090",0,5,0,0,0,6,3,3,4,5
"308878","Atf6b",128,50,191,96,177,346,89,91,219,231
"248140","-",3,0,3,0,6,7,0,0,5,3
"94507","Casc3",134,103,74,153,99,260,68,85,132,155
"398089","LOC120102377",0,3,0,0,0,10,5,0,3,15
"506407","Cep164",0,4,0,0,0,12,0,0,9,4
"347348","Fam171b",0,0,0,0,0,9,0,0,4,4
"111661","LOC120093083",0,6,0,3,0,7,0,0,5,3
"375874","Atp2b2",21,11,0,10,7,25,5,7,9,10
"163611","-",66,52,99,88,63,160,122,29,86,211
"152655","Rpl5",390,258,759,285,575,1056,419,307,676,1078
"255639","Cdh11",8,5,4,7,5,4,10,0,17,75
"226178","Sox4",27,30,61,60,30,79,41,15,62,139
"333353","Cops2",22,47,36,53,28,84,37,40,56,57
"416430","Rcan3",4,5,5,8,4,21,6,7,5,8
"306711","RGD1560065",35,53,57,42,54,108,37,30,58,67
"303336","Taf13",55,59,57,47,56,162,55,68,104,76
"169394","Qdpr",192,186,168,221,130,468,156,207,235,223
"108707","Hic2",6,10,3,15,4,7,4,0,3,12
"287972","Elovl7",61,33,19,31,39,127,18,29,43,29
"118798","Rsph10b",10,0,23,10,10,29,5,6,11,13
"463246","Psen1",35,36,35,15,51,90,21,30,66,37
"88628","Myh10",44,53,102,39,57,115,65,32,68,107
"37858","LOC682225",0,0,0,0,0,9,0,0,4,4
"65867","Rab11fip3",9,8,3,4,8,4,3,3,11,6
"179599","Akap11",8,18,10,11,11,30,13,17,26,23
"384829","Foxp2",26,22,24,59,18,43,18,14,38,54
"167248","-",0,0,0,0,0,20,7,9,4,4
"415203","Hdac1",0,0,0,0,0,13,3,0,9,29
"518220","Timm29",102,132,198,179,99,389,147,117,276,268
"236188","-",27,20,7,9,26,21,14,12,23,29
"529647","Dalrd3",78,95,61,117,62,213,67,54,77,82
"348328","LOC102546895",0,3,3,8,0,0,4,0,3,9
"30818","Xpnpep1",37,96,190,61,82,380,130,82,264,363
"151127","Srp9",7,17,8,5,11,30,12,10,16,18
"331880","Fam98b",10,3,0,8,4,3,0,4,5,0
"496849","Tab1",16,30,81,29,30,106,36,28,65,63
"556839","Usp11",61,106,113,115,71,254,85,68,131,132
"130761","Gatc",3,5,11,26,3,35,10,17,21,17
"219775","Tasor2",0,0,3,7,0,6,0,0,0,0
"532026","Lars2",0,3,0,0,0,5,0,0,0,0
"200121","Ppp1r3b",5,0,0,0,4,4,5,5,4,6
"184526","Camk2g",247,228,214,268,261,507,258,258,304,408
"112801","-",30,4,27,36,20,46,15,5,8,30
"282505","Rap1gds1",355,371,309,485,294,752,290,318,427,578
"167495","-",7,0,6,4,6,0,0,5,4,0
"192836","Abcc4",0,3,4,4,0,0,0,0,0,0
"111186","LOC100911990",6,3,3,7,4,11,4,0,6,27
"356662","Ccm2l",8,14,21,26,9,7,3,0,11,18
"303557","-",0,4,0,3,0,0,0,0,0,0
"79891","Fam104a",0,3,4,14,0,8,0,0,0,0
"256387","Bbs2",24,16,19,27,23,71,31,18,32,62
"569186","Iqsec2",15,21,12,31,11,69,16,13,32,47
"316804","Fam207a",30,39,105,58,36,165,76,30,111,170
"87906","Specc1",12,12,8,17,9,20,6,3,8,10
"125631","Tecpr1",223,281,490,403,299,902,336,286,509,684
"19751","-",0,0,6,6,0,6,0,0,0,0
"452750","-",13,4,11,3,15,31,10,3,14,33
"571811","Apoo",96,107,94,133,87,328,117,86,161,169
"108155","Ap2m1",89,172,153,240,83,210,112,81,100,204
"309397","Fkbp5",92,65,32,56,69,41,32,25,31,57
"424789","-",0,0,4,4,0,6,0,0,4,3
"134761","Nfasc",0,3,0,0,0,4,0,0,0,0
"38926","LOC102549530",0,0,0,0,0,0,0,0,13,3
"504821","Stt3a",3,6,8,4,6,16,5,7,19,12
"321636","Sec16a",21,43,50,65,25,87,55,31,46,94
"137699","Brinp2",3,0,0,0,3,0,0,0,0,0
"343717","Fmnl2",85,58,59,66,87,133,62,61,99,90
"146112","Rabif",18,21,60,57,20,106,30,33,62,45
"122053","Psmd9",7,8,3,25,4,12,8,14,15,10
"194999","Dph3",0,3,0,0,0,4,0,0,0,0
"76772","Cacnb1",3,0,12,0,7,37,14,4,15,30
"107295","Opa1",6,14,36,8,13,30,9,7,10,11
"336261","Nol4l",38,35,50,72,41,97,32,38,69,65
"237497","Mppe1",12,6,0,6,4,0,0,0,7,4
"381435","Cdk5",118,149,266,174,126,415,207,162,269,309
"432196","Ipp",17,29,50,26,28,86,40,22,47,67
"39703","Rtn2",4,8,16,3,7,29,17,5,17,36
"2845","-",3,3,0,0,3,8,0,0,0,0
"371103","Mrpl35",51,35,32,58,42,59,38,11,26,60
"67714","LOC102548672",114,70,136,141,103,244,140,64,169,237
"160648","Tmed4",26,40,15,34,25,106,21,18,54,57
"286435","Tmem167a",27,21,40,25,32,55,36,21,43,50
"273003","Ankrd50",67,34,27,44,40,86,26,28,33,36
"22017","Taok2",74,62,111,132,58,100,43,26,76,110
"89188","Pld2",9,10,69,8,28,83,29,18,74,78
"259554","Zfhx3",4,0,9,10,3,15,6,3,12,13
"264079","Msh3",22,20,10,43,11,40,17,16,28,36
"577964","Bgn",39,61,62,76,46,136,56,39,65,86
"86633","G3bp1",61,46,35,86,51,134,47,38,77,98
"442567","-",8,3,0,3,3,0,4,0,3,10
"278974","-",4,0,3,0,4,0,0,0,0,0
"5796","Rgmb",33,32,74,69,45,91,62,50,87,101
"316045","Mapk14",0,3,0,0,0,4,0,0,0,0
"542583","Chchd2",770,1296,761,1009,638,1661,798,1062,1060,1169
"46119","Pde8a",25,16,11,18,20,74,14,13,28,38
"159752","Tacc3",6,0,0,3,3,0,0,0,0,0
"507989","Etfa",29,29,7,50,10,45,10,22,21,14
"61372","Pdcd11",15,17,11,20,12,47,26,17,13,21
"21107","Eri2",0,0,0,0,0,3,3,0,0,3
"236992","Arhgef37",9,14,8,0,21,29,15,3,18,37
"237697","Fam210a",0,0,5,6,0,5,0,0,12,4
"152501","-",43,32,28,58,39,78,26,19,41,50
"141837","Tgfb2",10,6,12,12,8,12,9,4,6,15
"332173","Mapkbp1",45,42,64,90,38,37,16,8,34,56
"536504","Coa5",162,169,93,242,99,384,96,140,187,182
"400131","Slco1c1",11,20,56,18,18,113,42,39,52,54
"147970","Tor1aip2",23,27,59,47,34,115,58,31,70,110
"343268","Epc2",3,0,4,0,4,3,0,0,0,0
"556272","Dlgap1",173,117,196,227,177,379,178,136,300,408
"384660","LOC502730",0,0,0,0,0,4,3,0,4,17
"25618","Fkbp2",154,134,265,95,187,310,122,142,271,248
"237323","Nars1",25,19,19,25,24,63,11,10,21,20
"316723","Trappc10",6,3,0,0,5,9,5,4,4,8
"300193","Smg5",4,9,43,17,6,50,25,16,23,42
"488124","Washc3",29,32,27,47,28,60,38,37,62,57
"524305","Rbpms2",7,16,10,19,5,24,7,10,31,17
"515965","Rbms3",6,6,3,10,5,16,0,0,17,7
"248187","Atp5f1a",881,1187,1030,989,790,2162,889,788,1206,1602
"172471","Vps54",25,13,7,11,15,24,6,4,9,12
"131137","Sart3",23,38,31,22,29,109,30,31,43,61
"332175","Jmjd7",3,7,4,4,3,13,6,4,3,8
"3295","Med10",130,176,145,227,148,252,145,131,202,234
"553663","Gigyf2",18,18,7,15,11,37,7,14,23,15
"332044","Dnajc17",16,78,50,23,21,81,35,24,47,66
"347803","C1qtnf4",172,275,270,310,140,481,217,122,260,401
"135701","Camsap2",47,88,95,91,41,204,90,102,95,113
"149404","Aldh9a1",64,52,92,89,60,160,85,42,104,145
"253075","Slc12a4",41,39,123,60,48,212,76,37,139,185
"457437","Sostdc1",7,9,15,4,10,30,5,3,10,15
"51143","LOC100911864",4,5,0,0,4,8,0,0,0,0
"274159","Nbea",3,0,0,0,3,0,0,0,0,0
"396336","Bhlhe40",127,90,50,84,75,165,72,57,68,102
"277062","Mtx1",70,101,79,100,84,295,89,55,128,180
"333863","Pced1a",3,4,21,15,4,23,11,9,16,25
"170430","Mfsd10",22,12,28,39,14,150,28,20,42,59
"69367","Ybx1-ps3",0,3,0,0,0,4,0,0,0,0
"482312","Cyp2d4",0,0,0,0,0,7,6,0,0,6
"100497","App",3,3,6,0,8,25,4,4,18,16
"309576","Ppil1",34,40,11,48,19,45,27,29,23,38
"271358","Nlgn1",13,0,5,3,10,42,7,3,11,24
"370179","Znrf2",0,4,6,7,0,0,0,0,0,0
"347414","Ypel4",81,48,121,122,74,232,90,37,80,211
"300066","Mef2d",150,163,110,167,126,269,91,118,133,164
"570549","-",0,0,4,3,0,7,0,0,6,3
"146863","B3galt2",30,30,20,50,23,58,20,21,59,41
"536670","Aff3",49,69,103,96,61,136,58,62,106,117
"534248","-",0,0,0,0,0,3,0,0,3,3
"243505","Pcdhb19",0,4,0,0,0,15,0,0,4,3
"113232","Alcam",8,4,5,5,7,14,6,7,18,17
"181952","Ednrb",0,0,7,15,0,21,0,10,11,0
"450812","Jag2",0,5,0,0,0,18,3,5,5,4
"538390","Sf3b1",107,106,148,184,114,267,101,120,170,144
"221008","Rsu1",19,26,18,17,16,27,10,20,38,19
"165710","Noa1",11,27,11,45,6,58,24,29,16,25
"268471","LOC120100742",12,24,25,35,12,15,13,7,13,17
"343071","-",0,0,0,0,0,5,0,0,3,3
"184534","Ndst2",4,0,3,0,7,21,9,3,4,14
"295239","Exosc9",9,3,0,3,3,19,4,3,21,18
"91971","Rasl10b",4,19,19,6,8,32,9,16,18,17
"447968","Rps6kl1",43,16,27,38,27,90,39,16,81,115
"514914","Ndufaf3",25,39,22,29,23,39,18,29,43,37
"466420","Ccnk",140,143,151,185,135,404,129,93,167,192
"467424","Dync1h1",173,172,540,367,270,806,369,221,480,714
"170296","Htra3",0,3,0,0,0,3,0,0,0,0
"101480","LOC103693540",8,24,7,8,8,17,12,19,29,16
"150878","Cdc42bpa",41,30,40,28,37,74,20,17,38,45
"233420","Celf4",0,0,3,4,0,11,0,0,7,5
"89305","Kif1c",28,35,46,37,29,111,28,20,54,77
"404532","-",0,0,0,0,0,3,4,0,0,8
"397857","Zfp239",3,0,0,0,3,0,0,0,0,0
"285784","Cetn3",44,44,48,44,42,90,54,56,56,79
"173719","Vdac2",0,11,4,23,0,12,6,0,0,10
"280192","Vcam1",3,3,0,0,3,6,0,0,0,0
"578140","Taz",9,18,29,18,13,61,30,31,45,39
"322692","Garnl3",31,77,23,49,24,44,19,29,12,18
"575846","Klhl13",19,7,0,12,5,0,0,7,6,0
"501375","Cep126",4,4,0,0,4,9,0,4,3,0
"538215","Hecw2",0,3,4,4,0,0,0,0,0,0
"73097","Pipox",0,0,0,0,0,3,0,0,3,3
"159100","Grpel1",38,44,37,54,29,48,45,23,38,77
"208667","Fam149a",9,3,0,3,4,10,4,3,6,6
"356708","Tm9sf4",10,8,25,20,11,54,12,15,15,13
"365459","Ica1",18,43,28,44,22,71,29,41,50,43
"107782","Eif4a2",60,28,3,40,25,98,18,20,46,42
"52922","Lcmt1",0,0,4,6,0,12,3,0,3,9
"78416","Cdc27",5,0,10,8,4,25,7,16,26,11
"452185","Nrxn1",11,4,3,9,6,11,4,13,11,6
"435603","-",3,0,0,0,3,0,0,0,0,0
"146876","Glrx2",64,89,81,129,59,151,72,82,129,145
"438884","Prkce",37,54,61,76,33,135,42,38,79,98
"256298","Ciapin1",11,9,3,7,8,4,3,14,0,0
"33218","Hbs1l",0,3,0,0,0,3,0,0,0,0
"424495","Ube2r2",67,89,114,181,73,252,130,97,167,212
"251968","Dnajb1",74,103,120,125,61,179,90,92,122,136
"406302","Zbtb5",14,0,18,20,12,22,12,13,13,16
"428271","Rraga",80,67,56,53,91,129,54,37,93,129
"138803","Pou2f1",15,22,4,19,8,31,0,0,6,3
"246438","Apcdd1",63,37,75,91,71,110,82,62,119,143
"24364","Ano1",0,0,0,0,0,10,6,6,6,10
"528655","Amotl2",21,39,50,52,27,101,21,23,76,53
"4378","Tmem242",14,22,32,36,13,50,21,26,30,34
"139182","-",0,0,0,0,0,6,0,6,10,0
"340748","Ak8",3,0,7,3,4,6,0,0,0,0
"82098","Pdxdc1",0,0,0,0,0,0,3,4,0,0
"87418","Mprip",636,510,422,564,616,1229,408,332,738,952
"146456","-",0,0,3,4,0,3,3,0,6,12
"126868","Mospd3",36,91,60,100,34,131,79,90,103,133
"543425","Ankrd12",0,0,0,0,0,9,3,0,0,7
"455492","-",6,0,4,5,3,0,0,0,0,0
"82939","Nmral1",83,48,46,75,62,126,42,59,73,78
"255945","Cdh8",7,4,0,0,6,14,6,5,6,7
"77528","Coa3",68,106,45,151,52,133,75,71,67,99
"133373","Insig2",75,83,78,68,76,151,62,55,112,101
"92886","Mrps23",89,144,180,169,98,301,121,94,182,184
"512348","Zic1",13,10,20,31,13,29,16,25,19,16
"389362","Cul1",0,0,3,9,0,3,0,6,7,0
"559627","Eif1ax",46,73,79,93,49,178,70,76,105,92
"76120","Xylt2",19,66,134,64,32,204,91,64,98,118
"407877","Inip",9,20,33,10,18,43,19,21,46,45
"459056","-",4,0,0,0,3,8,0,0,0,0
"299818","Etv3",19,19,13,36,13,17,9,10,34,19
"10255","Lsm14a",34,29,21,20,35,106,27,17,41,71
"346996","-",3,0,5,0,4,0,0,0,0,0
"480502","LOC103692937",0,0,0,0,0,5,0,0,3,3
"348534","Lrrc4c",7,3,0,0,4,0,0,0,0,0
"189377","Entpd4",37,146,115,131,50,298,93,83,211,191
"178574","Chmp7",38,23,49,75,30,206,69,12,87,211
"517205","-",0,3,0,0,0,3,0,0,0,0
"334789","Mkks",28,41,19,63,16,91,22,22,30,40
"208824","LOC102547443",5,3,0,0,3,0,0,0,0,0
"153918","Septin11",30,27,19,36,19,83,30,29,46,48
"279934","Prmt6",0,0,3,3,0,9,0,4,3,0
"269567","Car2",17,24,65,34,19,101,46,40,77,85
"538416","Sf3b1",0,3,3,3,0,0,0,0,0,0
"553024","Rhbdd1",0,3,0,0,0,3,0,0,0,0
"163610","Hsd17b13",12,7,9,9,13,41,21,8,34,52
"379545","-",0,0,0,0,0,21,0,4,6,0
"90296","Myo1c",19,58,105,16,53,115,59,61,96,110
"242932","Cxxc5",76,120,80,172,61,196,91,71,96,167
"508640","Neo1",0,0,0,0,0,0,0,4,3,0
"82859","Rogdi",261,305,560,432,325,836,386,258,583,903
"418194","LOC691280",11,10,9,6,13,20,3,7,16,6
"325368","Cacnb4",0,0,0,0,0,4,3,0,3,8
"278121","Polr3c",7,20,8,40,4,24,9,22,30,18
"337912","Kcns1",38,55,124,89,51,157,44,40,95,113
"35327","Mtrr",0,3,0,0,0,0,0,7,11,0
"156894","Ube2k",36,49,47,64,35,151,56,59,86,109
"372414","Ankrd53",19,11,7,10,13,51,16,24,27,21
"36945","Qk",0,0,0,0,0,8,0,4,7,0
"350943","Ivd",8,12,6,3,13,18,8,11,9,9
"191164","-",0,10,21,0,3,10,4,0,6,16
"60351","Zdhhc16",18,29,19,28,15,77,26,27,41,38
"213950","Ntrk2",152,82,279,305,114,212,128,113,202,217
"509207","Map2k5",25,52,84,52,36,136,79,48,108,183
"217008","LOC100909866",15,16,12,26,11,21,12,16,25,16
"366591","Tmem229a",9,18,25,9,12,29,17,13,28,32
"463892","Ift43",7,4,0,7,3,9,0,5,5,0
"190604","-",10,0,0,0,8,0,0,0,0,0
"489682","Atp2b1",340,277,187,332,327,625,221,216,392,411
"514150","Alas1",25,31,33,27,34,81,52,38,48,69
"139459","LOC498276",0,6,0,0,0,0,0,0,0,0
"57141","Syt7",347,276,392,466,324,632,277,258,379,538
"294597","-",4,0,4,0,7,5,0,0,0,0
"352385","Usp8",30,29,21,38,26,98,33,29,32,40
"113798","Sidt1",5,0,7,5,5,6,0,0,0,0
"450171","Bcl11b",4,0,0,0,3,7,0,0,0,0
"359217","Snai1",0,0,0,0,0,6,0,5,3,0
"518398","LOC120094092",0,0,0,0,0,0,0,0,4,3
"214563","Tspan17",187,448,283,274,174,602,274,232,326,412
"316152","RGD735065",8,25,29,28,12,63,28,15,27,51
"163847","Mapk10",87,82,137,157,101,288,130,92,200,244
"425032","Zcchc7",69,67,92,44,84,224,97,85,144,191
"362047","Nub1",8,7,24,20,9,40,9,8,14,21
"447114","Zfyve26",0,0,10,11,0,10,4,6,10,8
"133241","Ptpn4",99,73,93,126,75,229,65,66,118,135
"365045","-",0,0,3,5,0,0,0,0,5,3
"375772","Camk1",25,58,59,40,35,177,67,40,68,98
"217530","Elmo1",73,68,39,85,63,160,49,25,102,134
"360261","Cdh4",4,6,17,4,9,18,3,5,13,7
"330885","Depdc7",0,0,3,5,0,4,0,0,4,3
"215005","Iars1",67,42,51,91,61,116,60,68,83,82
"240141","Snrpd1",50,41,35,21,57,123,46,36,100,89
"2159","Ptprk",13,10,12,11,12,19,6,0,3,18
"455167","-",5,14,9,7,6,23,5,5,15,11
"178810","Dmtn",167,144,212,192,143,238,151,121,175,220
"440656","-",0,0,0,0,0,0,0,5,4,0
"338041","Ncoa5",0,0,3,6,0,5,3,4,5,5
"489048","Lta4h",25,26,28,40,27,128,36,29,46,64
"482661","Sult4a1",31,93,133,65,58,224,88,103,187,176
"305093","Casp6",9,0,0,0,5,5,0,0,0,0
"529565","Ccdc71",15,6,59,26,16,102,23,20,30,39
"510753","Tmod2",357,214,240,356,240,515,217,205,357,366
"35938","Scaf8",4,0,5,4,3,17,9,5,5,10
"455395","-",0,0,0,0,0,0,0,5,4,0
"377363","Iqsec3",86,118,197,151,106,448,116,111,250,297
"60799","Sfxn3",77,86,86,105,85,166,88,74,100,142
"10037","Lsr",33,43,17,31,26,126,21,16,39,59
"110908","-",5,0,14,5,6,12,4,0,0,8
"113923","Zbtb20",6,0,0,0,3,0,0,0,0,0
"276088","-",58,89,90,120,50,118,89,77,145,139
"326173","Rbms1",3,0,16,5,4,17,10,5,26,36
"294659","Ndufb5",5,12,6,10,5,10,10,4,4,10
"293170","LOC294909",8,6,5,6,6,7,6,11,7,5
"159599","Cfap99",0,0,0,0,0,9,3,3,13,12
"8266","-",0,3,0,0,0,4,0,0,5,3
"552492","Tmem198",32,28,54,57,36,74,36,30,54,70
"504785","-",0,0,0,0,0,18,9,0,0,10
"210739","Fnta",74,138,142,167,95,387,148,131,232,268
"448599","Sel1l",9,0,29,6,15,55,5,3,24,22
"229193","-",3,0,15,13,3,19,6,0,7,37
"133963","Dpp10",0,0,0,0,0,15,0,0,0,0
"213004","Fam155a",37,35,31,56,31,64,32,27,62,56
"359652","Cstf1",17,17,7,42,8,47,12,13,34,34
"364454","-",0,0,0,0,0,9,0,0,3,3
"91616","Mir632",37,36,33,58,35,89,42,46,31,46
"384150","Sdhaf3",114,71,55,163,70,184,53,50,91,121
"134363","Thsd7b",0,5,0,0,0,0,0,0,0,0
"352693","RGD1561442",0,0,7,7,0,8,6,0,0,8
"463390","Coq6",7,7,5,4,6,25,6,0,0,10
"129656","Camkk2",62,54,99,74,59,228,98,47,141,240
"260047","Exosc6",19,22,28,43,16,54,13,17,37,24
"537184","LOC102547455",0,0,3,3,0,4,0,0,0,0
"65364","Abca17",0,3,6,7,0,0,0,0,0,0
"42185","-",0,3,5,6,0,0,0,0,0,0
"299333","Map9",131,182,229,261,162,460,209,185,275,330
"160652","Tmed4",0,5,0,0,0,0,0,0,0,0
"446664","Ppp2r5e",43,52,54,114,41,83,47,65,57,56
"301418","Lysmd1",15,12,14,46,9,31,12,12,27,30
"457190","Atxn7l1",23,24,15,31,14,54,23,24,27,32
"53377","Doc2a",69,125,158,144,78,441,122,96,363,293
"179077","Rb1",11,0,5,5,7,13,8,5,9,12
"465759","Cpsf2",39,35,24,28,30,82,27,22,32,42
"126378","LOC498154",26,30,24,31,27,114,30,29,65,71
"346033","-",0,6,0,0,0,0,0,0,0,0
"155662","Kit",40,20,12,47,22,43,14,18,34,32
"356849","Mapre1",33,26,51,24,38,53,36,29,69,79
"453313","Srsf7",30,34,14,16,24,57,29,22,27,38
"171354","Ykt6",7,12,35,12,13,47,18,10,30,49
"290057","Adamts12",0,0,0,0,0,5,3,3,7,8
"268848","Basp1",3,3,5,3,4,6,4,5,9,6
"502243","Fat3",53,16,26,34,38,72,25,12,41,56
"516407","Ccdc13",0,0,0,0,0,6,0,0,7,5
"261207","Hsbp1",424,629,579,625,517,1353,675,631,733,893
"231417","Apbb1ip",0,0,8,14,0,13,5,5,14,10
"372697","Sfxn5",0,6,0,0,0,0,0,0,0,0
"486348","Nfic",5,5,4,10,4,9,7,6,8,9
"336929","LOC120101768",0,0,0,0,0,4,0,0,9,3
"226679","-",0,5,0,0,0,0,0,0,0,0
"219702","Klf6",50,16,19,34,28,32,21,8,21,43
"505540","Tbcel",5,12,0,0,4,4,0,0,10,4
"575437","Pak3",33,14,41,64,23,39,29,17,33,56
"208946","Vps37a",0,0,3,6,0,4,0,0,0,0
"161865","Ahsa2",4,0,0,0,3,5,0,0,0,0
"529299","Tmem115",7,6,0,3,3,5,0,5,7,0
"140445","Cep170",0,4,0,0,0,21,3,0,5,16
"341258","Spout1",41,28,18,54,22,94,41,32,65,72
"50615","-",0,4,0,0,0,5,4,0,0,6
"111535","Slc5a3",0,0,0,0,0,12,0,0,0,0
"177152","Cdadc1",60,74,84,117,54,129,66,53,82,90
"226073","Cdkal1",0,3,0,0,0,10,5,5,3,5
"482789","Phf21b",26,8,5,12,17,25,8,12,32,17
"169524","Prom1",31,33,42,58,24,100,39,43,77,76
"525283","LOC120094201",9,4,3,9,6,21,4,4,11,9
"507977","-",0,4,5,18,0,12,0,0,4,3
"153526","Enoph1",141,105,76,114,119,175,83,101,76,105
"121175","Mrps17",36,26,56,54,30,153,29,39,62,55
"349837","Immp1l",48,35,11,39,25,50,30,36,39,44
"236624","-",3,3,0,0,3,3,0,0,0,0
"463658","Eif2b2",16,60,75,48,20,109,56,66,40,51
"417180","-",0,0,0,0,0,8,0,3,5,0
"442404","LOC108351214",9,3,0,3,5,0,0,0,0,0
"56856","Ints5",26,32,15,61,14,56,41,22,19,40
"517862","-",0,0,3,6,0,7,4,3,13,13
"229386","Celf2",8,0,0,5,3,0,0,0,0,0
"160975","Fignl1",5,0,4,0,7,6,0,0,0,0
"315812","Pacsin1",0,5,0,0,0,0,0,0,0,0
"123637","RGD1311899",255,356,350,534,260,669,343,257,380,579
"204203","-",3,3,6,5,3,4,0,0,0,0
"298362","Ppm1l",0,0,0,0,0,15,0,0,0,0
"423023","Coq3",50,49,135,64,63,132,89,36,101,171
"23101","Adam12",8,8,3,4,7,7,3,3,9,6
"32473","Hivep2",184,182,197,187,183,303,171,161,214,292
"186677","Fbxo34",0,0,0,0,0,7,3,0,0,6
"20980","Gprc5b",297,164,202,300,241,366,171,182,234,217
"518316","Ccdc159",0,6,0,0,0,0,0,0,0,0
"393469","Aup1",29,31,68,77,30,57,58,38,40,80
"340051","Zmynd19",9,4,14,14,10,41,9,7,18,20
"133468","Dpp10",0,4,0,0,0,0,0,0,0,0
"22159","Cd2bp2",48,55,140,59,82,201,112,96,168,181
"259268","Wwp2",20,41,63,20,32,128,48,31,116,119
"151742","LOC102548492",8,6,0,0,7,11,0,4,5,0
"172915","-",0,3,3,4,0,0,0,0,0,0
"406008","Vcp",0,0,0,0,0,0,5,11,3,3
"493821","Zfpm2",3,0,9,3,3,0,0,0,0,0
"410248","Frem1",4,3,0,0,3,4,0,0,0,0
"242431","Camk4",48,68,118,57,68,200,109,70,97,137
"18540","Uvrag",26,26,10,30,19,38,22,19,30,33
"512250","-",12,7,10,8,11,14,10,12,7,10
"211247","Smim19",0,3,0,0,0,10,6,4,6,9
"16805","Anpep",0,4,0,0,0,0,0,0,0,0
"235224","Rbm27",8,4,0,0,5,0,0,0,0,0
"279779","Ntng1",0,0,4,8,0,4,0,0,7,3
"108039","Fam131a",278,248,190,302,214,382,156,153,228,286
"108141","LOC102551647",0,0,3,4,0,7,0,0,0,0
"101445","Atp5po",20,5,21,8,25,58,21,14,29,48
"475564","Marchf9",0,0,4,4,0,18,3,3,13,11
"404651","Ankrd6",0,0,0,0,0,9,3,0,10,17
"284839","Pcsk1",0,0,0,0,0,5,5,0,0,9
"125346","Mtif3",9,18,21,35,10,52,9,15,21,16
"141415","Fbxo28",0,0,3,8,0,0,0,0,0,0
"422002","Chd7",0,5,0,0,0,0,0,0,0,0
"574443","Tceal3",41,127,112,58,64,209,89,84,156,141
"529609","Qars1",62,141,286,163,89,376,188,167,233,246
"227570","Hecw1",6,3,0,4,3,0,0,0,0,0
"336218","Pdrg1",50,55,96,69,52,155,71,57,67,92
"247524","Mbd2",70,64,46,100,59,114,72,66,84,107
"145572","Rab29",12,29,31,46,12,79,30,17,57,89
"217337","H1f2",0,4,0,0,0,0,0,0,0,0
"170701","Ctbp1",200,192,512,453,228,722,296,222,451,643
"529594","Usp19",29,43,63,34,38,124,36,36,55,70
"196941","Hapln4",113,186,374,288,140,551,264,156,376,464
"90285","Inpp5k",47,33,51,36,50,123,47,27,46,92
"246735","Nedd4l",0,0,0,0,0,0,3,0,5,10
"270665","-",0,7,4,7,0,0,0,0,0,0
"300834","Ube2q1",0,0,0,0,0,3,0,0,4,3
"296892","Rnf13",70,63,102,89,66,170,59,73,128,117
"233773","Syt4",428,327,701,555,504,975,508,409,896,904
"300874","LOC361985",149,251,267,232,161,440,212,191,383,359
"67675","Ccng1",10,21,6,6,12,26,11,9,12,18
"26344","Ptgdr2",10,27,40,47,12,81,20,23,43,44
"246071","MGC108823",6,4,3,5,5,11,0,0,13,5
"486030","Sarnp",87,134,53,133,62,327,79,57,125,192
"98397","-",16,13,0,10,5,24,9,0,12,50
"359082","Arfgef2",3,7,23,12,4,33,13,6,6,16
"329139","Ndufs3",78,205,176,211,96,417,192,161,198,290
"480979","Tonsl",0,4,4,9,0,4,4,0,0,5
"373180","Rab7a",32,30,47,40,30,123,36,38,68,64
"483115","Selenoo",0,6,4,12,0,10,5,3,0,3
"22297","-",0,0,0,0,0,11,0,0,0,0
"487143","LOC120093537",5,10,11,13,6,18,10,4,20,32
"255534","Dync1li2",0,4,0,0,0,0,0,0,0,0
"25462","Snx15",31,27,21,45,26,144,42,27,29,60
"340019","Il36b",0,0,0,0,0,13,0,0,0,0
"107705","Rtp4",0,0,3,4,0,6,0,0,0,0
"480527","Jrk",13,17,6,13,10,25,7,7,16,13
"277688","Pi4kb",0,4,0,0,0,0,0,0,0,0
"352201","Ctxn2",17,31,40,25,20,70,28,23,47,58
"336476","Eif2s2",84,122,116,188,77,243,124,121,171,169
"496599","Micall1",14,9,23,8,23,7,8,4,12,16
"251977","Ndufb7",178,258,360,261,200,670,266,167,395,608
"532078","Sacm1l",161,135,154,276,148,373,133,147,199,203
"241334","MGC116121",0,0,5,8,0,7,0,0,0,0
"256187","Csnk2a2",0,0,0,0,0,11,0,0,0,0
"11287","Cpt1c",82,117,216,169,94,379,145,118,265,264
"40076","Cic",162,268,309,336,186,496,211,225,334,375
"141676","Mtarc2",0,0,0,0,0,9,0,0,0,0
"359686","Rae1",28,25,32,54,27,64,34,30,45,55
"65094","Naa60",96,110,78,147,85,236,130,115,158,181
"353181","Atrn",218,135,144,222,163,403,140,142,215,260
"311983","Ctnna3",0,4,0,0,0,0,0,0,0,0
"417347","Spen",37,73,29,31,34,106,27,45,89,53
"21173","Crym",79,94,150,196,78,261,134,113,140,214
"429208","-",0,0,0,0,0,14,0,0,0,0
"559910","Prkx",8,5,14,28,7,36,6,6,15,14
"207090","-",0,0,0,0,0,11,0,0,7,3
"22347","Hsd3b7",0,0,0,0,0,10,0,0,0,0
"523213","Stoml1",56,49,74,51,62,139,55,46,88,116
"200554","-",14,0,10,7,11,4,7,0,3,18
"474575","Cpsf6",0,0,3,5,0,8,0,3,4,0
"330516","Pdhx",17,28,28,27,19,59,18,14,32,44
"233206","Celf4",81,100,124,88,90,190,66,63,110,108
"222638","-",0,0,0,0,0,9,3,0,0,6
"535878","-",5,0,4,4,3,0,0,0,0,0
"208240","Wwc2",0,3,0,0,0,8,0,3,3,0
"198055","Mfap3l",3,3,0,0,3,7,3,0,7,16
"109051","-",0,3,0,0,0,0,0,0,0,0
"116407","Tmem41a",0,0,8,20,0,0,0,0,0,0
"72302","Pafah1b1",268,192,179,249,195,281,174,143,244,282
"415194","Hdac1",8,9,0,8,3,3,0,0,0,0
"80191","Slc25a19",7,25,13,19,8,37,13,9,24,27
"139308","Nos1ap",50,79,51,48,60,113,56,74,76,79
"123018","Ksr2",0,0,0,0,0,10,4,3,4,5
"72730","Abr",324,307,283,436,301,606,259,168,317,507
"262668","-",0,0,0,0,0,5,0,0,6,4
"243772","Rnf14",452,478,411,676,334,974,386,482,699,595
"572033","-",31,17,67,26,42,124,49,34,110,108
"130763","Gatc",17,22,20,35,14,21,25,11,12,34
"179741","Naa16",25,19,10,27,16,52,16,20,23,27
"559811","LOC100361934",275,640,368,546,308,652,444,504,636,619
"521007","Nectin1",56,66,95,160,55,159,78,41,76,132
"203569","Selenok",21,17,52,26,27,70,31,35,72,54
"537437","Bnip3-ps1",80,141,121,107,92,180,123,116,138,145
"375853","Sec13",102,86,55,115,71,147,73,64,98,105
"458354","Pnpla8",44,59,24,49,31,43,19,18,61,54
"149381","Tmco1",0,0,0,0,0,8,0,0,0,0
"160134","Ccdc157",13,10,24,31,14,55,17,13,24,32
"277274","Ubap2l",15,22,14,28,12,30,15,7,16,34
"200239","Ppp2cb",0,0,0,0,0,5,0,0,4,3
"462021","Fut8",40,34,89,45,61,162,63,23,80,154
"270662","-",0,3,4,7,0,5,0,0,5,3
"163857","Mapk10",0,3,0,0,0,0,0,0,0,0
"305890","Ddit4l",0,0,0,0,0,4,0,0,4,3
"392273","Reep1",0,0,0,0,0,16,5,3,5,7
"20415","Psma1",85,63,63,127,71,171,68,66,97,106
"175037","RGD1563739",4,3,3,3,4,3,4,3,3,4
"454990","Itsn2",0,0,0,0,0,3,0,0,4,3
"387385","Nup205",17,23,3,15,11,11,0,4,4,0
"53890","Itgam",0,0,7,11,0,7,0,0,0,0
"557920","Praf2",171,206,230,221,157,444,168,188,244,264
"30241","Borcs7",0,0,0,0,0,10,0,0,0,0
"483116","Selenoo",0,0,0,0,0,13,0,0,0,0
"212655","Fam155a",0,0,0,0,0,0,0,3,3,0
"187105","LOC691091",0,3,0,0,0,0,0,0,0,0
"95620","Mrc2",53,38,48,77,47,89,35,12,42,94
"45995","Unc45a",0,4,0,0,0,0,0,0,0,0
"353217","Ap5s1",4,0,3,0,5,15,4,7,5,4
"482147","Rangap1",113,137,318,233,156,448,190,111,237,358
"84903","-",0,0,4,7,0,4,0,0,0,0
"413039","-",3,4,4,4,3,16,5,0,3,20
"142532","Camk1g",35,70,66,112,36,140,30,48,91,59
"201939","Dlgap2",0,3,0,0,0,0,0,0,0,0
"415923","-",5121,6225,12627,9346,5322,25564,13639,3177,11111,33424
"229257","Celf2",7,0,5,7,5,5,0,0,10,4
"249570","Ndrg4",1678,1437,1579,2554,1199,3315,1311,1241,2067,2220
"450281","Yy1",3,3,6,6,3,60,11,7,19,30
"85524","Rnf130",0,0,3,4,0,7,0,7,9,0
"129792","Fam216a",41,54,31,51,39,57,31,22,48,63
"312779","Fam241b",40,33,14,70,18,28,23,21,20,28
"312217","Herc4",15,4,4,4,11,12,5,7,4,5
"359573","Dok5",41,53,51,87,39,97,31,31,56,61
"213047","Arglu1",0,0,0,0,0,8,0,0,0,0
"442124","Kcnf1",357,324,279,474,296,446,261,202,355,399
"221755","Arhgap21",0,3,0,0,0,0,0,0,0,0
"56078","Yif1a",0,0,0,0,0,14,0,0,0,0
"497723","Serhl2",0,0,0,0,0,0,3,0,0,3
"227934","Crem",0,3,0,0,0,0,0,0,0,0
"23058","-",0,3,0,0,0,0,0,0,0,0
"83846","Fbxl16",931,1072,1087,1175,819,2274,880,903,1634,1564
"233536","-",0,0,0,0,0,8,0,0,0,0
"511565","LOC102557516",0,0,0,0,0,0,3,0,0,3
"24944","Npas4",0,3,0,0,0,0,0,0,0,0
"346982","Dnajc10",53,58,21,67,34,103,22,53,35,28
"19428","Tpp1",0,0,0,0,0,0,0,0,8,4
"2563","LOC100910237",0,3,0,0,0,0,0,0,0,0
"89513","-",6,13,35,25,9,48,24,12,38,61
"549148","Gls",249,307,319,338,267,777,300,276,353,490
"257821","Zswim4",0,3,0,0,0,0,0,0,0,0
"432597","Elovl1",67,156,235,145,91,594,208,144,283,354
"409632","LOC120103064",0,0,0,0,0,0,0,0,5,3
"21839","Sh2b1",120,80,157,173,123,324,114,101,152,176
"551064","Mettl21a",0,4,0,0,0,0,0,0,0,0
"533674","Zfp318",3,3,0,0,3,10,3,0,3,11
"516221","LOC120094292",0,0,0,0,0,7,3,0,0,6
"533456","LOC120094634",3,0,5,0,5,3,0,0,0,0
"106559","Zfp148",0,9,3,11,0,4,5,0,0,8
"327063","Stk39",48,39,116,58,55,115,53,27,86,126
"274443","Pfn2",0,3,0,0,0,0,0,0,0,0
"566141","Arhgef6",0,4,0,0,0,0,0,0,0,0
"126708","Zscan21",0,0,0,0,0,3,3,0,3,9
"213814","-",41,57,180,81,68,130,64,72,126,120
"394023","RGD1306746",9,16,27,12,13,20,17,5,21,47
"89163","Med11",15,37,46,28,24,106,43,29,57,78
"70204","Epn2",13,7,23,29,13,37,13,7,36,41
"134642","Tmcc2",190,339,445,421,235,817,344,292,494,558
"100197","-",3,0,11,3,5,9,8,8,9,10
"223060","LOC681410",32,30,21,50,20,53,15,16,23,24
"258795","Thap11",3,4,3,4,3,3,0,0,0,0
"279257","Slc16a4",0,0,0,0,0,8,0,0,0,0
"55804","Ppp1ca",163,272,306,283,179,635,209,218,402,440
"77755","Atxn7l3",0,4,0,0,0,0,0,0,0,0
"398638","Cops7a",0,0,0,0,0,0,6,0,0,6
"93525","Ankrd40",189,237,185,307,147,520,214,202,372,367
"210617","Brf2",3,15,4,7,3,5,8,3,4,12
"62392","Nhlrc2",28,24,46,23,36,102,32,22,68,71
"473482","Syt1",0,0,0,0,0,7,6,3,8,10
"441068","Efr3b",3,4,9,0,9,18,9,5,8,16
"452196","Nrxn1",301,365,93,299,173,568,174,166,271,327
"323181","Rab14",0,0,0,0,0,0,0,3,3,0
"536297","Uggt1",0,0,0,0,0,0,3,0,0,5
"63502","-",0,0,0,0,0,3,0,0,4,3
"90084","LOC120095261",13,20,22,14,17,4,3,0,6,17
"228519","Chrm3",0,0,0,0,0,7,0,0,0,0
"6892","Smim17",0,0,0,0,0,3,0,0,4,3
"233995","Epb41l4a",0,0,0,0,0,7,0,0,0,0
"356761","Kif3b",39,16,37,39,33,59,23,14,39,48
"567170","Irak1",0,13,0,3,0,0,0,0,0,0
"492018","Grip1",0,0,0,0,0,7,3,3,3,3
"248623","LOC102552707",0,0,0,0,0,7,0,0,0,0
"560979","-",0,0,0,0,0,4,3,0,4,10
"512351","Zic1",0,0,0,0,0,8,3,0,0,6
"214175","Smad5",29,16,31,22,35,59,25,13,27,46
"110705","Ncam2",0,0,0,0,0,10,0,0,11,6
"54706","Glrx3",158,204,234,243,176,480,189,185,236,262
"266931","Gpx8",29,70,60,87,33,106,47,58,69,67
"514042","Atp2c1",29,22,9,25,16,29,19,18,16,22
"157473","Pcdh7",135,76,72,103,106,247,72,66,125,154
"366531","Ndufa5",578,516,510,723,460,1293,361,422,738,720
"139238","-",0,0,0,0,0,7,3,0,0,4
"49339","Clns1a",78,93,35,89,60,124,45,68,77,62
"426110","Rad23b",202,193,140,249,148,347,111,156,265,190
"401102","LOC297756",0,3,0,0,0,0,0,0,0,0
"301994","Acp6",0,5,3,8,0,4,0,0,0,0
"379458","Lmo3",0,0,0,0,0,0,0,3,3,0
"115663","Atp13a4",3,0,42,5,6,33,15,10,36,38
"122675","Rasal1",13,36,52,46,16,87,37,30,73,71
"565120","Thoc2",32,30,8,40,15,67,22,24,29,31
"205675","-",0,0,0,0,0,6,0,0,0,0
"299656","Sh3d19",18,12,8,9,15,44,10,12,24,19
"43888","Gabrb3",0,0,0,0,0,9,0,0,0,0
"410137","Nfib",0,3,0,0,0,0,0,0,0,0
"181711","Fbxl3",31,29,19,34,25,44,20,16,19,31
"233955","Stard4",4,3,0,0,4,0,0,0,0,0
"213838","Ntrk2",0,0,0,0,0,6,0,0,0,0
"266335","Dimt1",3,3,14,17,3,36,9,5,17,21
"428485","LOC120103372",0,3,0,0,0,0,0,0,0,0
"561748","Zmym3",42,58,18,16,41,129,49,26,84,113
"360358","Adrm1",12,11,4,15,7,23,10,6,14,18
"348311","Chst1",177,143,161,172,151,350,119,162,225,198
"37514","Lix1",27,56,107,44,40,117,70,51,76,113
"498564","Ppp6r2",0,3,9,18,0,24,3,4,3,4
"249240","-",0,0,9,10,0,0,4,0,3,12
"456443","Cmpk2",0,3,0,0,0,0,0,0,0,0
"407036","-",0,0,0,0,0,8,0,0,0,0
"103239","LOC100360368",0,0,0,0,0,15,0,0,6,3
"274429","Ankub1",142,240,248,213,180,459,237,194,360,408
"143968","Cdh20",0,0,0,0,0,5,0,0,0,0
"220944","Mindy3",39,55,64,76,41,166,68,47,127,166
"254817","LOC102551789",0,0,0,0,0,6,0,0,0,0
"308359","LOC102546590",0,0,0,0,0,13,3,0,0,6
"78062","Hexim1",0,0,0,0,0,9,4,0,0,5
"48544","LOC365309",0,3,0,0,0,0,0,0,0,0
"488896","-",0,3,0,0,0,0,0,0,0,0
"374617","Frmd4b",0,0,0,0,0,6,0,0,4,3
"492252","Ppm1h",0,3,0,0,0,0,0,0,0,0
"556266","Dlgap1",12,41,15,35,10,31,10,42,17,9
"167271","-",0,0,0,0,0,5,0,0,0,0
"474067","Atxn7l3b",657,649,461,614,582,1101,536,495,734,764
"344248","-",4,3,0,0,4,0,0,0,0,0
"328165","Sestd1",21,9,10,20,16,18,6,9,21,13
"509355","Tipin",0,3,0,0,0,0,0,0,0,0
"176284","Psmb5",0,0,0,0,0,5,0,0,0,0
"490334","-",12,16,39,25,16,49,11,12,43,35
"52046","Vps35l",0,3,0,0,0,0,0,0,0,0
"30269","Cnnm2",10,8,12,5,12,18,4,8,28,12
"450172","Bcl11b",122,109,84,170,100,246,82,82,146,156
"39915","Irgq",233,147,220,378,196,275,160,101,232,329
"329188","Slc39a13",12,34,46,27,20,88,43,24,74,101
"11672","Cyth2",3,0,3,0,5,8,8,3,0,4
"242063","Wdr33",8,0,0,4,3,0,0,0,0,0
"926","-",0,0,0,0,0,0,0,0,5,3
"116753","Comt",32,64,69,65,36,164,56,51,67,78
"282672","Bmpr1b",13,7,7,23,7,43,11,10,33,28
"372437","Paip2b",23,21,19,36,16,55,39,35,38,51
"4543","Sod2",728,384,337,1109,424,759,274,462,440,395
"560245","Gk",0,3,0,0,0,0,0,0,0,0
"205055","Dda1",53,77,106,100,61,174,65,53,140,159
"1110","Epm2a",0,0,0,0,0,4,0,0,0,0
"400662","LOC120102435",4,6,11,17,4,27,6,0,9,39
"317161","Gstt2",18,26,17,13,22,60,11,6,36,39
"11317","Bcl2l12",0,0,0,0,0,4,0,0,0,0
"532865","-",6,3,0,0,5,16,6,0,3,19
"124755","Cers4",0,0,0,0,0,8,0,0,15,7
"65483","-",4,4,5,4,4,3,3,0,3,10
"146215","Ppp1r12b",0,0,8,12,0,11,0,0,6,3
"122430","Brap",0,0,0,0,0,4,0,0,0,0
"578203","Plxna3",0,3,0,0,0,0,0,0,0,0
"442816","-",4,3,0,0,4,0,0,0,0,0
"60467","Hpse2",0,3,0,0,0,0,0,0,0,0
"499842","Cacnb3",110,188,245,258,123,476,210,223,332,370
"430831","Usp24",44,40,60,99,38,124,52,41,53,71
"246213","Camk2a",0,0,0,0,0,5,0,0,0,0
"66344","Ranbp17",0,0,0,0,0,9,0,0,0,0
"132594","-",0,0,0,0,0,4,0,0,0,0
"22101","Pagr1",8,18,6,6,8,41,14,12,34,35
"20089","Eif4g2",3,5,0,0,3,4,0,3,3,0
"117756","Elavl1",3,3,0,0,3,0,0,0,0,0
"568294","Porcn",56,83,124,131,66,219,122,59,153,258
"97042","Armc7",37,37,27,40,33,95,39,20,45,72
"9212","Zfp780b-ps1",9,8,5,26,5,10,6,12,14,8
"121069","Crcp",40,51,110,82,48,209,83,59,133,187
"8233","Relb",0,3,0,0,0,0,0,0,0,0
"127128","Cux1",5,15,27,24,6,40,17,20,29,26
"410960","RGD1560729",395,655,1046,853,510,1712,863,750,1397,1616
"191535","-",6,8,0,3,3,3,0,0,5,3
"278777","Hipk1",6,4,5,7,5,11,3,5,4,4
"114956","Kalrn",0,0,3,3,0,0,0,0,0,0
"24983","Cnih2",431,991,1016,983,556,1903,873,756,1377,1574
"47081","Picalm",300,200,193,291,225,645,192,189,391,373
"456445","Cmpk2",0,0,0,0,0,7,0,0,0,0
"575879","Wdr44",0,0,9,9,0,0,0,0,0,0
"266540","Pde4d",8,3,0,0,7,0,0,0,0,0
"539468","-",0,0,0,0,0,8,0,0,0,0
"439688","Cebpzos",35,42,26,70,23,82,38,47,35,44
"564740","-",0,0,0,0,0,4,4,0,0,7
"467552","Tecpr2",12,17,12,18,10,50,21,14,23,37
"426672","Hsdl2",6,4,0,0,5,3,0,0,0,0
"395297","Mitf",0,0,0,0,0,6,0,0,0,0
"479966","-",0,0,0,0,0,7,0,0,0,0
"402850","-",0,0,0,0,0,6,0,0,0,0
"276229","Tmem131l",0,9,3,13,0,9,3,0,0,5
"222126","Mfsd14b",47,13,8,34,21,23,12,13,13,16
"555000","Macir",96,152,85,112,100,305,97,116,158,153
"431174","Coa7",0,0,0,0,0,7,0,0,4,3
"377977","Cops7a",139,158,161,168,136,318,144,139,238,232
"428774","LOC100911221",3,5,12,6,5,43,13,11,6,12
"529805","Col7a1",0,0,0,0,0,12,3,0,0,6
"340177","Entpd2",0,0,0,0,0,12,6,6,4,7
"22442","Vkorc1",13,18,19,7,21,32,26,17,11,23
"513092","Clstn2",4,3,8,6,4,3,4,0,3,13
"190701","Pcdh17",0,0,4,6,0,4,5,7,3,4
"31074","-",0,0,0,0,0,5,0,0,0,0
"88336","Myh8",0,0,0,0,0,0,0,3,3,0
"425122","Shb",0,0,0,0,0,6,0,0,0,0
"62662","-",0,0,0,0,0,8,0,0,0,0
"68573","Mrnip",10,0,12,18,6,5,0,0,5,3
"515708","-",0,0,0,0,0,7,0,0,0,0
"257313","Neto2",54,51,16,74,31,91,16,30,44,30
"246618","-",42,52,42,62,41,129,53,50,69,83
"329766","Accs",0,0,0,0,0,5,0,0,0,0
"436176","Capzb",487,391,475,606,470,1088,432,269,686,916
"494221","Eny2",32,44,62,94,32,161,60,46,101,123
"141098","Stum",0,0,0,0,0,0,5,0,0,7
"57523","-",61,87,174,141,76,295,123,49,171,326
"206509","-",4,4,0,0,3,0,0,0,0,0
"489531","-",0,0,0,0,0,7,0,0,4,3
"366269","LOC120102242",0,0,0,0,0,14,0,6,7,0
"164820","Cdkl2",68,121,227,169,88,360,147,130,254,259
"339187","Pmepa1",139,158,318,317,141,483,266,137,352,523
"2515","Stx7",0,0,0,0,0,4,0,0,0,0
"226689","Zkscan8",5,3,3,13,3,0,0,0,0,0
"258835","Pskh1",18,4,6,16,11,33,11,3,15,34
"215651","Nol7",55,42,82,66,56,135,71,43,62,103
"493486","Baalc",102,213,153,206,109,328,132,129,273,258
"518735","Thyn1",100,93,150,130,101,355,129,94,179,231
"50977","Ipo7",8,15,14,13,10,16,7,18,14,8
"259576","-",0,0,0,0,0,4,0,0,0,0
"11500","Snrnp70",0,0,0,0,0,3,0,0,0,0
"489389","Ube2n",0,0,0,0,0,6,0,0,0,0
"521053","Usp2",7,11,16,9,9,74,16,12,35,42
"263654","Rasa1",0,0,0,0,0,4,0,0,0,0
"265453","Pik3r1",0,0,0,0,0,4,0,0,0,0
"341336","Sh3glb2",5,6,3,12,3,3,0,0,7,3
"270466","Zfhx4",0,0,0,0,0,4,0,0,0,0
"277388","Npr1",0,0,0,0,0,4,0,0,0,0
"12931","Ube3a",0,0,0,0,0,3,0,0,0,0
"69589","Gemin5",0,0,0,0,0,7,0,0,0,0
"384676","Tmem106b",20,10,14,47,11,36,14,14,23,23
"176890","Ift88",0,5,5,12,0,12,9,3,4,12
"7942","Slc1a5",0,0,0,0,0,7,0,0,0,0
"143037","-",0,0,0,0,0,3,0,0,0,0
"306401","Unc5c",0,4,3,10,0,17,5,5,4,6
"81353","Faap100",0,0,0,0,0,7,0,0,0,0
"27809","Ak3",31,42,54,74,28,74,45,25,73,96
"76232","Ngfr",3,0,25,11,4,26,16,7,28,39
"159212","Ablim2",0,0,0,0,0,3,0,0,0,0
"186395","Psmc6",43,31,19,24,35,29,25,31,36,32
"91973","Rasl10b",231,421,334,364,254,569,269,210,333,423
"169412","Ldb2",0,0,0,0,0,3,0,0,0,0
"328496","-",0,0,0,0,0,4,0,0,0,0
"449631","-",0,0,0,0,0,5,0,0,0,0
"179352","-",0,0,0,0,0,3,0,0,0,0
"443382","Ifrd1",49,18,7,19,29,38,11,10,18,22
"8820","Cyp2s1",0,0,0,0,0,4,3,3,3,3
"454449","Hadha",0,0,0,0,0,5,0,0,0,0
"122357","Pheta1",9,23,18,10,13,32,21,14,24,32
"81456","Pcyt2",7,27,10,25,6,52,16,28,30,24
"98406","Chmp2b",4,5,5,6,4,33,4,4,9,10
"336426","Necab3",0,0,0,0,0,4,0,0,0,0
"340006","Hnmt",0,0,0,0,0,4,0,0,0,0
"573230","LOC100911846",0,0,0,0,0,6,0,0,0,0
"198939","-",0,0,0,0,0,3,0,0,0,0
"453305","Dhx57",13,16,14,19,11,50,13,13,18,21
"200346","-",0,0,0,0,0,3,0,0,0,0
"202829","-",0,0,0,0,0,3,0,0,0,0
"203806","Nek4",0,0,0,0,0,3,0,0,0,0
"60551","Abcc2",0,0,0,0,0,6,0,0,0,0
"205821","Csgalnact1",0,0,0,0,0,3,0,0,0,0
"358485","Ttpal",0,0,0,0,0,4,0,0,0,0
"481643","Baiap2l2",0,0,0,0,0,5,0,0,0,0
"59914","Marchf5",78,53,32,82,51,122,57,43,78,94
"21012","Gprc5b",0,0,0,0,0,3,0,0,0,0
"483665","Gxylt1",0,0,0,0,0,5,0,0,0,0
"328380","LOC102553021",11,7,16,8,13,73,16,25,25,23
"220331","-",0,0,0,0,0,3,0,0,0,0
"476536","Ncald",0,0,0,0,0,6,3,0,0,4
"222496","LOC102552000",0,0,0,0,0,3,0,0,0,0
"227620","Ggps1",0,0,0,0,0,3,0,0,0,0
"88122","Tvp23b",0,0,0,0,0,6,0,0,0,0
"234382","-",0,0,0,0,0,3,0,0,0,0
"262241","Tsnax",200,259,214,236,210,506,198,213,307,312
"398413","M6pr",56,41,52,78,48,145,40,35,72,84
"95170","Adam11",221,260,591,417,272,919,465,237,543,862
"253140","Smpd3",0,0,0,0,0,3,0,0,0,0
"254874","Zfp276",0,0,0,0,0,3,0,0,0,0
"130981","Gltp",93,77,106,102,100,273,85,73,132,158
"331370","-",7,0,0,0,5,0,0,0,0,0
"537517","RGD1561618",0,0,0,0,0,5,0,0,0,0
"200230","Gsr",0,0,0,0,0,0,0,0,6,3
"171901","-",10,4,0,5,4,0,0,0,0,0
"441486","Klhl29",3,0,3,0,5,0,0,0,0,0
"249656","Tepp",3,3,11,7,4,25,7,4,16,21
"548158","Aff3",0,0,0,0,0,5,0,0,0,0
"180291","-",0,0,0,0,0,4,3,0,0,5
"430142","Dnai4",0,0,0,0,0,4,0,0,0,0
"432300","LOC102550980",0,0,0,0,0,4,0,0,0,0
"272843","LOC108349997",0,0,0,0,0,3,0,0,0,0
"55374","-",0,0,3,3,0,0,0,0,0,0
"274678","-",0,0,0,0,0,3,0,0,0,0
"473298","Syt1",0,0,0,0,0,4,0,0,13,6
"281919","Ostc",0,0,0,0,0,3,0,0,0,0
"444301","Nubpl",0,0,0,0,0,4,0,0,0,0
"49857","Coa4",12,5,7,11,9,4,14,0,20,102
"411977","Plpp3",4,0,6,3,4,12,0,0,7,4
"453540","Strn",0,0,0,0,0,4,0,0,0,0
"295053","LOC103691527",0,0,0,0,0,3,0,0,0,0
"462895","Pcnx1",0,0,0,0,0,4,0,0,0,0
"463540","Ylpm1",0,0,0,0,0,4,0,0,0,0
"467486","LOC108351302",0,0,0,0,0,4,0,0,0,0
"304","Sash1",0,0,0,0,0,3,0,0,0,0
"50975","Ipo7",151,119,68,135,108,215,79,77,151,159
"220750","Frmd4a",0,0,3,4,0,7,0,0,5,3
"127293","Styxl1",0,0,0,0,0,5,3,0,0,5
"316425","Abcg1",0,0,0,0,0,3,0,0,0,0
"374894","Prok2",0,0,0,0,0,4,3,0,0,4
"485036","Csrnp2",0,0,0,0,0,4,0,0,0,0
"146387","Tmem9",201,211,253,359,187,385,160,169,211,239
"480924","Dgat1",24,40,55,75,24,105,36,51,48,45
"333894","Ubox5",0,0,0,0,0,3,0,0,0,0
"497773","Mpped1",0,0,0,0,0,4,0,0,0,0
"448173","Zdhhc22",23,14,53,36,25,89,29,14,38,66
"92794","-",23,8,19,38,15,6,3,0,5,14
"40560","Eid2",47,56,22,97,26,48,30,35,40,42
"355088","-",0,0,0,0,0,3,0,0,0,0
"524994","Rora",0,0,0,0,0,4,0,0,0,0
"280062","Rnpc3",0,0,0,0,0,4,3,0,0,5
"344659","Tbr1",76,43,53,46,73,164,71,43,80,123
"242344","-",0,0,0,0,0,7,3,3,4,5
"565540","-",6,8,17,16,7,62,17,7,22,42
"544077","Mettl4",3,0,9,7,3,0,3,0,0,4
"494801","Deptor",12,7,3,3,11,17,0,7,6,0
"496565","Triobp",3,7,16,0,12,33,19,3,20,60
"463935","Esrrb",0,0,0,0,0,4,3,0,0,4
"402462","Rp1",0,0,0,0,0,3,0,0,0,0
"366055","Cttnbp2",0,0,3,4,0,0,3,0,0,4
"126428","Adap1",170,174,319,283,189,443,225,135,300,433
"572243","Igbp1",0,0,0,0,0,4,0,0,0,0
"464823","Nrxn3",5,0,0,0,3,0,0,0,0,0
"23572","Fuom",22,38,16,29,18,73,24,30,36,35
"146463","Zfp281",37,28,60,59,38,65,44,39,54,66
"119733","Akap17a",43,56,64,88,41,161,71,46,109,144
"41591","LOC102548320",0,0,0,0,0,3,0,0,0,0
"416626","Ephb2",0,0,0,0,0,3,0,0,0,0
"61340","Taf5",0,0,0,0,0,4,0,0,0,0
"420762","Sntg1",0,0,0,0,0,3,0,0,0,0
"554403","-",8,4,6,8,6,0,0,0,0,0
"556916","Rbm10",0,0,0,0,0,13,0,0,6,4
"113932","-",11,5,0,6,4,0,0,0,0,0
"437693","LOC120102801",0,0,0,0,0,3,0,0,0,0
"530971","Azi2",20,29,28,41,19,60,28,28,48,49
"344658","Tbr1",66,23,16,50,36,67,37,15,51,92
"449390","-",0,0,0,0,0,3,0,0,0,0
"452576","Slc3a1",0,0,0,0,0,3,0,0,0,0
"234934","Spry4",4,0,3,4,3,0,0,0,0,0
"458628","-",0,0,0,0,0,3,0,0,0,0
"401103","LOC297756",0,0,0,0,0,0,3,0,7,16
"86259","Septin8",0,0,0,0,0,13,0,0,6,4
"254460","Zdhhc7",8,22,10,19,7,28,6,13,25,13
"120566","Dnajc30",0,0,0,0,0,9,3,0,3,11
"503555","LOC500959",0,0,4,6,0,12,3,3,4,5
"485968","Pmel",0,0,0,0,0,3,0,0,0,0
"340151","Anapc2",30,91,122,84,42,176,98,104,95,120
"270636","-",0,0,0,0,0,0,0,0,8,3
"436597","Cela2a",0,3,3,9,0,0,0,0,0,0
"129295","-",0,0,3,4,0,0,0,0,0,0
"155235","-",12,0,4,4,8,0,0,0,0,0
"116405","Tmem41a",0,0,8,12,0,11,6,3,0,3
"506949","Ncam1",0,0,0,0,0,3,0,0,0,0
"449970","Clmn",0,0,0,0,0,17,0,0,14,7
"228088","Fzd8",0,0,3,5,0,0,0,0,0,0
"128292","-",0,3,3,8,0,0,0,0,0,0
"140819","-",0,0,5,7,0,0,0,0,0,0
"528169","LOC100365810",0,0,0,0,0,3,0,0,0,0
"450471","Mok",11,44,65,45,16,110,53,29,77,113
"535921","-",3,5,0,0,3,0,0,0,0,0
"538240","Gtf3c3",0,0,0,0,0,3,0,0,0,0
"538448","Rftn2",0,0,0,0,0,3,0,0,0,0
"308391","RT1-N2",0,0,0,0,0,4,0,3,3,0
"544539","Acer1",0,0,0,0,0,3,0,0,0,0
"545189","-",0,0,0,0,0,3,0,0,0,0
"553205","LOC120094727",0,0,0,0,0,3,0,0,0,0
"22963","-",0,0,3,4,0,0,0,0,0,0
"216780","Serpinb6b",0,0,0,0,0,0,0,4,6,0
"464201","Nrxn3",0,0,0,0,0,0,0,3,5,0
"565774","-",0,0,0,0,0,3,0,0,0,0
"369739","Cycs",89,151,126,169,87,210,113,131,144,152
"364224","Sema3a",0,0,0,0,0,3,0,3,4,0
"360447","Gid8",0,0,0,0,0,6,3,0,0,5
"65138","-",0,0,0,0,0,3,0,0,0,0
"291901","Ctnnd2",0,0,3,4,0,0,0,0,0,0
"122664","Oas1b",0,0,0,0,0,9,7,5,11,13
"77109","Krt15",0,0,0,0,0,3,0,0,0,0
"136201","LOC108352547",0,0,0,0,0,0,3,0,0,4
"79424","LOC120095200",0,0,0,0,0,3,0,0,0,0
"89083","Dlg4",0,0,0,0,0,17,3,0,3,11
"97129","Sap30bp",0,0,0,0,0,3,0,0,0,0
"470061","Ptbp1",0,0,0,0,0,6,0,5,6,0
"507602","Atm",0,0,0,0,0,4,3,3,3,4
"529097","Poc1a",0,0,0,0,0,3,0,3,3,0
"9694","Zfp27",0,0,0,0,0,13,0,0,4,3
"8529","Grik5",0,0,0,0,0,4,3,0,0,5
"428342","Acer2",4,3,6,0,9,0,0,0,0,0
"566694","-",8,3,0,5,3,0,0,0,0,0
"543207","Pja2",0,0,0,0,0,18,0,4,3,0
"56693","Slc22a25",0,0,3,5,0,0,0,0,0,0
"307259","-",0,0,0,0,0,3,6,3,6,10
"394652","Hdac11",0,0,0,0,0,7,6,0,0,9
"430161","Mier1",0,0,0,0,0,10,0,0,13,6
"9751","Zfp14",0,0,0,0,0,5,3,0,0,5
"404846","Slc35a1",0,0,0,0,0,12,0,4,4,0
"325577","-",0,0,0,0,0,0,3,0,0,4
"425098","Dcaf10",0,0,0,0,0,13,8,6,9,12
"72424","Sgsm2",0,0,0,0,0,3,0,3,4,0
"440695","Emilin1",0,0,0,0,0,7,0,5,5,0
"44628","Trpm1",0,0,0,0,0,0,3,0,0,4
"550478","Abi2",0,0,0,0,0,0,0,3,4,0
"476444","Zfp706",0,0,0,0,0,0,0,6,8,0
"569934","Syap1",0,0,0,0,0,4,3,0,3,11
"454099","Alk",0,0,0,0,0,12,3,0,0,5
"523119","Fam219b",0,0,0,0,0,10,0,4,4,0
"77313","Dhx58",0,0,0,0,0,4,0,0,9,4
"71654","Slc16a13",0,0,0,0,0,11,0,0,5,3
