"percentile","rank_index","lo_rank","hi_rank","n_bin","iod_emp","cv2_emp","iod_nb","cv2_nb","iod_emp_scaled","cv2_emp_scaled","iod_nb_scaled","cv2_nb_scaled"
0.01,316,1,316,316,22.1494180429181,1.43714160548005,36.5763099509856,2.08063985864368,1,0.262480312739721,1,0.242760757021534
0.02,631,317,631,315,12.5530725432909,1.31694711239757,20.9162131167224,2.12001293223664,0.509000431131933,0.237599782802033,0.507117093762694,0.247828370029646
0.03,947,632,947,316,9.7369126318264,1.32329771387356,17.7895248755306,2.17464222048764,0.364910860529632,0.238914371566406,0.408708303349289,0.254859573502014
0.04,1262,948,1262,315,7.98699222805911,1.16360729441421,15.7014651566141,1.90928203264516,0.275375717819675,0.205858096189515,0.342989109301596,0.220705705971951
0.05,1578,1263,1578,316,7.28663403105203,1.1359704365687,14.3874748433481,2.00538320658496,0.239541704465628,0.200137204563164,0.301632828352348,0.233074655477563
0.06,1893,1579,1893,315,6.40387903464183,1.19497813732677,12.4701434116473,1.99936703617115,0.194375310376296,0.212351931108564,0.241287103911536,0.232300328744446
0.07,2209,1894,2209,316,6.77457563780383,1.18524020371204,13.1535259980853,2.09003703939921,0.213342100634157,0.210336156985982,0.262795757327944,0.243970245412728
0.08,2524,2210,2524,315,5.89926667369119,1.1174527941135,12.5114355771328,2.10456611271264,0.168556684767007,0.196304010997751,0.242586725666417,0.245840247274409
0.09,2840,2525,2840,316,5.88941708119986,1.14786562320131,11.7248291191577,2.07424287658145,0.168052727748478,0.202599534904073,0.217829223770034,0.241937416942821
0.1,3155,2841,3155,315,5.41590005457183,1.15740441858468,10.8686565001439,2.08425189039485,0.143825103187119,0.204574086965643,0.190882209765816,0.243225652886083
0.11,3471,3156,3471,316,5.46020299797344,1.19219619244489,11.1128536654687,2.34179428221668,0.146091875065083,0.211776062271785,0.198568024854573,0.276373310811619
0.12,3786,3472,3786,315,5.10935850401836,0.979266842633963,10.2055609107181,1.73972457685914,0.128140823252872,0.167699208776111,0.170012065430931,0.19888237621501
0.13,4102,3787,4102,316,4.88319483043627,1.31377970498516,11.2141889668786,2.67364020218774,0.116569098763926,0.236944122355965,0.201757432837931,0.319084396009565
0.14,4417,4103,4417,315,4.54537368866228,1.00224394884153,9.89701638201378,2.0567119674693,0.0992843902285785,0.172455521350985,0.160300993678254,0.239681056060783
0.15,4733,4418,4733,316,5.21125295260573,1.43382735963165,10.4557798808093,2.65849125121489,0.133354279805514,0.261794256407711,0.177887409656418,0.317134611194621
0.16,5048,4734,5048,315,5.21170382563534,1.005967158701,10.2326806488429,1.67882296304141,0.133377348843947,0.173226234151524,0.170865626905346,0.191043876899761
0.17,5364,5049,5364,316,3.98785899652308,1.01355659634226,8.83129568761406,1.57558341925717,0.070759002778888,0.174797264783634,0.126758703445175,0.177756165088357
0.18,5680,5365,5680,316,6.6775124758733,1.42726478836176,12.1134430669579,2.79579025660814,0.208375838147806,0.26043578942007,0.230060385174928,0.334806033876135
0.19,5995,5681,5995,315,5.36928775729337,0.846408995328273,9.91232914594741,1.22973881896284,0.141440172604059,0.140197336081513,0.160782944694906,0.13324334362679
0.2,6311,5996,6311,316,5.61172487590095,1.0169137699504,9.27564175780467,1.72833958566863,0.153844532234353,0.175492207258295,0.14074396705935,0.197417041553797
0.21,6626,6312,6626,315,5.49438816292512,0.867715597978315,9.7619854227906,1.22598145913805,0.147840968118642,0.144607850669241,0.156051054976195,0.132759742937621
0.22,6942,6627,6942,316,5.34200998069864,5,10.6494240618451,4.39722851819817,0.140044497912249,1,0.183982129742441,0.540923276589224
0.23,7257,6943,7257,315,6.52179594941679,0.840739805448394,10.227810623157,1.23664026144327,0.200408560671318,0.139023801047491,0.170712348644114,0.134131611584992
0.24,7573,7258,7573,316,5.73950639385456,0.822458346757995,10.4391582789194,1.10047766129788,0.160382507573712,0.135239498051688,0.177364264523119,0.116606452872506
0.25,7888,7574,7888,315,6.36697443929446,0.956825315499986,12.0874027270393,1.74889956382353,0.192487076943526,0.163053762271992,0.229240796474145,0.200063266581119
0.26,8204,7889,8204,316,6.3013372623836,0.836116254806773,10.0532500256352,1.13444960335841,0.189128733335931,0.138066715683536,0.165218261632288,0.120978899313353
0.27,8519,8205,8519,315,4.00650748552398,5,8.44857546411611,5.59165144767948,0.0717131576766912,1,0.114713039996867,0.69465456099949
0.28,8835,8520,8835,316,6.05709426660133,0.80584214898024,9.70511177054944,1.01605542425846,0.176631975519864,0.13179990780377,0.154261024473726,0.105740671068992
0.29,9150,8836,9150,315,5.09357955143557,1.09213813382376,10.9096958585804,2.43406182646333,0.127333488948824,0.191063819479416,0.192173874719766,0.2882488431179
0.3,9466,9151,9466,316,5.55701008319753,0.876866733456768,10.0568718333462,1.23764170612883,0.151045035318665,0.14650215626009,0.165332253718626,0.134260505106689
0.31,9781,9467,9781,315,4.59968606906877,0.846212684111888,9.10479331723997,1.20034223431368,0.102063297612105,0.140156699218949,0.135366715768834,0.129459780364694
0.32,10097,9782,10097,316,6.91825765959292,0.629075855257144,9.77230047971145,0.760981695867545,0.220693629479724,0.0952088881142593,0.156375709113839,0.0729107488387824
0.33,10412,10098,10412,315,6.23973302183704,0.640269670190418,9.87303234566205,0.726285950530678,0.185976735989651,0.097526032938633,0.159546124684438,0.0684451434300481
0.34,10728,10413,10728,316,3.82018466357667,5,8.25520017451849,5.16065713355919,0.062179900954123,1,0.108626782948773,0.639182325957916
0.35,11044,10729,11044,316,7.67296610578708,0.597916797576814,11.8671176583161,0.803477378392891,0.259308487783525,0.0887588932137974,0.222307586161205,0.078380265284979
0.36,11359,11045,11359,315,6.99085380923134,0.565285527622233,9.81806392458907,0.60878806820308,0.224408030777107,0.082004147067045,0.157816059065019,0.0533222753739633
0.37,11675,11360,11675,316,6.96567654095391,0.566549123301974,9.83004394936522,0.664992327071005,0.223119829151814,0.0822657142098702,0.158193116083948,0.0605561895025587
0.38,11990,11676,11990,315,7.52638710286923,0.529975186927236,10.4695156481105,0.707366018149638,0.251808734128285,0.0746948272617775,0.178319726581302,0.0660100047249029
0.39,12306,11991,12306,316,7.29649758157805,0.51656895781089,11.7700369391286,0.596087483255659,0.240046375650713,0.0719197077340312,0.219252086088685,0.0516876138244094
0.4,12621,12307,12621,315,6.61675154753375,0.612363969657028,10.491314509613,0.68538521405206,0.20526698909481,0.0917494902722669,0.179005819797951,0.0631809086293026
0.41,12937,12622,12937,316,6.3238238010236,0.520410712214876,9.99042723495756,0.672656532847067,0.190279263063941,0.0727149595214491,0.163240989079323,0.0615426308784375
0.42,13252,12938,13252,315,6.67072355772349,0.473921240559978,10.2842415490459,0.561221348872917,0.208028481345702,0.0630915345072658,0.172488444861662,0.0472000780539704
0.43,13568,13253,13568,316,6.78621206078982,0.524823857840747,9.30495466701224,0.645530698417072,0.213937481310011,0.073628490574727,0.141666555982867,0.0580513303811888
0.44,13883,13569,13883,315,4.88467509519886,0.882048900833966,8.03250626366284,1.00870016718414,0.116644836904062,0.147574876542558,0.101617757197174,0.104793993732771
0.45,14199,13884,14199,316,6.89716237036683,0.480953161584403,8.44266168779501,0.470464645256535,0.219614283397868,0.0645471579479139,0.114526910926859,0.0355190023885466
0.46,14514,14200,14514,315,6.72999460231736,0.60340125798888,9.97450313676137,0.991897915306556,0.211061100100735,0.0898941888332134,0.162739797044484,0.102631416559836
0.47,14830,14515,14830,316,7.13925843833422,0.390876818957652,9.68841035964754,0.477597861468919,0.232001193081483,0.0459011527780727,0.153735367446779,0.0364371013828301
0.48,15145,14831,15145,315,7.36986934481785,0.662783503407279,9.56802536493962,0.909097520794923,0.243800461424222,0.102186446964256,0.149946393043429,0.0919743781827536
0.49,15461,15146,15461,316,8.13300770004076,0.427086026971319,10.4970240146056,0.480973977631836,0.282846638264738,0.0533965401365086,0.179185519671054,0.0368716331229977
0.5,15776,15462,15776,315,4.65043168861772,0.53560289996714,7.37401562065769,0.709988823449946,0.104659710728061,0.0758597764967975,0.080892548069199,0.0663475796471707
0.51,16092,15777,16092,316,6.31703086698673,1.28319365885979,8.9085969192082,1.95484495488177,0.189931700787907,0.230612742133949,0.129191667690995,0.226569999417791
0.52,16408,16093,16408,316,6.25879267657508,0.401726750104096,8.8549441484086,0.405743313100629,0.186951928291712,0.0481471128864589,0.127503010597795,0.0271888763707955
0.53,16723,16409,16723,315,6.94642407703273,0.435398320465205,9.68665722745472,0.545298106852811,0.222134771716636,0.0551172035531225,0.153680189697921,0.0451506361123381
0.54,17039,16724,17039,316,5.26419238915561,1.31035154531148,7.72997386941264,1.51806685934434,0.136062940151593,0.236234485606354,0.0920959102196562,0.170353347868413
0.55,17354,17040,17354,315,6.07812106740364,0.766176933368528,8.08310883708577,0.988255760321742,0.177707817373308,0.123589119112853,0.103210412958869,0.102162643606792
0.56,17670,17355,17670,316,6.70221283762993,0.337127820041222,8.51513930080884,0.343487513899516,0.209639638724168,0.0347749893211218,0.116808057519851,0.0191760831323645
0.57,17985,17671,17985,315,5.20981805777455,0.695315832427904,8.90800507018596,1.15669823644497,0.133280863029981,0.10892071211553,0.129173039947552,0.123842467029903
0.58,18301,17986,18301,316,4.21135391132449,2.09054582295484,7.48730566872804,3.05734755827757,0.0821941795152778,0.397736452828748,0.0844582174728841,0.36847044113093
0.59,18616,18302,18616,315,5.64165046535566,0.292647548640906,9.08787938870563,0.392228541091155,0.155375682975118,0.0255674732708429,0.134834370002386,0.0254494227750489
0.6,18932,18617,18932,316,4.34151504814546,0.534140688423995,9.00389589997675,0.851426309872925,0.0888539086866542,0.0755570954243004,0.132191089667741,0.0845516562057197
0.61,19247,18933,19247,315,5.43748884469329,0.348075151058304,8.55559463044225,0.34514862131012,0.144929699373493,0.0370411114214195,0.118081340862447,0.0193898802468308
0.62,19563,19248,19563,316,3.86683224669135,0.40885553761112,6.77966152244159,0.549224190995594,0.0645666369463749,0.0496227879064967,0.0621859603409635,0.0456559529001151
0.63,19878,19564,19878,315,3.15851543349337,1.41179252002288,5.45222320671919,2.03524383862362,0.028325418878963,0.257232995134435,0.020406419522767,0.236917945156035
0.64,20194,19879,20194,316,3.97929183619549,0.852402750902465,7.20389768779636,1.37241950793633,0.0703206617429766,0.141438056942996,0.0755382886390578,0.151607429776711
0.65,20509,20195,20509,315,4.10747879274882,0.458661153090319,7.94642407703273,0.616092233754933,0.076879381456084,0.059932662137963,0.0989084228443574,0.0542623768439839
0.66,20825,20510,20825,316,4.90366896502594,0.347218219938007,7.92765446120504,0.443009574629042,0.117616663303663,0.0368637247554725,0.0983176715293418,0.0319853266971632
0.67,21141,20826,21141,316,6.37542108489295,0.269585965883347,8.46490286185452,0.292139997731711,0.192919251811282,0.0207936738604473,0.115226925404714,0.0125672686020025
0.68,21456,21142,21456,315,5.24755897235326,0.330330580304158,7.9538944536594,0.349837917894694,0.135211886958575,0.0333679454338814,0.0991435440560207,0.0199934282607997
0.69,21772,21457,21772,316,2.60490902888727,5,4.80386129007916,7.96404816025381,0,1,0,1
0.7,22087,21773,22087,315,5.3896820506609,0.300146273475369,7.46717467966643,0.314069230916946,0.142483652046437,0.0271197261482714,0.0838246185558958,0.0153897271302915
0.71,22403,22088,22403,316,5.87076481713452,0.306203861109211,8.76644968398693,0.388829151841505,0.167098379698498,0.0283736603894231,0.124717752673039,0.0250118956122156
0.72,22718,22404,22718,315,5.41837562140556,0.221047132909966,7.99445331184546,0.249633377762318,0.143951766222346,0.0107460264519597,0.100420085836572,0.00709634442385445
0.73,23034,22719,23034,316,5.05567925943792,0.299541626774625,6.79132285609545,0.363798650572307,0.125394310432217,0.0269945629236197,0.0625529869361849,0.0217902803747907
0.74,23349,23035,23349,315,5.7088105413786,0.270987510698156,6.4083325238852,0.233425817814757,0.158811946120676,0.0210837967839654,0.0504988221376911,0.00501030860990958
0.75,23665,23350,23665,316,5.04433471938772,0.228463649184476,7.39240218075945,0.295880741148742,0.124813864024377,0.0122812619728972,0.0814712431612263,0.0130487306335454
0.76,23980,23666,23980,315,4.54038704321576,0.275400207463443,6.55118881173842,0.309744266151689,0.0990292471885083,0.021997234922095,0.0549950537431888,0.0148330713830003
0.77,24296,23981,24296,316,4.71038233909557,0.353851826340987,6.28358156582156,0.342776784367198,0.107727101698835,0.038236896175156,0.0465724342349187,0.0190846068544275
0.78,24611,24297,24611,315,4.8048844203278,0.296779401053054,7.12390699302974,0.333908019430697,0.112562325810343,0.0264227759972998,0.0730206767413939,0.0179431295843846
0.79,24927,24612,24927,316,5.06409753563744,0.285549075771811,6.57325560501675,0.341358776314707,0.125825033772132,0.0240980734489211,0.0556895797935364,0.0189020984699743
0.8,25242,24928,25242,315,3.74367092200192,0.338023459647154,6.46469247432858,0.326410470151465,0.0582650550237481,0.0349603887305064,0.0522726844875808,0.0169781381628568
0.81,25558,25243,25558,316,5.23081778157165,0.332783266147481,7.43055622911436,0.363121580502209,0.134355319481255,0.0338756569104019,0.0826720964150033,0.0217031363247705
0.82,25873,25559,25873,315,5.53068647904512,0.206676718869652,6.7787084137573,0.259490114821517,0.149698181113553,0.00777131848009236,0.0621559623796965,0.00836498119463628
0.83,26189,25874,26189,316,6.69351649257912,0.306306739285339,7.36996368242067,0.32142415086978,0.209194687917546,0.0283949564028713,0.0807650181365751,0.0163363610764222
0.84,26505,26190,26505,316,5.07618893777678,0.411994072765136,6.35376424556175,0.440776115752326,0.126443693577332,0.0502724717302506,0.0487813505349882,0.0316978636107469
0.85,26820,26506,26820,315,4.46234432838608,0.743437548921959,8.57955971180442,1.02403242845353,0.0950361709350369,0.118882015476256,0.118835613270531,0.10676737197232
0.86,27136,26821,27136,316,5.42197701580525,0.221856797119521,7.63166784051669,0.239147170974194,0.144136032524308,0.0109136287612559,0.0890018449826602,0.00574669012775845
0.87,27451,27137,27451,315,3.34675824628956,5,6.17671396082139,4.83246191074192,0.0379569124437824,1,0.0432089035816564,0.596941113154907
0.88,27767,27452,27767,316,4.7407924520885,0.213503981300138,7.0459248433532,0.227709423711051,0.109283043215253,0.00918457713228039,0.0705662814094881,0.00427456536012144
0.89,28082,27768,28082,315,4.40452434589242,0.213692277183454,6.84382385128933,0.224822579446651,0.0920777961581548,0.00922355480290261,0.064205393263258,0.00390300662183492
0.9,28398,28083,28398,316,2.97096206254842,0.291765951656476,5.81314478894456,0.409132729510445,0.0187292007897646,0.0253849807156387,0.0317659966859038,0.0276251199535509
0.91,28713,28399,28713,315,4.65106001052652,0.274764514573193,6.28484005104659,0.272742038498563,0.104691858985577,0.0218656450665081,0.0466120435592885,0.0100706042176837
0.92,29029,28714,29029,316,4.22575569941713,0.276685989980793,7.18414376540293,0.317255616597215,0.0829310508320402,0.0222633947901209,0.0749165574465944,0.0157998391192391
0.93,29344,29030,29344,315,4.21225753595174,0.222409787662095,6.29997697909809,0.231704773906812,0.0822404137095779,0.0110280990451843,0.0470884603508633,0.00478879721393381
0.94,29660,29345,29660,316,4.65828396020464,0.204136191337256,6.0444659457484,0.220111574767836,0.105061474291489,0.00724542357670505,0.0390465547339355,0.00329666461159616
0.95,29975,29661,29975,315,4.72382968940699,0.295500714610497,7.55558916302129,0.348517777068531,0.108415138952765,0.0261580850326887,0.086607359171782,0.0198235161301806
0.96,30291,29976,30291,316,4.36558310876313,0.169134524726821,6.098906569346,0.194497973619539,0.0900853574071311,0,0.0407600085561014,0
0.97,30606,30292,30606,315,NA,NA,NA,NA,NA,NA,NA,NA
0.98,30922,30607,30922,316,NA,NA,NA,NA,NA,NA,NA,NA
0.99,31237,30923,31237,315,NA,NA,NA,NA,NA,NA,NA,NA
1,31553,31238,31553,316,NA,NA,NA,NA,NA,NA,NA,NA
