"dataset_name","feature_id","gene_symbol","baseMean","lfc_shrunk","regulation_direction","lfdr","pvalue","wald_pvalue","padj","empirical_p","empirical_q","HBFSS","hc_p_threshold_dataset","hbfss_threshold_dataset","resLA_padj","resGA_padj","hc_empirical_pass","deseq2_strong_call","deseq2_weak_call_raw","deseq2_weak_call","standard_significant","HBFSS_significant","effect_class","log2FoldChange","lfcSE","stat","raw_lfc_pass","shrunk_lfc_pass","neglog10_wald_pvalue","padj_strong_effect","padj_weak_effect","HBFSS_only_call","overlap_call","R2_1","R2_2","R2_3","R2_4","R2_5","ZT8_1","ZT8_2","ZT8_3","ZT8_4","ZT8_5","dispGeneEst","dispFit","dispersion","dispIter","dispOutlier","neglog10_padj","neglog10_empirical_p"
"RT2_ZT8_remainder_dataset","94258","Rpl19",637.565022377987,-9.22314331481988e-06,"downregulated",0.643048693705231,0.059812300285939,0.059812300285939,0.999937406023401,0.0105009768968134,0.463574961757284,1.8250482036432e-05,0.0128699739282638,1.89042233287981,0.0241643737434611,1,TRUE,FALSE,TRUE,TRUE,TRUE,FALSE,"weak_effect",-0.396900458704428,0.2108733370001,-1.88217469477537,FALSE,FALSE,1.22320949499167,1,0.0241643737434611,FALSE,FALSE,423.71874507805,535.543618527552,547.066769536924,609.18115418882,637.486935803084,573.263460778032,616.951958957212,580.541138715841,953.838475256781,898.057966937575,0.0420990196535184,0.0729195397387356,0.0517949387463592,10,FALSE,2.71850694570141e-05,1.97877029701001
"RT2_ZT8_remainder_dataset","49912","Rab6a",682.214532298259,7.53224816461904e-06,"upregulated",0.643048693705231,0.0650355078686981,0.0650355078686981,0.999937406023401,0.012129322085616,0.481620590823672,1.4433018790631e-05,0.0128699739282638,1.89042233287981,0.0883197871580744,1,TRUE,FALSE,TRUE,TRUE,TRUE,FALSE,"weak_effect",0.459783787486081,0.249203419256385,1.84501396031428,FALSE,FALSE,1.18684946395783,1,0.0883197871580744,FALSE,FALSE,959.775733957931,1039.74733511029,407.751629468515,720.519746338212,822.022627746082,476.079311847851,649.566159430721,588.998553848018,688.549466386983,469.134758847987,0.0735262062292713,0.0722898226295386,0.0731001547423642,8,FALSE,2.71850694570141e-05,1.91616347140907
"RT2_ZT8_remainder_dataset","384169","Tac1",267.469035810107,9.14138400687478e-06,"upregulated",0.641482435170779,0.0412800598314176,0.0412800598314176,0.999937406023401,0.0055302033826925,0.370937556548661,2.06344703756478e-05,0.0128699739282638,1.89042233287981,0.0947631724765659,1,TRUE,FALSE,TRUE,TRUE,TRUE,FALSE,"weak_effect",0.49028227454024,0.24025130393584,2.04070598788996,FALSE,FALSE,1.38425968191293,1,0.0947631724765659,FALSE,FALSE,351.339742360091,473.785576459831,258.242698663393,224.267735615205,252.571578366427,234.96420817297,257.28980373546,173.377010209622,223.220525262613,225.63147925546,0.0554188189610903,0.0862329901945877,0.0655205426417782,10,FALSE,2.71850694570141e-05,2.25725889647887
"RT2_ZT8_remainder_dataset","42310","Slc17a7",3188.75230152274,-7.58781404135875e-06,"downregulated",0.674651374719091,0.0670861665494828,0.0670861665494828,0.999937406023401,0.012794525919215,0.488120531177393,1.43635483670988e-05,0.0128699739282638,1.89042233287981,0.0853561245666181,1,TRUE,FALSE,TRUE,TRUE,TRUE,FALSE,"weak_effect",-0.455418857989721,0.248713762938237,-1.83109632780079,FALSE,FALSE,1.17336702395319,1,0.0853561245666181,FALSE,FALSE,2470.68741569532,1429.65258577665,3713.93775840906,3629.6381040702,2206.97231576272,3800.02324108013,3513.27415100744,4418.39530548144,3455.62543916161,3249.31669878284,0.0728206200995121,0.065221656512282,0.073974301581253,8,FALSE,2.71850694570141e-05,1.89297580156916
"RT2_ZT8_remainder_dataset","26714","Psat1",254.39013864742,9.02465914918259e-06,"upregulated",0.525914767854295,0.038322124500109,0.038322124500109,0.999937406023401,0.0048606165749272,0.352412855935509,2.08768219510708e-05,0.0128699739282638,1.89042233287981,0.0919337855085887,1,TRUE,FALSE,TRUE,TRUE,TRUE,FALSE,"weak_effect",0.491852040075258,0.237449939109269,2.07139257192616,FALSE,FALSE,1.41655042252934,1,0.0919337855085887,FALSE,FALSE,446.337183427412,253.484501024228,265.038559154535,281.527583006321,239.523600148235,206.670088864183,282.656404103745,212.643580466156,160.547070092726,195.472816186661,0.0524454759976493,0.0874121470684237,0.0637180368813174,9,FALSE,2.71850694570141e-05,2.31330863647761
"RT2_ZT8_remainder_dataset","39364","-",509.304261156465,-9.91263939541913e-06,"downregulated",0.643048693705231,0.0639441426064918,0.0639441426064918,0.999937406023401,0.011781207906246,0.478074395439079,1.91195997748388e-05,0.0128699739282638,1.89042233287981,0.00884467207524813,1,TRUE,FALSE,TRUE,TRUE,TRUE,FALSE,"weak_effect",-0.358226509506351,0.193367419616218,-1.8525691154039,FALSE,FALSE,1.19419923148533,1,0.00884467207524813,FALSE,FALSE,381.49766015924,453.506816377892,574.250211501492,478.755946242388,345.771422782082,651.994923202483,616.046008944059,598.060070061064,559.768394120091,433.391158173855,0.0282600500329388,0.0753426114447964,0.0428983682274454,9,FALSE,2.71850694570141e-05,1.92881017982702
"RT2_ZT8_remainder_dataset","42631","Kcnc1",185.303609071993,-8.49139123724792e-06,"downregulated",0.641482435170779,0.0541178803067205,0.0541178803067205,0.999937406023401,0.00883650207736841,0.44044055689519,1.74389367520028e-05,0.0128699739282638,1.89042233287981,0.0646286583766588,1,TRUE,FALSE,TRUE,TRUE,TRUE,FALSE,"weak_effect",-0.45034380496974,0.233836498579824,-1.92589184197012,FALSE,FALSE,1.26665922222081,1,0.0646286583766588,FALSE,FALSE,126.663254756428,162.230080655506,148.376287389932,224.267735615205,123.955793072822,233.734029072588,227.39345330141,236.807623700947,145.093341420698,224.514491734394,0.0430247368343288,0.096402639370737,0.0600881779941516,9,FALSE,2.71850694570141e-05,2.05371961611026
"RT2_ZT8_remainder_dataset","181950","Ednrb",151.335907722191,-1.98220900455495e-05,"downregulated",0.643048693705231,0.0649388079970824,0.0649388079970824,0.999937406023401,0.0120983111953405,0.481310884232281,3.80044026212345e-05,0.0128699739282638,1.89042233287981,0.0511910675819552,1,TRUE,FALSE,TRUE,TRUE,TRUE,FALSE,"weak_effect",-0.426518986207379,0.231090538573543,-1.84567913874865,FALSE,FALSE,1.18749568745379,1,0.0511910675819552,FALSE,FALSE,148.527745160811,150.247176970724,122.325488840554,120.881900047912,103.451827301378,202.979551563037,150.387702183403,233.183017215728,133.932315157568,147.442352780796,0.0366006364345005,0.103833079524744,0.0573583009067716,9,FALSE,2.71850694570141e-05,1.91727524866972
"RT2_ZT8_remainder_dataset","42422","Rpl18",138.054643070949,-1.16716504251351e-05,"downregulated",0.503162602111538,0.0205275018629229,0.0205275018629229,0.999937406023401,0.00163579441347284,0.220823975071674,3.25203843619929e-05,0.0128699739282638,1.89042233287981,0.0440037920381987,1,TRUE,FALSE,TRUE,TRUE,TRUE,FALSE,"weak_effect",-0.474743189910946,0.204934212138734,-2.31656386191663,FALSE,FALSE,1.68766389978485,1,0.0440037920381987,FALSE,FALSE,91.2277013424271,124.437845957349,105.3358376127,154.28347769273,105.315824189691,162.38364125043,171.224552485922,173.377010209622,151.103124793153,141.857415175463,0.0134199315818905,0.107732685018183,0.0429519790534493,10,FALSE,2.71850694570141e-05,2.78627127933507
"RT2_ZT8_remainder_dataset","147785","Glul",779.458750237294,1.43515258866215e-05,"upregulated",0.173508257019699,0.00589795329641832,0.00589795329641832,0.999937406023401,0.00018158798120993,0.08458684574156,5.36878083178558e-05,0.0128699739282638,1.89042233287981,0.0582646076390292,1,TRUE,FALSE,TRUE,TRUE,TRUE,FALSE,"weak_effect",0.533019980819123,0.19358600621114,2.753401401534,FALSE,FALSE,2.22929867077848,1,0.0582646076390292,FALSE,FALSE,1015.56788188636,736.487695703122,1162.09214398527,866.850467448843,829.478615299335,520.365759461604,503.708207313084,748.481239197635,724.608166621713,686.947325455981,0.0315019547511707,0.0711680006856172,0.043697360237715,9,FALSE,2.71850694570141e-05,3.74091289957562
"RT2_ZT8_remainder_dataset","438640","LOC120103459",555.257475977456,-1.46623103691929e-06,"downregulated",0.641482435170779,0.0456707902683969,0.0456707902683969,0.999937406023401,0.00658916129687825,0.397907846327019,3.19809894724782e-06,0.0128699739282638,1.89042233287981,0.0377856157942712,1,TRUE,FALSE,TRUE,TRUE,TRUE,FALSE,"weak_effect",0.430452280845215,0.215395950410401,1.9984232759486,FALSE,FALSE,1.34036147347654,1,0.0377856157942712,FALSE,FALSE,478.756945061497,754.001170319341,487.036668531837,879.574877980202,589.9550151511,482.230207349761,375.063305445354,474.219348482763,561.48547508365,470.251746369054,0.045062537057367,0.0743457875928256,0.0538961928803963,10,FALSE,2.71850694570141e-05,2.18116986117506
"RT2_ZT8_remainder_dataset","41839","Klk6",228.997471253342,-9.2333840135481e-06,"downregulated",0.641482435170779,0.0472535449404187,0.0472535449404187,0.999937406023401,0.00698950937727294,0.40675432525301,1.9903051455546e-05,0.0128699739282638,1.89042233287981,0.047679310930894,1,TRUE,FALSE,TRUE,TRUE,TRUE,FALSE,"weak_effect",-0.440454442177442,0.222000943449114,-1.98402058718458,FALSE,FALSE,1.32556560534915,1,0.047679310930894,FALSE,FALSE,258.604145127706,151.168938792631,200.477884488687,219.496081665945,141.663763511797,237.424566373734,270.879053932755,212.643580466156,289.328142359618,308.288555814391,0.038485770995446,0.0900860867832811,0.0546860023093456,9,FALSE,2.71850694570141e-05,2.15555330812001
"RT2_ZT8_remainder_dataset","300593","Mtx1",92.8124817220554,-8.92720100161026e-06,"downregulated",0.643048693705231,0.059642591996038,0.059642591996038,0.999937406023401,0.0104496825983014,0.462940729363077,1.76838647963684e-05,0.0128699739282638,1.89042233287981,0.0338067486505235,1,TRUE,FALSE,TRUE,TRUE,TRUE,FALSE,"weak_effect",-0.411026553670047,0.218233392099855,-1.88342649910321,FALSE,FALSE,1.2244434908878,1,0.0338067486505235,FALSE,FALSE,64.0855753231926,79.2715166839405,82.6829693088933,82.7086684538345,89.4718506390294,109.485939934002,106.902101552057,91.8233642922038,91.0052910686038,130.687539964796,0.0109036144840481,0.129392771560197,0.0461694619794015,7,FALSE,2.71850694570141e-05,1.9808969007395
"RT2_ZT8_remainder_dataset","523115","Cox5a",571.574286044649,-1.04783943829042e-05,"downregulated",0.503162602111538,0.0232401155324485,0.0232401155324485,0.999937406023401,0.002032690523738,0.24799531112878,2.82070909619672e-05,0.0128699739282638,1.89042233287981,0.0819299559217177,1,TRUE,FALSE,TRUE,TRUE,TRUE,FALSE,"weak_effect",-0.50611132559066,0.223009174987193,-2.26946414029703,FALSE,FALSE,1.63376171728945,1,0.0819299559217177,FALSE,FALSE,513.438550530519,335.521303173888,634.280312506579,539.196896266344,340.179432117143,746.7187139319,820.790711916644,573.896026826274,590.675851464145,621.045061713049,0.0490702136675385,0.074030401595569,0.0579072103744984,10,FALSE,2.71850694570141e-05,2.69192873747795
"RT2_ZT8_remainder_dataset","95111","Rundc3a",179.398641044856,-9.71457251311619e-06,"downregulated",0.643048693705231,0.0588902176219325,0.0588902176219325,0.999937406023401,0.0102235148892158,0.460089959374239,1.9335882858669e-05,0.0128699739282638,1.89042233287981,0.0153284217025417,1,TRUE,FALSE,TRUE,TRUE,TRUE,FALSE,"weak_effect",-0.380555364922927,0.201457354517066,-1.88901202358779,FALSE,FALSE,1.22995684079275,1,0.0153284217025417,FALSE,FALSE,126.663254756428,164.995366121225,191.416737167164,157.46458032557,140.73176506764,194.368297860363,166.694802420157,256.138858288779,200.039932254572,195.472816186661,0.0208878744365154,0.0974922937528969,0.0430507672455958,7,FALSE,2.71850694570141e-05,1.99039976618245
"RT2_ZT8_remainder_dataset","393488","Ccdc142",415.636898108262,1.2912838543336e-05,"upregulated",0.641482435170779,0.0491186063141247,0.0491186063141247,0.999937406023401,0.00747368553311833,0.416630760989028,2.74587015336753e-05,0.0128699739282638,1.89042233287981,0.000596353249760979,1,TRUE,FALSE,TRUE,TRUE,TRUE,FALSE,"weak_effect",0.310971412211002,0.158049209643157,1.9675606914651,FALSE,FALSE,1.30875396431542,1,0.000596353249760979,FALSE,FALSE,387.52924371907,492.220812897956,509.689536835644,521.700831785725,391.439346545753,408.419461326838,358.756205208599,366.689356087946,346.85035463883,373.073832036256,0.0102256818746664,0.0780569944992348,0.02758324050037,5,FALSE,2.71850694570141e-05,2.12646517971419
"RT2_ZT8_remainder_dataset","500276","Mettl7a",163.711070355143,1.06567378112269e-05,"upregulated",0.641482435170779,0.0467857616284815,0.0467857616284815,0.999937406023401,0.00687017338660678,0.404185322226737,2.30508681223657e-05,0.0128699739282638,1.89042233287981,0.0122536009414279,1,TRUE,FALSE,TRUE,TRUE,TRUE,FALSE,"weak_effect",0.385014727779602,0.193646538573145,1.98823449474761,FALSE,FALSE,1.32988629622128,1,0.0122536009414279,FALSE,FALSE,205.827788979195,209.239933572727,168.763868863358,194.047260603227,149.119751065049,152.542208447373,154.011502236015,153.44167454092,111.610262631307,138.506452612263,0.0138334450677729,0.100768964056141,0.0388981328293537,10,FALSE,2.71850694570141e-05,2.16303230225685
"RT2_ZT8_remainder_dataset","277030","Fdps",399.473572739486,-8.59715933498816e-06,"downregulated",0.643048693705231,0.0659829675216188,0.0659829675216188,0.999937406023401,0.0124348699869408,0.484609863885592,1.63806727739154e-05,0.0128699739282638,1.89042233287981,0.0349264582950469,1,TRUE,FALSE,TRUE,TRUE,TRUE,FALSE,"weak_effect",-0.406690448061013,0.221203014150343,-1.83853935997726,FALSE,FALSE,1.18056815636747,1,0.0349264582950469,FALSE,FALSE,428.996380692901,225.83164636704,457.587939736889,254.488210627183,349.499416558709,419.491073230277,435.761956326607,463.949630107977,457.602076788357,501.527396958919,0.043833451514366,0.0786541711418226,0.0561945615679004,9,FALSE,2.71850694570141e-05,1.90535875114591
"RT2_ZT8_remainder_dataset","469951","Cirbp",461.333461170484,-1.09122946870929e-05,"downregulated",0.643048693705231,0.0562211501214771,0.0562211501214771,0.999937406023401,0.00943758580172815,0.449441065767024,2.20989144992616e-05,0.0128699739282638,1.89042233287981,0.00454373002066642,1,TRUE,FALSE,TRUE,TRUE,TRUE,FALSE,"weak_effect",-0.346026480171277,0.181230458416895,-1.90931746900564,FALSE,FALSE,1.2501002742337,1,0.00454373002066642,FALSE,FALSE,395.822671113836,402.809916173047,475.710234379934,453.30712517967,306.627488127507,468.698237245559,570.748508286408,612.558496001939,493.660777023087,433.391158173855,0.0217237222095871,0.0765950572476933,0.037233804544202,9,FALSE,2.71850694570141e-05,2.02513908696035
"RT2_ZT8_remainder_dataset","432655","Slc2a1",128.387773878317,8.27514055095517e-06,"upregulated",0.643048693705231,0.0622917191390849,0.0622917191390849,0.999937406023401,0.0112620160628409,0.472486178509296,1.61231502685792e-05,0.0128699739282638,1.89042233287981,0.0637074235069941,1,TRUE,FALSE,TRUE,TRUE,TRUE,FALSE,"weak_effect",0.441422950309089,0.236787757875237,1.86421356522018,FALSE,FALSE,1.20556968321615,1,0.0637074235069941,FALSE,FALSE,153.051432830683,107.846133163035,123.458132255745,194.047260603227,163.099727727397,108.25576083362,94.2188013679149,137.130945357436,116.761505521982,86.008039122131,0.0354083980438664,0.111078372735897,0.0594646334543733,9,FALSE,2.71850694570141e-05,1.948383857567
"RT2_ZT8_remainder_dataset","535127","Smap1",206.627848288948,-1.21881238698007e-05,"downregulated",0.641482435170779,0.0471069969888082,0.0471069969888082,0.999937406023401,0.0069520324740433,0.405953553794458,2.6300608775024e-05,0.0128699739282638,1.89042233287981,0.00204636340953824,1,TRUE,FALSE,TRUE,TRUE,TRUE,FALSE,"weak_effect",-0.335615782348207,0.169047266440454,-1.98533693809493,FALSE,FALSE,1.32691458060063,1,0.00204636340953824,FALSE,FALSE,183.963298574812,218.45755179179,180.090303015261,168.598439540509,161.235730839084,254.647073779083,235.547003419787,218.080490193984,241.249875379978,204.408716355194,0.00546358285299844,0.0929861894362146,0.0294107478690163,11,FALSE,2.71850694570141e-05,2.15788820789643
"RT2_ZT8_remainder_dataset","121294","Ran",589.830200979169,1.22870159261431e-05,"upregulated",0.641482435170779,0.0525111577486204,0.0525111577486204,0.999937406023401,0.00838830516628986,0.433186658406568,2.55118479058224e-05,0.0128699739282638,1.89042233287981,0.00284696655877282,1,TRUE,FALSE,TRUE,TRUE,TRUE,FALSE,"weak_effect",0.3383068608613,0.174482171487981,1.93891936337234,FALSE,FALSE,1.27974840642644,1,0.00284696655877282,FALSE,FALSE,588.079397083414,683.947271854464,721.493855476234,690.299271326234,607.662985590075,618.780087492168,500.084407260472,390.853399322736,481.641210278177,615.460124107716,0.0201817980881207,0.0736982180156216,0.0348558325324336,9,FALSE,2.71850694570141e-05,2.07632577829909
"RT2_ZT8_remainder_dataset","528799","Rab6b",1148.40885034005,-1.21367165899537e-05,"downregulated",0.503162602111538,0.03137837759019,0.03137837759019,0.999937406023401,0.00343301198427981,0.312673931575019,2.99088102328051e-05,0.0128699739282638,1.89042233287981,0.00912025456754124,1,TRUE,FALSE,TRUE,TRUE,TRUE,FALSE,"weak_effect",-0.394460091968744,0.183278773620892,-2.15224100519505,FALSE,FALSE,1.50336951523739,1,0.00912025456754124,FALSE,FALSE,1152.78640787249,662.746749950619,1155.29628349413,1094.29930569689,897.514501722763,1231.40927948243,1338.99411944018,1198.53654444561,1312.70839664052,1439.79691465489,0.0276659347694227,0.0686395632540383,0.0394498602652644,9,FALSE,2.71850694570141e-05,2.46432468049575
"RT2_ZT8_remainder_dataset","508254","Lingo1",308.108355346378,-1.10317814728115e-05,"downregulated",0.503162602111538,0.0269482232656286,0.0269482232656286,0.999937406023401,0.00263274055858309,0.280405585706424,2.8457494527033e-05,0.0128699739282638,1.89042233287981,0.0403829546737495,1,TRUE,FALSE,TRUE,TRUE,TRUE,FALSE,"weak_effect",-0.458615026996869,0.207305461446197,-2.21226697935257,FALSE,FALSE,1.56946986318114,1,0.0403829546737495,FALSE,FALSE,282.730479367026,217.535789969883,253.712125002632,225.858286931625,316.879471013229,300.163700493219,491.930857142094,292.989024221835,370.889488128649,328.394331193591,0.0344523933058458,0.0832078626790479,0.0482608770712584,9,FALSE,2.71850694570141e-05,2.57959193600492
"RT2_ZT8_remainder_dataset","401984","Vxn",281.763679450007,-1.13904022907047e-05,"downregulated",0.643048693705231,0.0603896956466684,0.0603896956466684,0.999937406023401,0.0106762615751514,0.465708971450546,2.24570983953064e-05,0.0128699739282638,1.89042233287981,0.00177616185901444,1,TRUE,FALSE,TRUE,TRUE,TRUE,FALSE,"weak_effect",-0.32092266426913,0.170891011729489,-1.87793764587884,FALSE,FALSE,1.21903715915316,1,0.00177616185901444,FALSE,FALSE,227.692279383578,270.076213818542,211.80431864059,270.393723791382,273.075544137871,300.163700493219,349.696705077069,262.179869097477,355.435759456622,297.118680603725,0.0119122877205068,0.0850694294600914,0.0314661924225981,6,FALSE,2.71850694570141e-05,1.97158079426508
