"percentile","center_rank","lo_rank","hi_rank","iod_local_amplitude","cv2_local_amplitude","iod_local_midpoint","cv2_local_midpoint","iod_peak_rank","iod_trough_rank","cv2_peak_rank","cv2_trough_rank","iod_center","cv2_center","iod_residual_sd","cv2_residual_sd","local_window_n","iod_local_amplitude_scaled","cv2_local_amplitude_scaled","center_distance","center_agreement"
0.005,157,1,15860,0.338486658505114,0.249633276139629,1.01083668708044,-0.125639110830876,1,15860,1,15860,7930.5,7930.5,0.451224154397184,0.462480962298132,15860,0.932429005675699,0.0246689583140744,0,1
0.01,314,1,16017,0.345839304730447,0.267012528486332,1.00402500678387,-0.135301256268895,1,16017,1,16017,8009,8009,0.45115119862563,0.463662918718474,16017,0.965460678504014,0.066417106667781,0,1
0.015,471,1,16174,0.338487949264859,0.253774998734183,1.00314948274476,-0.13243715242722,1,16174,1,16174,8087.5,8087.5,0.45151878073281,0.466467738700082,16174,0.932434804397997,0.0346181348302984,0,1
0.02,628,1,16331,0.334033128949914,0.246319222439833,1.00129208594441,-0.131700515628064,1,16331,1,16331,8166,8166,0.451792183237611,0.469000671100937,16331,0.912421578867681,0.0167079941280925,0,1
0.025,785,1,16488,0.328652502884798,0.266629175571168,1.00011733667579,-0.142028531796375,1,16488,1,16488,8244.5,8244.5,0.452712114911077,0.46999840647929,16488,0.888249182379729,0.0654962227278507,0,1
0.03,942,1,16645,0.321836959068246,0.254219918412604,0.999720091810915,-0.139497761048537,1,16645,1,16645,8323,8323,0.452467045813749,0.473183076561723,16645,0.857630435523702,0.0356869134157993,0,1
0.035,1099,1,16802,0.333176392239169,0.25581008526988,0.991928819854211,-0.142217015790568,1,16802,1,16802,8401.5,8401.5,0.452456675257009,0.474883763179675,16802,0.908572699721038,0.0395067855564632,0,1
0.04,1256,1,16959,0.332224628540259,0.241121324079527,0.988946750257941,-0.138105479311614,1,16959,1,16959,8480,8480,0.452547062725992,0.477845426565218,16959,0.904296912997621,0.00422168991059724,0,1
0.045,1413,1,17116,0.328742662750652,0.257296370341851,0.987011450213858,-0.146499009863262,1,17116,1,17116,8558.5,8558.5,0.452965083788218,0.479427585044834,17116,0.888654224469321,0.0430771146156597,0,1
0.05,1570,1,17273,0.327633441136633,0.262183038722719,0.984294630866626,-0.150678363537672,1,17273,1,17273,8637,8637,0.453867569825573,0.481614453246983,17273,0.883671059996895,0.0548157873991612,0,1
0.055,1727,1,17430,0.323734124420065,0.263173348290403,0.982873098294868,-0.153255880876734,1,17430,1,17430,8715.5,8715.5,0.453701782844378,0.48348794896149,17430,0.866153427557046,0.0571946924247045,0,1
0.06,1884,1,17587,0.315571188199583,0.239363885314478,0.983191408465638,-0.145622629208183,1,17587,1,17587,8794,8794,0.453498302299383,0.487983024963391,17587,0.829481536881232,0,0,1
0.065,2041,1,17744,0.322850865719667,0.244355253583319,0.977410271028259,-0.149112642475348,1,17744,1,17744,8872.5,8872.5,0.453497572641767,0.489822267573105,17744,0.862185398697748,0.0119901810974674,0,1
0.07,2198,1,17901,0.325109502526738,0.244434507846792,0.973466703604873,-0.150763001401312,1,17901,1,17901,8951,8951,0.453212941755024,0.49208792483493,17901,0.872332296802556,0.0121805643592506,0,1
0.075,2355,1,18058,0.32029373707919,0.251002866204729,0.972467249814466,-0.154692072510894,1,18058,1,18058,9029.5,9029.5,0.454264680359688,0.493962423212486,18058,0.850697529698816,0.0279589645859732,0,1
0.08,2512,1,18215,0.324049679907433,0.240802465282115,0.968011151635624,-0.152272413709208,1,18215,1,18215,9108,9108,0.453973863033045,0.4963736577509,18215,0.867571056706943,0.00345573265808184,0,1
0.085,2670,1,18373,0.319229557168035,0.240571311157176,0.966934476178041,-0.153497882746142,1,18373,1,18373,9187,9187,0.454167792801017,0.498806823621193,18373,0.845916714523101,0.00290045809804988,0,1
0.09,2827,1,18530,0.313221845664388,0.251597221259469,0.966617900119818,-0.159138909313187,1,18530,1,18530,9265.5,9265.5,0.454049537482281,0.500757087147984,18530,0.818927144407292,0.0293867143248605,0,1
0.095,2984,1,18687,0.320991167403353,0.270194958404256,0.960707776251429,-0.168267561531271,1,18687,1,18687,9344,9344,0.453748625537977,0.501789712031464,18687,0.853830726861073,0.0740618864136707,0,1
0.1,3141,1,18844,0.317887194533137,0.276866106622776,0.959101670615123,-0.172996361697283,1,18844,1,18844,9422.5,9422.5,0.453895013672697,0.503847525827621,18844,0.83988616687889,0.0900872067186125,0,1
0.105,3298,1,19001,0.317271112953259,0.2908678006601,0.956626338893309,-0.180860700131447,1,19001,1,19001,9501,9501,0.453894866011982,0.505423326651323,19001,0.837118427950833,0.12372184117884,0,1
0.11,3455,1,19158,0.319557478937132,0.26817536591084,0.95303306887715,-0.173944398804592,1,19158,1,19158,9579.5,9579.5,0.453523659426628,0.509317899108503,19158,0.847389899041726,0.0692104552158742,0,1
0.115,3612,1,19315,0.316566953900452,0.266136841941352,0.951395805142101,-0.174975818128343,1,19315,1,19315,9658,9658,0.45349843953692,0.511864314487929,19315,0.833955002057813,0.0643135471439389,0,1
0.12,3769,1,19472,0.316545021764779,0.263517908606299,0.948673408936344,-0.175673898130008,1,19472,1,19472,9736.5,9736.5,0.453557699446772,0.514309562430161,19472,0.833856472207774,0.0580223894336347,0,1
0.125,3926,1,19629,0.319727133963123,0.283548332103944,0.944598295822893,-0.185531553127489,1,19629,1,19629,9815,9815,0.453417865588958,0.515024611512691,19629,0.848152072161507,0.106139136638006,0,1
0.13,4083,1,19786,0.319275502802175,0.289400895706707,0.941887792112464,-0.190180577417261,1,19786,1,19786,9893.5,9893.5,0.452984714587712,0.517428004584326,19786,0.846123124719957,0.120198066715282,0,1
0.135,4240,1,19943,0.322722977438416,0.304868302015063,0.937656102457188,-0.198698266149405,1,19943,1,19943,9972,9972,0.45272048557876,0.518696955252653,19943,0.861610862165543,0.157353610597515,0,1
0.14,4397,1,20100,0.322146270201477,0.30853635942171,0.934965280197914,-0.202764183753006,1,20100,1,20100,10050.5,10050.5,0.453144009388282,0.520087981064831,20100,0.859020011989361,0.166164956547716,0,1
0.145,4554,1,20257,0.321836357245685,0.306955316026798,0.932224731923777,-0.20489569751802,1,20257,1,20257,10129,10129,0.452962046628613,0.522203783283786,20257,0.857627731843241,0.162367000635247,0,1
0.15,4711,1,20414,0.331056355976714,0.307726649046365,0.925479886981421,-0.207577404113301,1,20414,1,20414,10207.5,10207.5,0.45323654847001,0.523484318253802,20414,0.899048462859987,0.164219883871453,0,1
0.155,4868,1,20571,0.321635105799118,0.287248467381563,0.926239926156682,-0.201540548132269,1,20571,1,20571,10286,10286,0.453307061966924,0.527316068023967,20571,0.856723612192237,0.11502753951157,0,1
0.16,5025,1,20728,0.319087096514006,0.308126604846342,0.924479792571212,-0.212051532727689,1,20728,1,20728,10364.5,10364.5,0.453558203065365,0.527563389042799,20728,0.845276711785231,0.165180650982676,0,1
0.165,5182,1,20885,0.326755411391528,0.319930209847463,0.918532719245518,-0.219539648028356,1,20885,1,20885,10443,10443,0.453230907813214,0.528753404297094,20885,0.879726522155008,0.193535072845297,0,1
0.17,5339,1,21042,0.327494913875324,0.317542851303828,0.915227527760673,-0.221161032580283,1,21042,1,21042,10521.5,10521.5,0.452836689103439,0.53011341633376,21042,0.883048727977495,0.187800200212985,0,1
0.175,5496,1,21199,0.327007993264721,0.317815206840797,0.912427468002621,-0.223787603413533,1,21199,1,21199,10600,10600,0.452778715686671,0.532644484086367,21199,0.880861243116959,0.188454448113613,0,1
0.18,5653,1,21356,0.330212507527427,0.332155129304636,0.908181213501327,-0.232144187916312,1,21356,1,21356,10678.5,10678.5,0.452761930109013,0.533859998676853,21356,0.895257484069592,0.222901569224354,0,1
0.185,5810,1,21513,0.329168614510198,0.35129027634084,0.905600079436942,-0.242817350171717,1,21513,1,21513,10757,10757,0.452885602111652,0.534414587238564,21513,0.890567807515582,0.268867698336288,0,1
0.19,5967,1,21670,0.331730285639933,0.343601314702042,0.901483482576906,-0.242996430797144,1,21670,1,21670,10835.5,10835.5,0.452552550379229,0.5369444581429,21670,0.902076083591698,0.250397403712631,0,1
0.195,6124,1,21827,0.329684144335661,0.349921713119345,0.899343211229183,-0.248709325337549,1,21827,1,21827,10914,10914,0.452443708856897,0.537845704269946,21827,0.892883818922369,0.265580158730868,0,1
0.2,6281,1,21984,0.325112953411876,0.344628728758821,0.898300460432621,-0.24967108862527,1,21984,1,21984,10992.5,10992.5,0.453170937589853,0.540466997957796,21984,0.872347799861641,0.252865440519245,0,1
0.205,6438,1,22141,0.321621267002194,0.356931776588536,0.896974890291615,-0.257647094445621,1,22141,1,22141,11071,11071,0.453183324298447,0.542774871438991,22141,0.856661441567087,0.282419615563786,0,1
0.21,6595,1,22298,0.333045417553391,0.357334332003684,0.8895538189238,-0.260935930110423,1,22298,1,22298,11149.5,11149.5,0.453094311650178,0.543770520918939,22298,0.907984297554412,0.283386627426949,0,1
0.215,6752,1,22455,0.339701236413978,0.368289479028056,0.88383288073167,-0.268484236565013,1,22455,1,22455,11228,11228,0.452744946735726,0.544664405249773,22455,0.937885482008244,0.309702897775422,0,1
0.22,6909,1,22612,0.337009638864526,0.369312701449175,0.881793440084777,-0.272370301429452,1,22612,1,22612,11306.5,11306.5,0.452935787580872,0.546675797117756,22612,0.925793513087903,0.312160865505191,0,1
0.225,7066,1,22769,0.344919840360271,0.374017977990403,0.875520089935776,-0.277712212694613,1,22769,1,22769,11385,11385,0.452304946756087,0.547547098746492,22769,0.961329996118083,0.323463801855366,0,1
0.23,7223,1,22926,0.341201652848742,0.368762976270843,0.873843432592479,-0.27873562242042,1,22926,1,22926,11463.5,11463.5,0.452124105353159,0.550707780108099,22926,0.944626084406408,0.310840324906496,0,1
0.235,7380,1,23083,0.340529250465956,0.394566545623141,0.871056710856501,-0.292398272372756,1,23083,1,23083,11542,11542,0.451995612054863,0.550626312215936,23083,0.941605324963281,0.372825226206309,0,1
0.24,7537,1,23240,0.339244855548081,0.393370921968998,0.868571595303026,-0.295275413450456,1,23240,1,23240,11620.5,11620.5,0.451768040941948,0.552657697479641,23240,0.935835196575566,0.369953119127557,0,1
0.245,7694,1,23397,0.351362195889601,0.400530668264195,0.860621732580138,-0.301624816014243,1,23397,1,23397,11699,11699,0.451989255622567,0.55287666814026,23397,0.990272199178977,0.387152141533345,0,1
0.25,7852,1,23555,0.353527544231456,0.424305013061864,0.856496840698921,-0.314922384567359,1,23555,1,23555,11778,11778,0.451972981406322,0.55282717329185,23555,1,0.444262473659547,0,1
0.255,8009,1,23712,0.349859490667395,0.439364102405499,0.854725387176286,-0.325127646963809,1,23712,1,23712,11856.5,11856.5,0.452216243794726,0.552723874628718,23712,0.98352131443135,0.480437165380912,0,1
0.26,8166,1,23869,0.337848532588022,0.390745807494233,0.856653796494468,-0.309088022433407,1,23869,1,23869,11935,11935,0.452120408183584,0.559939251296391,23869,0.929562232833557,0.363647113187162,0,1
0.265,8323,1,24026,0.336675209194324,0.37706288884506,0.854413310658506,-0.305936151002781,1,24026,1,24026,12013.5,12013.5,0.451780334333362,0.563332850334835,24026,0.924291091903521,0.330778235615121,0,1
0.27,8480,1,24183,0.337593209315604,0.405136542750554,0.851353482484703,-0.319931142847271,1,24183,1,24183,12092,12092,0.45208518794711,0.563541824709612,24183,0.928415196169276,0.398216295935337,0,1
0.275,8637,1,24340,0.333595365063789,0.418591810096169,0.850350705902046,-0.328525069181835,1,24340,1,24340,12170.5,12170.5,0.452081815271216,0.563479438377055,24340,0.910454929987892,0.430538313366086,0,1
0.28,8794,1,24497,0.325326375421068,0.391882217832775,0.851275315956296,-0.320801228113608,1,24497,1,24497,12249,12249,0.452070396219237,0.568542553434099,24497,0.873306595615705,0.366376979032809,0,1
0.285,8951,1,24654,0.322664366033933,0.409163982400534,0.850147920387819,-0.330382315431227,1,24654,1,24654,12327.5,12327.5,0.452433664502892,0.56849591139322,24654,0.861347551151039,0.407890943879836,0,1
0.29,9108,1,24811,0.322229150343414,0.42638030705621,0.848237740197659,-0.34025996003928,1,24811,1,24811,12406,12406,0.452268244246922,0.568463484994848,24811,0.859392350008699,0.449247710068175,0,1
0.295,9265,1,24968,0.320773339814193,0.433005764323534,0.846725397228332,-0.346141798518455,1,24968,1,24968,12484.5,12484.5,0.452276160797204,0.568981500093832,24968,0.852852139093132,0.465163272336873,0,1
0.3,9422,1,25125,0.338144056422216,0.403906629276325,0.837566791931483,-0.337327261602954,1,25125,1,25125,12563,12563,0.452424698476794,0.571354259191011,25125,0.930889870027694,0.395261818426177,0,1
0.305,9579,1,25282,0.336079119786047,0.390983056600204,0.83598102185472,-0.334580686676616,1,25282,1,25282,12641.5,12641.5,0.452267109424769,0.574385237807171,25282,0.921613167560746,0.364217029008352,0,1
0.31,9736,1,25439,0.327374140435727,0.372891362279295,0.83728750206366,-0.318261408090273,1,25439,4037,25439,12720,14738,0.452693981224167,0.578927056352269,25439,0.882506154783998,0.320757464499381,2018,0.000495294700346706
0.315,9893,1,25596,0.32501923170597,0.390587927255041,0.836168484331239,-0.337006160842869,1,25596,1,25596,12798.5,12798.5,0.452798294421006,0.57878355398261,25596,0.871926756249381,0.363267855925894,0,1
0.32,10050,1,25753,0.321976170310568,0.409013618874444,0.835445657340243,-0.346204312358446,1,25753,1,25753,12877,12877,0.453243443768795,0.579575753274997,25753,0.858255840319401,0.407529743140645,0,1
0.325,10207,1,25910,0.320068524893969,0.429446260243486,0.83436351026192,-0.356621440238963,1,25910,1,25910,12955.5,12955.5,0.45329353911721,0.579462977697538,25910,0.849685766723801,0.456612691366246,0,1
0.33,10364,1,26067,0.322945707816997,0.433214772660904,0.831398082410178,-0.360516258472196,1,26067,1,26067,13034,13034,0.453132999639301,0.580757926414092,26067,0.862611475654719,0.465665348657629,0,1
0.335,10521,1,26224,0.321341859077043,0.452569829121371,0.830222314206422,-0.370834916972598,1,26224,1,26224,13112.5,13112.5,0.453404591453939,0.58072907219655,26224,0.855406204896315,0.512159740498324,0,1
0.34,10678,1,26381,0.313775824620729,0.400262302474096,0.83155098246777,-0.348408994146433,1,26381,3876,26381,13191,15128.5,0.453066818873335,0.588331429014698,26381,0.821415888062137,0.386507477735697,1937.5,0.000515862780500387
0.345,10835,1,26538,0.309489486160327,0.394783807742485,0.831789480660341,-0.340046942364633,1,26538,3857,26538,13269.5,15197.5,0.45300950771334,0.591661729557975,26538,0.802159565193289,0.373347129623617,1928,0.000518403317781234
0.35,10992,1,26695,0.308317427896139,0.412531483594584,0.830860730415995,-0.359453321246562,1,26695,1,26695,13348,13348,0.453084936682181,0.591830387541437,26695,0.796894107842031,0.415980298739635,0,1
0.355,11149,1,26852,0.306045175328615,0.406310739429908,0.83043761790847,-0.354385435372708,1,26852,3720,26852,13426.5,15286,0.453165451874649,0.594944661771886,26852,0.786686041100681,0.401036931494805,1859.5,0.000537489922063961
0.36,11306,1,27009,0.306184093096151,0.429312135789698,0.829075802106318,-0.369108141716909,1,27009,1,27009,13505,13505,0.453065212118428,0.594966898231648,27009,0.787310127464508,0.45629049985404,0,1
0.365,11463,1,27166,0.303585090471998,0.447050951174645,0.828917153549568,-0.378107795656461,1,27166,1,27166,13583.5,13583.5,0.453264181156654,0.594768781340922,27166,0.775634140108397,0.498902384504548,0,1
0.37,11620,1,27323,0.301096117121984,0.433445534183953,0.828793925242891,-0.374443936445403,1,27323,1,27323,13662,13662,0.452877730827101,0.5978272650832,27323,0.76445245791447,0.466219680115989,0,1
0.375,11777,1,27480,0.301952219657853,0.455832813780306,0.82736728596062,-0.385265473022949,1,27480,1,27480,13740.5,13740.5,0.452850320446081,0.597606503146216,27480,0.768298488038275,0.519998027491318,0,1
0.38,11934,1,27637,0.302327720101661,0.469512076314405,0.826132695101874,-0.39290313276679,1,27637,1,27637,13819,13819,0.452876629442203,0.597313220469586,27637,0.76998541916846,0.552858122405079,0,1
0.385,12091,1,27794,0.297195062206955,0.461583145564156,0.827169865527613,-0.392098912069887,1,27794,1,27794,13897.5,13897.5,0.452883256581755,0.599690905866329,27794,0.746927016639387,0.533811378008709,0,1
0.39,12248,1,27951,0.296202331426764,0.433525674084724,0.826694995900811,-0.382168007383775,1,27951,1,27951,13976,13976,0.452631584987906,0.603736002572948,27951,0.742467185806665,0.46641219084083,0,1
0.395,12405,1,28108,0.299418317147449,0.454444195571429,0.824514985861805,-0.391995025952586,1,28108,1,28108,14054.5,14054.5,0.452278728217357,0.603874934253834,28108,0.756914962143324,0.516662312131741,0,1
0.4,12562,1,28265,0.305308889130721,0.469968888806551,0.821166066858397,-0.400009410253735,1,28265,1,28265,14133,14133,0.452025669293555,0.603714098244059,28265,0.783378284403093,0.553955469708143,0,1
0.405,12719,1,28422,0.318901262888716,0.442568971523665,0.814659644008281,-0.390908508265248,1,28422,1,28422,14211.5,14211.5,0.452268030478243,0.606018244947057,28422,0.844441856506877,0.488135848197082,0,1
0.41,12876,1,28579,0.326409008413614,0.443478973683877,0.810201806596552,-0.392303224437195,1,28579,1,28579,14290,14290,0.452331016636008,0.606916880082276,28579,0.878170311032845,0.490321840115999,0,1
0.415,13033,1,28736,0.326621379757583,0.46153531950327,0.808656062873848,-0.400887228177776,1,28736,1,28736,14368.5,14368.5,0.452334320522164,0.607051043992902,28736,0.879124386686305,0.533696491047795,0,1
0.42,13191,1,28894,0.326513277681755,0.479604539372796,0.807267565466652,-0.409777937179853,1,28894,1,28894,14447.5,14447.5,0.452414842328384,0.607146339621804,28894,0.878638739438852,0.57710206780679,0,1
0.425,13348,1,29051,0.324219618730886,0.503490656170532,0.806764050727948,-0.421359033726816,1,29051,1,29051,14526,14526,0.452426679196331,0.607462093455185,29051,0.868334504783336,0.634480896755956,0,1
0.43,13505,1,29208,0.32620717052487,0.518685215744914,0.804586531640007,-0.429768795250837,1,29208,1,29208,14604.5,14604.5,0.452439013027797,0.607064324709688,29208,0.877263556797563,0.670981012792356,0,1
0.435,13662,1,29365,0.327618120430842,0.531577237528838,0.802611643248271,-0.437488024249043,1,29365,1,29365,14683,14683,0.452521210130093,0.606827449316701,29365,0.883602231914371,0.701950011186386,0,1
0.44,13819,1,29522,0.322302522564525,0.540182785083528,0.803430756391724,-0.443615035869435,1,29522,1,29522,14761.5,14761.5,0.452693788222097,0.606552407117115,29522,0.859721973810545,0.722622113116377,0,1
0.445,13976,1,29679,0.324978827987827,0.550587271419309,0.801071950690521,-0.450612280001942,1,29679,1,29679,14840,14840,0.452441113253073,0.606437327749749,29679,0.871745243042044,0.747615595599108,0,1
0.45,14133,1,29836,0.323345830105048,0.556627420480579,0.800447108589195,-0.455949162021511,1,29836,1,29836,14918.5,14918.5,0.452446204161125,0.606004367453312,29836,0.864409020117647,0.762125140317022,0,1
0.455,14290,1,29993,0.32167383112139,0.570196070524989,0.799911326389396,-0.464403461404314,1,29993,1,29993,14997,14997,0.452423866654333,0.605705883832742,29993,0.856897585226738,0.794719523764192,0,1
0.46,14447,1,30150,0.323554259382467,0.576929571079273,0.797987283964319,-0.470209604907584,1,30150,1,30150,15075.5,15075.5,0.452367460140371,0.605629099108553,30150,0.865345386085566,0.810894625803801,0,1
0.465,14604,1,30307,0.323152159260496,0.583384308051015,0.796971898056569,-0.475966255799131,1,30307,1,30307,15154,15154,0.452479563420973,0.60548143507237,30307,0.86353895622805,0.826400086643234,0,1
0.47,14761,1,30464,0.322083669792855,0.590534481591878,0.796237109581719,-0.482068615865504,1,30464,1,30464,15232.5,15232.5,0.452506579346814,0.605463010261925,30464,0.858738780422773,0.843576113539197,0,1
0.475,14918,1,30621,0.319340879825861,0.595906472661402,0.796258616764895,-0.487507184405528,1,30621,1,30621,15311,15311,0.452671943800898,0.605152289337801,30621,0.846416830195607,0.856480620341402,0,1
0.48,15075,1,30778,0.315514092924118,0.599961627510035,0.796812156214712,-0.492361892397379,1,30778,1,30778,15389.5,15389.5,0.45307362864422,0.604931840497846,30778,0.829225037057712,0.86622184527103,0,1
0.485,15232,1,30935,0.31613457018638,0.60527789325834,0.795614217049736,-0.497721538273315,1,30935,1,30935,15468,15468,0.452890232056277,0.604738253945358,30935,0.832012523534868,0.878992489641706,0,1
0.49,15389,1,31092,0.314477402270515,0.607487747093033,0.795343222585764,-0.501838876777604,1,31092,1,31092,15546.5,15546.5,0.453141448287669,0.604484631620069,31092,0.824567717033799,0.884300963440825,0,1
0.495,15546,1,31249,0.312183334758475,0.608676829295168,0.795406307628317,-0.505478816520974,1,31249,1,31249,15625,15625,0.453246868597492,0.604305285300736,31249,0.814261646922243,0.887157356753334,0,1
0.5,15703,1,31406,0.309734151396952,0.614285471003381,0.795587589964235,-0.510849321768938,1,31406,1,31406,15703.5,15703.5,0.453449487425941,0.604515855558881,31406,0.803258720762727,0.900630341748668,0,1
0.505,15860,157,31406,0.268238102518077,0.603914274836179,0.77795175040558,-0.514994601285873,157,31406,157,31406,15781.5,15781.5,0.451974685983793,0.605743175587621,31250,0.616838231019576,0.875716828350268,0,1
0.51,16017,314,31406,0.241992586756007,0.599101301921577,0.767068238298995,-0.516806867695341,314,31406,314,31406,15860,15860,0.452023128698494,0.607111003136238,31093,0.498930573926529,0.86415518557918,0,1
0.515,16174,471,31406,0.231304597585105,0.59223828202766,0.770842146100645,-0.519323984457458,6610,31406,471,31406,19008,15938.5,0.452055781579721,0.608310619149084,30936,0.450914913895259,0.847668954355312,3069.5,0.000325679856700863
0.52,16331,628,31406,0.22839291184838,0.588021225834292,0.77724055134502,-0.520692248092612,6845,30639,628,31406,18742,16017,0.452507976111735,0.60956034017549,30779,0.43783420149773,0.837538812732157,2725,0.000366837857666911
0.525,16488,785,31406,0.227858186127927,0.584913730502191,0.780856307579421,-0.521557307006763,7001,29943,785,31406,18472,16095.5,0.452994948236344,0.61076314098649,30622,0.435431952768552,0.830074039590889,2376.5,0.000420609884332282
0.53,16645,942,31406,0.228282237689132,0.584431360829718,0.782791205368277,-0.521355428715205,7109,29532,942,31406,18320.5,16174,0.453566918691389,0.612000445235083,30465,0.437336999197117,0.828915299258106,2146.5,0.000465657741559953
0.535,16802,1099,31406,0.229092285133226,0.5839188874267,0.784072918767447,-0.521180967400078,7202,29231,1099,31406,18216.5,16252.5,0.454075140836376,0.613284450143952,30308,0.440976127386984,0.827684244248966,1964,0.000508905852417303
0.54,16959,1256,31406,0.230290372979503,0.584087902809478,0.78506840781115,-0.520751125568349,7297,28966,1256,31406,18131.5,16331,0.454365727544514,0.614487181615597,30151,0.446358522315961,0.828090250165303,1800.5,0.000555092978073827
0.545,17116,1413,31406,0.231450070098689,0.577833302135797,0.785645368394777,-0.522884031926932,7376,28778,1413,31406,18077,16409.5,0.454810380028603,0.615283666669447,29994,0.451568447375172,0.813065553382672,1667.5,0.000599340725202278
0.55,17273,1570,31406,0.232589948849504,0.580167750983463,0.7859987488729,-0.521554170421826,7448,28627,1570,31406,18037.5,16488,0.454867899667319,0.616489990601117,29837,0.45668933865798,0.818673327231181,1549.5,0.000644953240890035
0.555,17430,1727,31406,0.233315105401491,0.58262395021234,0.786116300108272,-0.520251073569526,7500,28531,1727,31406,18015.5,16566.5,0.455433195133723,0.617768492919519,29680,0.459947095558078,0.824573567802398,1449,0.000689655172413793
0.56,17587,1884,31406,0.233448673893736,0.588166252384098,0.786071097871039,-0.517854481952293,7527,28485,1884,31406,18006,16645,0.45575827779456,0.618813488225538,29523,0.460547150368384,0.837887193076474,1361,0.000734214390602056
0.565,17744,2041,31406,0.23370241093777,0.59082823646223,0.786019474950403,-0.516710181796932,7561,28430,2041,31406,17995.5,16723.5,0.456059192781517,0.619894764174537,29366,0.461687060921143,0.844281766559386,1272,0.000785545954438335
0.57,17901,2198,31406,0.233794308640507,0.597522102647367,0.785928310705112,-0.514107165769836,7589,28387,2198,31406,17988,16802,0.456212072107069,0.621037858829105,29209,0.462099910221579,0.860361659582517,1186,0.0008424599831508
0.575,18058,2355,31406,0.233866200428518,0.601447703570554,0.785813289910381,-0.512779921003822,7618,28344,2355,31406,17981,16880.5,0.456157220074482,0.622041007149881,29052,0.462422883195915,0.869791672246424,1100.5,0.000907852927825692
0.58,18215,2512,31406,0.233005152368914,0.608305875369198,0.785758283441912,-0.510460041031014,7586,28365,2512,31406,17975.5,16959,0.456378336317495,0.623051863376196,28895,0.458554635367492,0.886266257457182,1016.5,0.000982800982800983
0.585,18373,2670,31406,0.232043478770382,0.61586247020782,0.785798459394195,-0.508063542358312,7531,28400,2670,31406,17965.5,17038,0.456417182259542,0.624009811209038,28737,0.454234328541781,0.904418582774644,927.5,0.00107700592353258
0.59,18530,2827,31406,0.231729870271428,0.61535939544361,0.785721500991116,-0.509046418349264,7534,28382,2827,31406,17958,17116.5,0.456398222056329,0.624636846745357,28580,0.452825446213412,0.903210105017935,841.5,0.00118694362017804
0.595,18687,2984,31406,0.230848114567765,0.621607492934211,0.785940210814811,-0.507418305109821,7453,28425,2984,31406,17939,17195,0.456086037747573,0.625484076334522,28423,0.448864169548483,0.918219179963298,744,0.00134228187919463
0.6,18844,3141,31406,0.229874789503694,0.631394669256667,0.78650777586547,-0.50462353251193,7295,28515,3141,31406,17905,17273.5,0.455875856861291,0.626416674038562,28266,0.444491518656995,0.941729770690826,631.5,0.00158102766798419
0.605,19001,3298,31406,0.229262690055757,0.641378243619104,0.787410862216149,-0.502026897383335,7079,28632,3298,31406,17855.5,17352,0.455732313912784,0.627418512708202,28109,0.441741669407757,0.96571214549433,503.5,0.00198216055500496
0.61,19158,3455,31406,0.229137743963365,0.647993125013294,0.788559792483717,-0.501039032906107,6825,28762,3455,31406,17793.5,17430.5,0.455488125619505,0.62831117952302,27952,0.441180350622848,0.981602302578056,363,0.00274725274725275
0.615,19315,3612,31406,0.229271176998732,0.651069226647646,0.789512130546979,-0.501639121935642,6625,28857,3612,31406,17741,17509,0.45524918660676,0.629228209901453,27795,0.441779796894795,0.988991662305396,232,0.00429184549356223
0.62,19472,3769,31406,0.229600207165143,0.653068153057521,0.790525425093584,-0.50285538758082,6416,28956,3769,31406,17686,17587.5,0.454946670779923,0.6302546556537,27638,0.443257960874736,0.993793449784098,98.5,0.0100502512562814
0.625,19629,3926,31406,0.230579130174246,0.655651865309637,0.792198573681421,-0.503937323090561,6082,29120,3926,31406,17601,17666,0.455044248752757,0.631370088882456,27481,0.447655760465501,1,65,0.0151515151515152
0.63,19786,4083,31406,0.231338758469653,0.65561811512445,0.793395418029499,-0.506168541505878,5839,29236,4083,31406,17537.5,17744.5,0.455024843486395,0.632355393605121,27324,0.451068381249372,0.999918925871489,207,0.00480769230769231
0.635,19943,4240,31406,0.232540220395365,0.643789339062746,0.794950317482334,-0.513129327759313,5510,29408,4240,31406,17459,17823,0.454983610560087,0.632632413635392,27167,0.456465934188755,0.971504038509521,364,0.00273972602739726
0.64,20100,4397,31406,0.23429883366846,0.644657969074862,0.79688674783894,-0.514922249469497,5052,29676,4397,31406,17364,17901.5,0.455008543778113,0.633637006483787,27010,0.464366482710761,0.97359064694853,537.5,0.00185701021355617
0.645,20257,4554,31406,0.239333559678795,0.643628672286588,0.80017543750387,-0.517558086680279,4554,31406,4554,31406,17980,17980,0.454844118307245,0.634691263668879,26853,0.486984927452546,0.971118087475913,0,1
0.65,20414,4711,31406,0.25180019956938,0.651102515356533,0.804720091655925,-0.516950001962537,4711,31406,4711,31406,18058.5,18058.5,0.454358446978575,0.635752156407629,26696,0.542991153988429,0.98907162788328,0,1
0.655,20571,4868,31406,0.256501372981379,0.651152826869385,0.805878319002764,-0.519488627213268,4868,31406,4868,31406,18137,18137,0.454214955379845,0.636840166628548,26539,0.564111117780415,0.989192485355198,0,1
0.66,20728,5025,31406,0.260665216601342,0.652701826710548,0.806691877252379,-0.52154545344822,5025,31406,5025,31406,18215.5,18215.5,0.453959818896009,0.637935197353877,26382,0.582817134083634,0.992913466780561,0,1
0.665,20885,5182,31406,0.265397969012307,0.651884364822963,0.807575693849987,-0.52466681375077,5182,31406,5182,31406,18294,18294,0.454012236647601,0.638993150254815,26225,0.604078966140477,0.990949773551669,0,1
0.67,21042,5339,31406,0.266047204270595,0.649042616274728,0.806728692962515,-0.528636848689302,5339,31406,5339,31406,18372.5,18372.5,0.454399773895228,0.640219863803817,26068,0.606995647561444,0.984123372875223,0,1
0.675,21199,5496,31406,0.269527480336678,0.648381246197927,0.806863570678432,-0.531776971587796,5496,31406,5496,31406,18451,18451,0.454625692339349,0.641490755888076,25911,0.622630745027574,0.982534640774892,0,1
0.68,21356,5653,31406,0.27209275923384,0.64870523921604,0.806520894824187,-0.534548426179073,5653,31406,5653,31406,18529.5,18529.5,0.454673262498351,0.642608524729425,25754,0.634155228954529,0.983312931366219,0,1
0.685,21513,5810,31406,0.273842814261006,0.647693908415686,0.805713001220066,-0.537948664956334,5810,31406,5810,31406,18608,18608,0.45504171018264,0.643717792202067,25597,0.642017329661856,0.980883529488304,0,1
0.69,21670,5967,31406,0.275386434724997,0.64132859676374,0.804752505204775,-0.543445490352665,5967,31406,5967,31406,18686.5,18686.5,0.455260187733998,0.644831473594179,25440,0.648952025630492,0.965592884651476,0,1
0.695,21827,6124,31406,0.277234576030828,0.635742868318673,0.803757355886654,-0.548625462887758,6124,31406,6124,31406,18765,18765,0.455632491771266,0.645897300236834,25283,0.657254777739572,0.952174941512374,0,1
0.7,21984,6281,31406,0.268903399789387,0.634571892181867,0.798746824950362,-0.55209571152602,6281,31406,6281,31406,18843.5,18843.5,0.455506280559066,0.646911899166665,25126,0.619827070836695,0.949362042286171,0,1
0.705,22141,6438,31406,0.267927125664756,0.631865644420302,0.796695216545411,-0.556126335610226,6438,31406,6438,31406,18922,18922,0.455909688683018,0.647990579069109,24969,0.615441171326876,0.942861139325685,0,1
0.71,22298,6595,31406,0.26746602309135,0.624216413189095,0.794797312955199,-0.562195507697865,6595,31406,6595,31406,19000.5,19000.5,0.456236741099188,0.649171184264688,24812,0.613369673681233,0.924486284420445,0,1
0.715,22455,6752,31406,0.265597336073748,0.621109466447556,0.792343235649466,-0.566334008041843,6752,31406,6752,31406,19079,19079,0.456411353388696,0.650422694825295,24655,0.60497462021446,0.917022829094218,0,1
0.72,22612,6909,31406,0.259532654811951,0.614049894629597,0.788248914135017,-0.572016619330646,6909,31406,6909,31406,19157.5,19157.5,0.456718294973205,0.651704534062154,24498,0.577729114160123,0.900064444136667,0,1
0.725,22769,7066,31406,0.259446263329108,0.613175485375712,0.786556873184062,-0.575200729136547,7066,31406,7066,31406,19236,19236,0.456800860095991,0.652874695364413,24341,0.57734100148491,0.897963952900059,0,1
0.73,22926,7223,31406,0.254654316017614,0.608851240899711,0.782997798668965,-0.579828669479142,7223,31406,7223,31406,19314.5,19314.5,0.456977538715667,0.654125112467231,24184,0.555813237064745,0.887576325383041,0,1
0.735,23083,7380,31406,0.255435330517797,0.604020497416662,0.78167296380136,-0.584598003566157,7380,31406,7380,31406,19393,19393,0.45726134738883,0.655300330253436,24027,0.55932193511081,0.875971994450631,0,1
0.74,23240,7537,31406,0.253158091472244,0.597195025884029,0.779104898455682,-0.59007811647261,7537,31406,7537,31406,19471.5,19471.5,0.457697278099185,0.65656303535989,23870,0.549091466678176,0.859575961270157,0,1
0.745,23397,7694,31406,0.249486089003536,0.593855123419866,0.775998376196161,-0.594110600816354,7694,31406,7694,31406,19550,19550,0.458045506388958,0.657779137342901,23713,0.532595040703919,0.85155290361617,0,1
0.75,23554,7851,31406,0.243188958959464,0.590795421056379,0.771909866539551,-0.598057647478291,7851,31406,7851,31406,19628.5,19628.5,0.458155773658922,0.659087745738231,23556,0.504305261351218,0.844202937942112,0,1
0.755,23712,8009,31406,0.24077964453204,0.588041355411916,0.769398370388507,-0.601921963552236,8009,31406,8009,31406,19707.5,19707.5,0.45841298991039,0.660339989615085,23398,0.493481445888291,0.837587167665741,0,1
0.76,23869,8166,31406,0.239863827060205,0.584061630333394,0.767481708941953,-0.606213302131145,8166,31406,8166,31406,19786,19786,0.458663130836288,0.661604351077802,23241,0.489367147148349,0.82802713886412,0,1
0.765,24026,8323,31406,0.229261883046145,0.583508123436656,0.761727616185653,-0.609171831220532,8323,31406,8323,31406,19864.5,19864.5,0.458567405973696,0.662836019602412,23084,0.441738043926991,0.826697513884931,0,1
0.77,24183,8480,31406,0.225518176654331,0.580049005016551,0.758927337026782,-0.613345433604903,8480,31406,8480,31406,19943,19943,0.458677588824031,0.664147498542846,22927,0.424919488959174,0.818388077662088,0,1
0.775,24340,8637,31406,0.224924319276874,0.577688918026707,0.757353469257302,-0.617036216632346,8637,31406,8637,31406,20021.5,20021.5,0.459034290066094,0.665427577044287,22770,0.422251591987437,0.812718716298662,0,1
0.78,24497,8794,31406,0.227559956439303,0.574028524620239,0.757021826914862,-0.621259217039326,8794,31406,8794,31406,20100,20100,0.459295859759442,0.666770374561569,22613,0.434092159556638,0.803925780681085,0,1
0.785,24654,8951,31406,0.222344405130131,0.569833055497655,0.753518234711398,-0.62561082661962,8951,31406,8951,31406,20178.5,20178.5,0.459544559679852,0.667951551774766,22456,0.410661359381556,0.793847495157125,0,1
0.79,24811,9108,31406,0.218600867390266,0.576078756977829,0.750668198521903,-0.625925116695813,9108,31406,9108,31406,20257,20257,0.459324328401094,0.669373302631742,22299,0.39384356208055,0.808850814446446,0,1
0.795,24968,9265,31406,0.218198412584219,0.573703243762325,0.749127232019585,-0.629820000893112,9265,31406,9265,31406,20335.5,20335.5,0.459534014608349,0.670516863944537,22142,0.392035538809184,0.803144396462599,0,1
0.8,25125,9422,31406,0.218910801503121,0.56247948909229,0.747981932245352,-0.637141603207548,9422,31406,9422,31406,20414,20414,0.459854423967003,0.671858848977578,21985,0.395235937274513,0.7761828813351,0,1
0.805,25282,9579,31406,0.215580434851573,0.555693419638904,0.745254084885821,-0.642514691349365,9579,31406,9579,31406,20492.5,20492.5,0.459933402278932,0.673049151062205,21828,0.380274306011306,0.759881499168205,0,1
0.81,25439,9736,31406,0.211808046069689,0.549587482781734,0.742375143451528,-0.647412749676248,9736,31406,9736,31406,20571,20571,0.459997431862138,0.674390982571163,21671,0.363326895758508,0.745213920110937,0,1
0.815,25596,9893,31406,0.215463632582332,0.545388125231131,0.742411409690739,-0.651530603152585,9893,31406,9893,31406,20649.5,20649.5,0.460286662359522,0.675764707734978,21514,0.379749573251843,0.735126293870438,0,1
0.82,25753,10050,31406,0.210990945236249,0.53205799205297,0.739167329261197,-0.659045718466235,10050,31406,10050,31406,20728,20728,0.46030767890284,0.677106261138858,21357,0.359656080303668,0.703104871636925,0,1
0.825,25910,10207,31406,0.207307251075395,0.528665755540476,0.736263597961474,-0.662371339916217,10207,31406,10207,31406,20806.5,20806.5,0.460263812415567,0.67844609196604,21200,0.343107129546094,0.694956098010234,0,1
0.83,26067,10364,31406,0.207321138776555,0.522056252832378,0.734926528690058,-0.666965772528829,10364,31406,10364,31406,20885,20885,0.460292590848862,0.679900153128829,21043,0.343169519872923,0.679078861515981,0,1
0.835,26224,10521,31406,0.203558896086371,0.515363633971748,0.732034268022034,-0.671426630725368,10521,31406,10521,31406,20963.5,20963.5,0.46012178936,0.681112954766371,20886,0.326267690812426,0.663001964794849,0,1
0.84,26381,10678,31406,0.195574587023393,0.516058688801305,0.727529230802872,-0.672886864223029,10678,31406,10678,31406,21042,21042,0.45964981749536,0.682508063399045,20729,0.290398280446978,0.664671613843005,0,1
0.845,26538,10835,31406,0.192928947072902,0.509980257813479,0.725362096596207,-0.677115559394729,10835,31406,10835,31406,21120.5,21120.5,0.459097929810636,0.683848798676947,20572,0.278512775475311,0.650070108923509,0,1
0.85,26695,10992,31406,0.193160706283113,0.516432449715485,0.724344815353201,-0.676334520272629,10992,31406,10992,31406,21199,21199,0.458841967164578,0.685288885173552,20415,0.27955395087965,0.665569456039131,0,1
0.855,26852,11149,31406,0.190792986369809,0.51484688700084,0.722243582451275,-0.678897279713348,11149,31406,11149,31406,21277.5,21277.5,0.459089257690124,0.686555523720453,20258,0.268916998260352,0.661760643892637,0,1
0.86,27009,11306,31406,0.192263975740238,0.510617622103926,0.721559209780039,-0.682500823162467,11306,31406,11306,31406,21356,21356,0.458884802464012,0.68791720012034,20101,0.275525399933549,0.651601174726693,0,1
0.865,27166,11463,31406,0.179472527102746,0.511664683409207,0.715412779212912,-0.684009491669916,11463,31406,11463,31406,21434.5,21434.5,0.457896304881797,0.689137382991268,19944,0.21805997409298,0.654116407823965,0,1
0.87,27323,11620,31406,0.179494512414098,0.503854163999032,0.714427035965411,-0.689050976732157,11620,31406,11620,31406,21513,21513,0.45771241463365,0.690536420923467,19787,0.218158742834105,0.635354109161713,0,1
0.875,27480,11777,31406,0.176046428914437,0.499205468284326,0.7120938123709,-0.692661201753513,11777,31406,11777,31406,21591.5,21591.5,0.457374746647654,0.691791544359803,19630,0.202668270077088,0.624187090323551,0,1
0.88,27637,11934,31406,0.171058734102995,0.493151664278411,0.709252889681446,-0.696607608318664,11934,31406,11934,31406,21670,21670,0.457110686249311,0.692821787974339,19473,0.180261112418478,0.60964474392675,0,1
0.885,27794,12091,31406,0.177132893689729,0.494281664057588,0.71078876647479,-0.697751824020603,12091,31406,12091,31406,21748.5,21748.5,0.457022913625483,0.694368008021711,19316,0.207549199731133,0.612359210434262,0,1
0.89,27951,12248,31406,0.173631989359459,0.487617178116375,0.708431106193313,-0.701947685641627,12248,31406,12248,31406,21827,21827,0.456670251480542,0.695570361051604,19159,0.191821430041591,0.596349894140069,0,1
0.895,28108,12405,31406,0.173664129476838,0.480911144798359,0.707513530716424,-0.706021701310103,12405,31406,12405,31406,21905.5,21905.5,0.456574087370377,0.696989722591318,19002,0.191965819124028,0.58024077343451,0,1
0.9,28265,12562,31406,0.16537438575069,0.4805784438517,0.703272825444187,-0.707348377524301,12562,31406,12562,31406,21984,21984,0.456343507615473,0.698076160617097,18845,0.154724247287039,0.579441564803351,0,1
0.905,28422,12719,31406,0.161262284095861,0.465484377450357,0.70090606515761,-0.714595205251865,12719,31406,12719,31406,22062.5,22062.5,0.455532756454543,0.699015413848103,18688,0.136250681126453,0.543182851780894,0,1
0.91,28579,12876,31406,0.160032036195396,0.462037976180243,0.699752081436727,-0.717008553332562,12876,31406,12876,31406,22141,22141,0.455398204566335,0.700347672425555,18531,0.130723807549171,0.53490396448236,0,1
0.915,28736,13033,31406,0.16066049465334,0.451438547247076,0.699355743806211,-0.72199373524638,13033,31406,13033,31406,22219.5,22219.5,0.455289724357101,0.701273863912583,18374,0.133547149449873,0.509442194163435,0,1
0.92,28894,13191,31406,0.152977765549836,0.457436434625161,0.695676414787526,-0.720240946981107,13191,31406,13191,31406,22298.5,22298.5,0.454736978771378,0.702592293987876,18216,0.0990325833469717,0.523850218575175,0,1
0.925,29051,13348,31406,0.148416314562595,0.453294578040459,0.69346932192829,-0.722676390841735,13348,31406,13348,31406,22377,22377,0.454397765219084,0.703403658335308,18059,0.0785403208314952,0.513900720190068,0,1
0.93,29208,13505,31406,0.142442296568359,0.444567377161695,0.691255710701738,-0.726663533826619,14942,30832,13505,31406,22887,22455.5,0.454196061303245,0.704578972533557,17902,0.0517021183927371,0.492936384686395,431.5,0.0023121387283237
0.935,29365,13662,31406,0.13962092376078,0.45076659176744,0.689792465442094,-0.724731735049074,15596,30250,13662,31406,22923,22534,0.453877005064936,0.705977642668566,17745,0.0390271357197588,0.50782803398604,389,0.00256410256410256
0.94,29522,13819,31406,0.138291911819184,0.44678332763314,0.688174288655152,-0.72698712777472,16062,29877,13819,31406,22969.5,22612.5,0.452500934650158,0.706769812731646,17588,0.033056565901172,0.498259503724016,357,0.00279329608938547
0.945,29679,13976,31406,0.139224591852174,0.432471111828918,0.689518588066334,-0.733211309556975,15707,30162,13976,31406,22934.5,22691,0.452507033800092,0.707968614577428,17431,0.0372466194899167,0.463878939086074,243.5,0.00408997955010225
0.95,29836,14133,31406,0.140068353538543,0.432640022687542,0.690154466510006,-0.733372269047612,15494,30351,14133,31406,22922.5,22769.5,0.452260065663545,0.709088597031765,17274,0.0410372084989682,0.464284693916243,153,0.00649350649350649
0.955,29993,14290,31406,0.140215618527177,0.435279704043969,0.690155679129591,-0.732564718685984,15445,30413,14290,31406,22929,22848,0.452335280036488,0.710352904398524,17117,0.0416987946510199,0.470625692175327,81,0.0121951219512195
0.96,30150,14447,31406,0.13866957938634,0.425921724503354,0.688768012886715,-0.73656190277733,15747,30215,14447,31406,22981,22926.5,0.452260922655543,0.711190188434932,16960,0.0347532328063673,0.448146110754976,54.5,0.018018018018018
0.965,30307,14604,31406,0.136570489714637,0.426433010421757,0.686367485013044,-0.736590296453514,16174,29959,14604,31406,23066.5,23005,0.45217873315222,0.712293908806729,16803,0.0253230982469131,0.449374313208499,61.5,0.016
0.97,30464,14761,31406,0.136076353046459,0.428136228410752,0.685767703566363,-0.736423973473519,16257,29926,14761,31406,23091.5,23083.5,0.451490163991022,0.713408927565684,16646,0.0231031953363774,0.453465754880718,8,0.111111111111111
0.975,30621,14918,31406,0.135296581056558,0.425760331286439,0.684744999045639,-0.737763242669819,16393,29869,14918,31406,23131,23162,0.451308173646446,0.714184787081777,16489,0.0196000792524911,0.44775841467757,31,0.03125
0.98,30778,15075,31406,0.134147251384495,0.414621490678335,0.682928450588333,-0.742494098674479,16637,29753,15075,31406,23195,23240.5,0.450933119404054,0.714842797372971,16332,0.0144367298220999,0.421000878684737,45.5,0.021505376344086
0.985,30935,15232,31406,0.134974297467405,0.415844974727533,0.68452382493571,-0.742084409650549,16430,29863,15232,31406,23146.5,23319,0.450029784537669,0.716095035521098,16175,0.0181522241879899,0.423939911536976,172.5,0.00576368876080692
0.99,31092,15389,31406,0.132740886696966,0.422071011619882,0.68103327635009,-0.739982043470437,16836,29695,15389,31406,23265.5,23397.5,0.449386367100825,0.717086739558997,16018,0.00811865374280777,0.438895992883408,132,0.0075187969924812
0.995,31249,15546,31406,0.134017553419224,0.399173602907089,0.683444707014142,-0.749198914065603,16562,29821,15546,31406,23191.5,23476,0.448975541472454,0.717779064222869,15861,0.0138540633066664,0.383892221904818,284.5,0.00350262697022767
1,31406,15703,31406,0.13093372454968,0.397087280071343,0.678213571372384,-0.749770668302647,17121,29606,15703,31406,23363.5,23554.5,0.4475857981,0.718749925751092,15704,0,0.378880492198451,191,0.00520833333333333
