"dataset_name","feature_id","gene_symbol","log2FoldChange","lfc_shrunk","Apeglm_L2FC","regulation_direction","stat","pvalue","padj","empirical_p","empirical_q","empirical_bh","lfdr","HBFSS","pi_valueE","hc_p_threshold_dataset","hbfss_threshold_dataset","resLA_padj","resGA_padj","weak_cnh_flag","strong_cnh_flag","standard_flag","hbfss_flag","final_class","weak_hbfss_overlap","strong_hbfss_overlap","standard_hbfss_overlap","any_overlap","baseMean.x","lfcSE","pval","padjc","qval","gene_empirical_pvalue","HBFSS_core_pass","raw_lfc_pass","shrunk_lfc_pass","padj_strong_effect","padj_weak_effect","effect_class","hc_pass","standard_significant","HBFSS_significant","display_weak_flag","display_standard_flag","display_strong_flag","display_hbfss_flag","R4_1","R4_2","R4_3","R4_4","R4_5","ZT10_1","ZT10_2","ZT10_3","ZT10_4","ZT10_5","dispGeneEst","dispFit","dispersion","dispIter","baseMean.y","dispOutlier","neglog10_padj","neglog10_empirical_p","neglog10_padjc"
"RT4_ZT10_NormEVS_remainder_dataset","3723","Syne1",0.377680048933874,0.334881981551598,0.334881981551598,"upregulated",2.48686176153798,0.0128875465987908,0.172340463943098,0.0246020509748262,0.356219306143557,0.380093951067047,0.619882719403605,0.538834714737457,0.538834714737457,0.0339201556248525,1.46954216387819,0.000458255115773565,1,TRUE,FALSE,FALSE,FALSE,"Weak CNH",FALSE,FALSE,FALSE,FALSE,156.565644249204,0.15187014203005,0.0246020509748262,0.380093951067047,0.356219306143557,0.0246020509748262,FALSE,FALSE,FALSE,1,0.000458255115773565,"weak_effect",TRUE,FALSE,FALSE,TRUE,FALSE,FALSE,FALSE,181.990396809737,164.475361033801,151.770322309884,196.108657354326,188.75522233836,165.481711151763,116.441324125486,133.580494925924,104.324436689318,162.728515753437,0.0143929924992332,0.0257533761370804,0.0206067461637851,8,156.565644249204,FALSE,0.763612742261653,1.60902868598929,0.420109041838902
"RT4_ZT10_NormEVS_remainder_dataset","8805","Axl",0.557360688143141,0.451776532256571,0.451776532256571,"upregulated",2.42168073194641,0.0154489167831628,0.188308089686264,0.0286197561573387,0.379643352086663,0.402659971365994,0.644401459538499,0.697242114612645,0.697242114612645,0.0339201556248525,1.46954216387819,0.0754387709626059,1,TRUE,FALSE,FALSE,FALSE,"Weak CNH",FALSE,FALSE,FALSE,FALSE,72.7496342275868,0.230154487662445,0.0286197561573387,0.402659971365994,0.379643352086663,0.0286197561573387,FALSE,FALSE,FALSE,1,0.0754387709626059,"weak_effect",TRUE,FALSE,FALSE,TRUE,FALSE,FALSE,FALSE,85.5398507786771,112.55873513719,72.3391255869542,59.8952549555085,103.079093050026,82.0681656931508,51.1471236812884,68.7355944764465,40.8226056610376,51.3107932555882,0.0554038121942461,0.0411708066818528,0.0477739367560393,10,72.7496342275868,FALSE,0.725131022359129,1.54333407078496,0.395061541683667
"RT4_ZT10_NormEVS_remainder_dataset","22509","Tial1",0.592619567288158,0.506465195278314,0.506465195278314,"upregulated",2.86577615286254,0.00415988276646354,0.0879630644007231,0.00959612354013184,0.221922216984191,0.234964176448087,0.422048593061318,1.02199822929798,1.02199822929798,0.0339201556248525,1.46954216387819,0.070935763690539,1,TRUE,FALSE,FALSE,FALSE,"Weak CNH",FALSE,FALSE,FALSE,FALSE,67.5525522646109,0.206791994795618,0.00959612354013184,0.234964176448087,0.221922216984191,0.00959612354013184,FALSE,FALSE,FALSE,1,0.070935763690539,"weak_effect",TRUE,FALSE,FALSE,TRUE,FALSE,FALSE,FALSE,82.4848561080101,74.16660842373,86.523267858906,74.3860424447445,88.353508328594,71.3051275694589,33.7353368961689,46.688328323624,68.0376761017293,49.8447705911428,0.0185281807454161,0.0438078165098272,0.0341141399904146,9,67.5525522646109,FALSE,1.05569964937557,2.01790416957747,0.628998346906443
"RT4_ZT10_NormEVS_remainder_dataset","25995","Slc3a2",0.582199011128828,0.507524219273392,0.507524219273392,"upregulated",3.01945307509354,0.00253231517788362,0.0654176280240363,0.00635374924412258,0.178684573918025,0.190109439929197,0.422048593061318,1.11501544796017,1.11501544796017,0.0339201556248525,1.46954216387819,0.0520441980477258,1,TRUE,FALSE,FALSE,FALSE,"Weak CNH",FALSE,FALSE,FALSE,FALSE,87.6221499001973,0.19281604868484,0.00635374924412258,0.190109439929197,0.178684573918025,0.00635374924412258,FALSE,FALSE,FALSE,1,0.0520441980477258,"weak_effect",TRUE,FALSE,FALSE,TRUE,FALSE,FALSE,FALSE,115.216941865157,110.813638468397,96.4521674492723,88.3938036843392,112.449919690938,84.7589252240738,41.3529936146587,67.4386964674569,81.6452113220752,77.699201215605,0.0255353207931123,0.0357155085822285,0.0314172253930723,7,87.6221499001973,FALSE,1.18430520699716,2.19696992895533,0.720996317603929
"RT4_ZT10_NormEVS_remainder_dataset","26038","Gng3",-0.554840577232202,-0.519352619472614,-0.519352619472614,"downregulated",-4.18728589068631,2.82310129978994e-05,0.00287861324361754,0.000154069484418873,0.0169132900188077,0.0181957542536039,0.0548454399504614,1.97991935477687,1.97991935477687,0.0339201556248525,1.46954216387819,0.00436310665177472,1,TRUE,FALSE,FALSE,TRUE,"Weak CNH",TRUE,FALSE,FALSE,TRUE,433.575356813296,0.132506017433948,0.000154069484418873,0.0181957542536039,0.0169132900188077,0.000154069484418873,TRUE,FALSE,FALSE,1,0.00436310665177472,"weak_effect",TRUE,FALSE,TRUE,TRUE,FALSE,FALSE,FALSE,340.850119684423,335.931108742777,378.716598661113,341.982584745968,362.784859955288,430.521524947676,588.736040671851,603.057574180144,394.61852139003,558.554635153689,0.0156333141294318,0.0213307931184333,0.0186582932814018,10,433.575356813296,FALSE,2.54081668088287,3.81228337076149,1.74002993725341
"RT4_ZT10_NormEVS_remainder_dataset","28571","Lipa",0.54358029002742,0.490453550627753,0.490453550627753,"upregulated",3.34583626491773,0.000820348220834547,0.0307398682255829,0.0024951824266517,0.101184975077057,0.108293562386394,0.223933176545152,1.27660041738386,1.27660041738386,0.0339201556248525,1.46954216387819,0.0155349843853825,1,TRUE,FALSE,FALSE,FALSE,"Weak CNH",FALSE,FALSE,FALSE,FALSE,96.3339369614266,0.162464701493929,0.0024951824266517,0.108293562386394,0.101184975077057,0.0024951824266517,FALSE,FALSE,FALSE,1,0.0155349843853825,"weak_effect",TRUE,FALSE,FALSE,TRUE,FALSE,FALSE,FALSE,104.74267442287,112.55873513719,133.330937356347,107.231827420346,115.127298731198,92.8312038168427,72.9118571626877,60.9542064225092,78.6213146064428,85.0293145378319,0.00258298825062924,0.0334856499924637,0.0197929644906359,7,96.3339369614266,FALSE,1.51229799854821,2.60289769693762,0.965397359655051
"RT4_ZT10_NormEVS_remainder_dataset","35747","Armt1",-0.598765495187412,-0.522908507738377,-0.522908507738377,"downregulated",-3.09652432857857,0.00195803793897415,0.0552969728997372,0.00513246681100821,0.15712548061923,0.167881554210941,0.422048593061318,1.19728993627041,1.19728993627041,0.0339201556248525,1.46954216387819,0.0602263546722651,1,TRUE,FALSE,FALSE,FALSE,"Weak CNH",FALSE,FALSE,FALSE,FALSE,79.4418652726606,0.19336695974298,0.00513246681100821,0.167881554210941,0.15712548061923,0.00513246681100821,FALSE,FALSE,FALSE,1,0.0602263546722651,"weak_effect",TRUE,FALSE,FALSE,TRUE,FALSE,FALSE,FALSE,52.8077650215303,75.0391567581268,72.3391255869542,69.0727536986913,45.5154436844272,98.2127228786887,95.7648273181569,106.345636737144,111.884178478399,67.4370425644874,0.0239070497717044,0.0383956586015075,0.0319974662630071,7,79.4418652726606,FALSE,1.25729864245522,2.28967385030469,0.774997018838014
"RT4_ZT10_NormEVS_remainder_dataset","36950","Qk",-0.489031357050021,-0.403345530861807,-0.403345530861807,"downregulated",-2.36045070465354,0.0182527440104909,0.20543355913497,0.0328963628073764,0.401426993593999,0.424977951508682,0.691388699176155,0.598101774420883,0.598101774420883,0.0339201556248525,1.46954216387819,0.0313108172545315,1,TRUE,FALSE,FALSE,FALSE,"Weak CNH",FALSE,FALSE,FALSE,FALSE,49.2548157135378,0.207177110746653,0.0328963628073764,0.424977951508682,0.401426993593999,0.0328963628073764,FALSE,FALSE,FALSE,1,0.0313108172545315,"weak_effect",TRUE,FALSE,FALSE,TRUE,FALSE,FALSE,FALSE,40.5877863388621,37.9558525462618,39.7155983614651,39.125126220937,48.1928227246877,48.4336715566136,50.0588870072184,54.4697163775614,68.0376761017293,65.971019900042,1e-08,0.0587957688947313,0.0308784497157454,6,49.2548157135378,FALSE,0.68732860963534,1.48285211724783,0.371633601212056
"RT4_ZT10_NormEVS_remainder_dataset","51792","Nucb2",-0.58846387300756,-0.497545977537069,-0.497545977537069,"downregulated",-2.77761125369311,0.00547600899791679,0.104372705201646,0.0120604589454403,0.250798031351855,0.266235986194842,0.512765310561794,0.954609706430397,0.954609706430397,0.0339201556248525,1.46954216387819,0.0732608334399568,1,TRUE,FALSE,FALSE,FALSE,"Weak CNH",FALSE,FALSE,FALSE,FALSE,66.5236239057398,0.211859694989765,0.0120604589454403,0.266235986194842,0.250798031351855,0.0120604589454403,FALSE,FALSE,FALSE,1,0.0732608334399568,"weak_effect",TRUE,FALSE,FALSE,TRUE,FALSE,FALSE,FALSE,42.7699253893386,48.4264325590237,66.6654686781735,64.7255174519205,44.176754164297,79.3774061622278,76.1765671848976,93.3766566472481,96.7646949002373,52.7768159200336,0.0310477351613545,0.0443906572965593,0.0384092116788957,9,66.5236239057398,FALSE,0.981413060051751,1.91863616535675,0.574733242814894
"RT4_ZT10_NormEVS_remainder_dataset","56758","Nxf1",0.550281553062074,0.472396812175172,0.472396812175172,"upregulated",2.7968579192907,0.00516022200763683,0.101524256549137,0.011479106731523,0.244472604343461,0.261580943283731,0.512765310561794,0.916493231755531,0.916493231755531,0.0339201556248525,1.46954216387819,0.0431680011745355,1,TRUE,FALSE,FALSE,FALSE,"Weak CNH",FALSE,FALSE,FALSE,FALSE,75.2981555227878,0.19674991327469,0.011479106731523,0.261580943283731,0.244472604343461,0.011479106731523,FALSE,FALSE,FALSE,1,0.0431680011745355,"weak_effect",TRUE,FALSE,FALSE,TRUE,FALSE,FALSE,FALSE,81.6120004878195,80.7107209317062,92.1969247676867,82.5974886886448,112.449919690938,76.6866466313049,47.8824136590785,66.1417984584674,42.3345540188538,70.3690878933781,0.0185245552280953,0.0400409610781509,0.0311561355674744,9,75.2981555227878,FALSE,0.993430182116573,1.94009190607256,0.582393898452441
"RT4_ZT10_NormEVS_remainder_dataset","59914","Marchf5",-0.395370669471043,-0.343651849595859,-0.343651849595859,"downregulated",-2.38866345515394,0.0169097844166925,0.199023095279484,0.0308622548586766,0.391325853455056,0.417445500753772,0.644401459538499,0.519110980885495,0.519110980885495,0.0339201556248525,1.46954216387819,0.0019519018502116,1,TRUE,FALSE,FALSE,FALSE,"Weak CNH",FALSE,FALSE,FALSE,FALSE,82.6687883455578,0.165519620864951,0.0308622548586766,0.417445500753772,0.391325853455056,0.0308622548586766,FALSE,FALSE,FALSE,1,0.0019519018502116,"weak_effect",TRUE,FALSE,FALSE,TRUE,FALSE,FALSE,FALSE,76.374866766676,68.0587700829522,68.0838829053687,69.5557799483325,76.3053026474221,102.248862175073,112.088377429206,94.6735546562376,80.133262964259,79.1652238800504,1e-08,0.0372571952535706,0.0206614367224874,7,82.6687883455578,FALSE,0.701096523738786,1.51057234668162,0.379400215430349
"RT4_ZT10_NormEVS_remainder_dataset","60799","Sfxn3",-0.601075415509891,-0.561512215920457,-0.561512215920457,"downregulated",-4.2941618002191,1.75354561117938e-05,0.00202124722105997,0.000104023633206385,0.0129068764889057,0.013887720378885,0.0454236722268338,2.23642902618245,2.23642902618245,0.0339201556248525,1.46954216387819,0.0143967786724903,1,TRUE,FALSE,FALSE,TRUE,"Weak CNH",TRUE,FALSE,FALSE,TRUE,127.564912984031,0.139975027368373,0.000104023633206385,0.013887720378885,0.0129068764889057,0.000104023633206385,TRUE,FALSE,FALSE,1,0.0143967786724903,"weak_effect",TRUE,FALSE,TRUE,TRUE,FALSE,FALSE,FALSE,101.251251942108,89.8724784428728,114.89155240281,90.325908682904,116.465988251329,145.301014669841,158.882554414215,160.815353114705,152.706784139437,145.136243780092,1e-08,0.0283794606574484,0.0154771222361401,9,127.564912984031,FALSE,2.69438056418098,3.98286798180586,1.85736903634456
"RT4_ZT10_NormEVS_remainder_dataset","71136","Ndel1",-0.546394317080986,-0.465464679940769,-0.465464679940769,"downregulated",-2.73526907377865,0.00623293029167205,0.11287665581896,0.0134321167760385,0.265245358471477,0.281587218468009,0.553867273622072,0.871282640374152,0.871282640374152,0.0339201556248525,1.46954216387819,0.0443171581891096,1,TRUE,FALSE,FALSE,FALSE,"Weak CNH",FALSE,FALSE,FALSE,FALSE,108.877511607092,0.199758891115662,0.0134321167760385,0.281587218468009,0.265245358471477,0.0134321167760385,FALSE,FALSE,FALSE,1,0.0443171581891096,"weak_effect",TRUE,FALSE,FALSE,TRUE,FALSE,FALSE,FALSE,61.9727490335314,102.524429291627,109.217895494029,73.4199899454621,99.0630244896357,147.991774200764,101.206010688507,169.893639177632,117.931971909664,105.553631840067,0.0461234698287619,0.0310125855376395,0.0383161534427436,11,108.877511607092,FALSE,0.947395865845546,1.87185554118741,0.550387062153482
"RT4_ZT10_NormEVS_remainder_dataset","72624","Vps53",0.526663114078622,0.494367416759387,0.494367416759387,"upregulated",4.14615305565257,3.38107860974582e-05,0.00327439708831503,0.00017879001968768,0.0187016796598828,0.0200546887380268,0.0548454399504614,1.85271937542196,1.85271937542196,0.0339201556248525,1.46954216387819,0.00156436877252899,1,TRUE,FALSE,FALSE,TRUE,"Weak CNH",TRUE,FALSE,FALSE,TRUE,157.771033599049,0.127024522975727,0.00017879001968768,0.0200546887380268,0.0187016796598828,0.00017879001968768,TRUE,FALSE,FALSE,1,0.00156436877252899,"weak_effect",TRUE,FALSE,TRUE,TRUE,FALSE,FALSE,FALSE,191.155380821738,182.798876056135,165.954464581836,201.42194610038,187.41653281823,138.574115842533,126.235454192116,121.908412845018,139.099248919091,123.145903813412,1e-08,0.0256698327251789,0.0122028854210338,7,157.771033599049,FALSE,2.48486865454935,3.74765672779705,1.69778407416632
"RT4_ZT10_NormEVS_remainder_dataset","74573","Usp32",-0.7276387628064,-0.69469427891318,-0.69469427891318,"downregulated",-5.53216613942883,3.16300091248804e-08,1.36906298679508e-05,5.73592513486432e-07,0.000266641542822624,0.00028755714477131,0.00151575242388836,4.33586245883433,4.33586245883433,0.0339201556248525,1.46954216387819,0.0606050596339993,1,TRUE,FALSE,FALSE,TRUE,"Weak CNH",TRUE,FALSE,FALSE,TRUE,143.439306702279,0.131528725722891,5.73592513486432e-07,0.00028755714477131,0.000266641542822624,5.73592513486432e-07,TRUE,FALSE,FALSE,1,0.0606050596339993,"weak_effect",TRUE,FALSE,TRUE,TRUE,FALSE,FALSE,FALSE,98.1962572714406,107.323445130809,99.2889959036626,115.926299913887,120.482056811719,181.626268337301,190.441417962244,173.784333204601,188.993544727026,158.330447760101,1e-08,0.0267795284965762,0.0136229422096093,8,143.439306702279,FALSE,4.86357657072045,6.24139652570279,3.54127583726046
"RT4_ZT10_NormEVS_remainder_dataset","88628","Myh10",-0.551183515163386,-0.479464447057234,-0.479464447057234,"downregulated",-2.93512250212135,0.00333416029006407,0.0780509995496346,0.00798444004132004,0.202536556933644,0.216487604431597,0.422048593061318,1.00579919816211,1.00579919816211,0.0339201556248525,1.46954216387819,0.0360487031874729,1,TRUE,FALSE,FALSE,FALSE,"Weak CNH",FALSE,FALSE,FALSE,FALSE,98.2814631749771,0.187788930364924,0.00798444004132004,0.216487604431597,0.202536556933644,0.00798444004132004,FALSE,FALSE,FALSE,1,0.0360487031874729,"weak_effect",TRUE,FALSE,FALSE,TRUE,FALSE,FALSE,FALSE,82.4848561080101,54.5342708998015,86.523267858906,76.3181474433093,103.079093050026,95.5219633477657,109.911904081066,138.768086961883,133.051455487826,102.621586511176,0.0303805387960916,0.0330520809113501,0.0317612287512649,9,98.2814631749771,FALSE,1.10762153083204,2.09775553606803,0.664566965274001
"RT4_ZT10_NormEVS_remainder_dataset","91615","Mir632",-0.514193198073265,-0.452148885320756,-0.452148885320756,"downregulated",-2.92557768348689,0.00343817323361903,0.079448923741811,0.00819083097551143,0.205226179214953,0.219174891001312,0.422048593061318,0.943486435105734,0.943486435105734,0.0339201556248525,1.46954216387819,0.0171243846387266,1,TRUE,FALSE,FALSE,FALSE,"Weak CNH",FALSE,FALSE,FALSE,FALSE,97.9087005299313,0.175757834418677,0.00819083097551143,0.219174891001312,0.205226179214953,0.00819083097551143,FALSE,FALSE,FALSE,1,0.0171243846387266,"weak_effect",TRUE,FALSE,FALSE,TRUE,FALSE,FALSE,FALSE,65.4641715142937,81.1469950989046,75.1759540413446,102.884591173575,77.6439921675523,141.264875373456,108.823667406997,124.502208862997,92.2288498267886,109.951699833403,0.0200496092065669,0.0331334794433516,0.0266359492491329,9,97.9087005299313,FALSE,1.09991198160523,2.08667203599633,0.65920920075419
"RT4_ZT10_NormEVS_remainder_dataset","93667","Samd14",0.456303395570711,0.39957869718749,0.39957869718749,"upregulated",2.68253567434965,0.00730663584215588,0.123877688508504,0.0153319212214138,0.283893456737791,0.300828952617085,0.567760405365133,0.724996955098518,0.724996955098518,0.0339201556248525,1.46954216387819,0.00647580833237876,1,TRUE,FALSE,FALSE,FALSE,"Weak CNH",FALSE,FALSE,FALSE,FALSE,144.823272716566,0.170101519966304,0.0153319212214138,0.300828952617085,0.283893456737791,0.0153319212214138,FALSE,FALSE,FALSE,1,0.00647580833237876,"weak_effect",TRUE,FALSE,FALSE,TRUE,FALSE,FALSE,FALSE,173.261840607831,172.328296043373,156.02556499147,138.628533647024,198.126048979271,161.445571855379,100.117774014437,115.423922800071,89.2049531111562,143.670221115647,0.0272268721948627,0.0266603056837469,0.0269190058898284,6,144.823272716566,FALSE,0.907006906942694,1.81440342090694,0.521680368357188
"RT4_ZT10_NormEVS_remainder_dataset","96137","Psmd12",-0.368982899114058,-0.324177431993554,-0.324177431993554,"downregulated",-2.37660017718914,0.0174730160991593,0.201316970891142,0.0317183970078958,0.395518567996621,0.41946845236206,0.644401459538499,0.485841076582952,0.485841076582952,0.0339201556248525,1.46954216387819,0.000515933382441975,1,TRUE,FALSE,FALSE,FALSE,"Weak CNH",FALSE,FALSE,FALSE,FALSE,125.008571756785,0.155256615166318,0.0317183970078958,0.41946845236206,0.395518567996621,0.0317183970078958,FALSE,FALSE,FALSE,1,0.000515933382441975,"weak_effect",TRUE,FALSE,FALSE,TRUE,FALSE,FALSE,FALSE,95.1412626007736,96.8528651180474,112.054723948419,111.579063667117,133.868952013021,158.754812324456,143.647240977235,106.345636737144,148.170939065988,143.670221115647,0.0120116877532267,0.0286840451990899,0.0206801557186759,8,125.008571756785,FALSE,0.696119612822678,1.49868876928056,0.377300696290052
"RT4_ZT10_NormEVS_remainder_dataset","121288","Ran",0.377496471277485,0.348042590742194,0.348042590742194,"upregulated",3.01238794477024,0.00259201111513272,0.066313587142159,0.00647785390015154,0.180680582111728,0.191952329381451,0.422048593061318,0.761715172982799,0.761715172982799,0.0339201556248525,1.46954216387819,2.1215706207215e-05,1,TRUE,FALSE,FALSE,FALSE,"Weak CNH",FALSE,FALSE,FALSE,FALSE,218.552842297677,0.125314693259496,0.00647785390015154,0.191952329381451,0.180680582111728,0.00647785390015154,FALSE,FALSE,FALSE,1,2.1215706207215e-05,"weak_effect",TRUE,FALSE,FALSE,TRUE,FALSE,FALSE,FALSE,268.8395310187,252.166468640682,222.691033669643,229.437468579569,261.044456425392,169.517850448148,185.000234591894,232.144743609131,181.433802937945,183.252833055672,0.00509095352799675,0.0229418933047125,0.0137861724252012,5,218.552842297677,FALSE,1.17839747889075,2.18856885118128,0.71680661326071
"RT4_ZT10_NormEVS_remainder_dataset","130019","Trafd1",0.525263939624786,0.460446228193633,0.460446228193633,"upregulated",2.92151765757566,0.00348330529885051,0.0799115790864319,0.00828006042348517,0.206368689781141,0.219992412047538,0.422048593061318,0.958633619366177,0.958633619366177,0.0339201556248525,1.46954216387819,0.0223622332621294,1,TRUE,FALSE,FALSE,FALSE,"Weak CNH",FALSE,FALSE,FALSE,FALSE,141.92128509635,0.179791464981479,0.00828006042348517,0.219992412047538,0.206368689781141,0.00828006042348517,FALSE,FALSE,FALSE,1,0.0223622332621294,"weak_effect",TRUE,FALSE,FALSE,TRUE,FALSE,FALSE,FALSE,112.598375004585,188.906714396912,229.783104805619,156.983531133389,152.610605294844,115.702659829688,120.794270821766,123.205310854008,102.812488331502,115.815790491185,0.0342731747636431,0.0269136257403089,0.0306883879540498,11,141.92128509635,FALSE,1.09739028740695,2.08196649395299,0.65759229855377
"RT4_ZT10_NormEVS_remainder_dataset","133188","Ralb",0.511568589125453,0.43955149198538,0.43955149198538,"upregulated",2.69071585334784,0.00712988937830945,0.122451603954531,0.015022532332978,0.280999995921434,0.298422117270336,0.567760405365133,0.801415269825088,0.801415269825088,0.0339201556248525,1.46954216387819,0.0256667141941172,1,TRUE,FALSE,FALSE,FALSE,"Weak CNH",FALSE,FALSE,FALSE,FALSE,69.2580055367642,0.190123601676093,0.015022532332978,0.298422117270336,0.280999995921434,0.015022532332978,FALSE,FALSE,FALSE,1,0.0256667141941172,"weak_effect",TRUE,FALSE,FALSE,TRUE,FALSE,FALSE,FALSE,82.0484282979148,82.8920917676982,68.0838829053687,81.1484099397212,91.0308873688545,53.8151906184595,40.2647569405887,63.5480024404883,72.5735211751779,57.1748839133697,1e-08,0.0428884498012149,0.0270530774485938,10,69.2580055367642,FALSE,0.912035521817015,1.82325685258223,0.525168992685612
"RT4_ZT10_NormEVS_remainder_dataset","139219","Rgs4",0.426037488351132,0.369660824312873,0.369660824312873,"upregulated",2.48512100934349,0.0129507403429627,0.172646622619405,0.0247026404475406,0.356837350722061,0.380383436114147,0.619882719403605,0.594139808078822,0.594139808078822,0.0339201556248525,1.46954216387819,0.00451286884906898,1,TRUE,FALSE,FALSE,FALSE,"Weak CNH",FALSE,FALSE,FALSE,FALSE,94.3305586303458,0.171435309085283,0.0247026404475406,0.380383436114147,0.356837350722061,0.0247026404475406,FALSE,FALSE,FALSE,1,0.00451286884906898,"weak_effect",TRUE,FALSE,FALSE,TRUE,FALSE,FALSE,FALSE,99.5055407017265,99.4705101212379,112.054723948419,139.594586146306,88.353508328594,83.4135454586123,74.0000938367576,81.7045745663421,81.6452113220752,83.5632918733865,0.0141840321236868,0.0339539775233871,0.0235103491502015,9,94.3305586303458,FALSE,0.762841913069536,1.60725662283314,0.419778402777857
"RT4_ZT10_NormEVS_remainder_dataset","142424","Sertad4",-0.575606654254388,-0.470059577819981,-0.470059577819981,"downregulated",-2.50791597434954,0.0121445542526421,0.167147210346713,0.0234132563938019,0.348688814141737,0.372504302664341,0.619882719403605,0.766450088029373,0.766450088029373,0.0339201556248525,1.46954216387819,0.0842139608692143,1,TRUE,FALSE,FALSE,FALSE,"Weak CNH",FALSE,FALSE,FALSE,FALSE,49.2883045133683,0.229515924832242,0.0234132563938019,0.372504302664341,0.348688814141737,0.0234132563938019,FALSE,FALSE,FALSE,1,0.0842139608692143,"weak_effect",TRUE,FALSE,FALSE,TRUE,FALSE,FALSE,FALSE,40.5877863388621,44.0636908870396,38.2971841342699,44.9214412166314,28.1124799227345,49.7790513220751,78.3530405330375,49.2821243416032,72.5735211751779,46.9127252622521,0.0220650894966401,0.058755880620793,0.0427301916403437,10,49.2883045133683,FALSE,0.776900867298387,1.63053817897718,0.428868706506054
"RT4_ZT10_NormEVS_remainder_dataset","144594","Clasp1",-0.582822210000268,-0.495190637123362,-0.495190637123362,"downregulated",-2.79855881913505,0.00513312194278447,0.101367209762119,0.0114289466738975,0.243912490778128,0.261407891102693,0.512765310561794,0.961657143965248,0.961657143965248,0.0339201556248525,1.46954216387819,0.0671759598113278,1,TRUE,FALSE,FALSE,FALSE,"Weak CNH",FALSE,FALSE,FALSE,FALSE,114.743365554961,0.208257981220635,0.0114289466738975,0.261407891102693,0.243912490778128,0.0114289466738975,FALSE,FALSE,FALSE,1,0.0671759598113278,"weak_effect",TRUE,FALSE,FALSE,TRUE,FALSE,FALSE,FALSE,89.4677010695348,68.0587700829522,97.8705816764675,118.341431162093,87.0148188084638,87.4496847549968,192.617891310384,160.815353114705,128.515610414378,117.28181315563,0.057128290831069,0.0300745947394749,0.0429989133432189,9,114.743365554961,FALSE,0.994102507748241,1.94199379364614,0.582681306538838
"RT4_ZT10_NormEVS_remainder_dataset","146876","Glrx2",0.51656499466922,0.433510989931154,0.433510989931154,"upregulated",2.5230400774246,0.0116345140488485,0.163090818547276,0.0225903682635664,0.343219165691635,0.366268375507756,0.619882719403605,0.713592335055916,0.713592335055916,0.0339201556248525,1.46954216387819,0.0378248982833253,1,TRUE,FALSE,FALSE,FALSE,"Weak CNH",FALSE,FALSE,FALSE,FALSE,115.354780769787,0.204739115835411,0.0225903682635664,0.366268375507756,0.343219165691635,0.0225903682635664,FALSE,FALSE,FALSE,1,0.0378248982833253,"weak_effect",TRUE,FALSE,FALSE,TRUE,FALSE,FALSE,FALSE,201.629648264025,119.102847645166,113.473138175614,113.02814241604,129.852883452631,78.0320263967663,81.6177505552474,130.986698907945,84.6691080377076,101.155563846731,0.0511574798626137,0.0299833814859388,0.0404277644560654,9,115.354780769787,FALSE,0.787570487558693,1.64607668924205,0.436200577746554
"RT4_ZT10_NormEVS_remainder_dataset","149824","Copa",-0.524381419843107,-0.499305014783703,-0.499305014783703,"downregulated",-4.70498899864654,2.53879644269071e-06,0.000482517073261646,2.11576390816148e-05,0.00439775696788595,0.00465446097245523,0.0114959481668063,2.33401766659913,2.33401766659913,0.0339201556248525,1.46954216387819,0.00026514566468745,1,TRUE,FALSE,FALSE,TRUE,"Weak CNH",TRUE,FALSE,FALSE,TRUE,301.649466306364,0.111452209557547,2.11576390816148e-05,0.00465446097245523,0.00439775696788595,2.11576390816148e-05,TRUE,FALSE,FALSE,1,0.00026514566468745,"weak_effect",TRUE,FALSE,TRUE,TRUE,FALSE,FALSE,FALSE,239.16243993222,252.166468640682,224.109447896839,261.317201055888,259.705766905261,353.834878316371,386.324019294838,347.568666409201,300.877723205425,391.428051406916,0.00293258295875196,0.0215674297728981,0.0114925901201224,9,301.649466306364,FALSE,3.3164873150826,4.6745327955703,2.33213060689381
"RT4_ZT10_NormEVS_remainder_dataset","151126","Srp9",-0.601861708660552,-0.54302234141302,-0.54302234141302,"downregulated",-3.52234114532779,0.000427753311416249,0.0199100977992209,0.00145532269864779,0.0734955288951366,0.0784476420151296,0.163474782455607,1.54057648192361,1.54057648192361,0.0339201556248525,1.46954216387819,0.0398404182155012,1,TRUE,FALSE,FALSE,TRUE,"Weak CNH",TRUE,FALSE,FALSE,TRUE,108.608916587556,0.17086979478376,0.00145532269864779,0.0784476420151296,0.0734955288951366,0.00145532269864779,TRUE,FALSE,FALSE,1,0.0398404182155012,"weak_effect",TRUE,FALSE,TRUE,TRUE,FALSE,FALSE,FALSE,73.7562999061043,79.8381725973094,106.381067039639,102.884591173575,69.6118550467711,98.2127228786887,139.294294280956,145.25257700683,133.051455487826,137.806130457866,0.0192692772940711,0.0310584517334323,0.0255602987334623,9,108.608916587556,FALSE,1.70092660669496,2.83704069691649,1.10542010593566
"RT4_ZT10_NormEVS_remainder_dataset","159100","Grpel1",-0.549470582157876,-0.455347318314051,-0.455347318314051,"downregulated",-2.55143082235335,0.0107281619359533,0.155769533511359,0.0211133519576718,0.332827394190539,0.354570286907749,0.619882719403605,0.762908391700168,0.762908391700168,0.0339201556248525,1.46954216387819,0.0585456639353358,1,TRUE,FALSE,FALSE,FALSE,"Weak CNH",FALSE,FALSE,FALSE,FALSE,56.2227102260736,0.21535782093087,0.0211133519576718,0.354570286907749,0.332827394190539,0.0211133519576718,FALSE,FALSE,FALSE,1,0.0585456639353358,"weak_effect",TRUE,FALSE,FALSE,TRUE,FALSE,FALSE,FALSE,43.6427810095292,41.4460458838491,59.5733975421976,38.1590737216546,48.1928227246877,51.1244310875366,53.3235970294283,86.8921666023003,68.0376761017293,71.8351105578235,0.0197598082109073,0.0516983942036752,0.0373363768514989,5,56.2227102260736,FALSE,0.80751748069274,1.67544281258728,0.450297661213045
"RT4_ZT10_NormEVS_remainder_dataset","166813","Atp8a1",-0.484245717163837,-0.412822290451821,-0.412822290451821,"downregulated",-2.56494465229791,0.0103192264261852,0.152409800329361,0.0204403574898375,0.327829045896767,0.349177595088914,0.619882719403605,0.697468012506579,0.697468012506579,0.0339201556248525,1.46954216387819,0.0182782114578665,1,TRUE,FALSE,FALSE,FALSE,"Weak CNH",FALSE,FALSE,FALSE,FALSE,116.435524008207,0.188793827083171,0.0204403574898375,0.349177595088914,0.327829045896767,0.0204403574898375,FALSE,FALSE,FALSE,1,0.0182782114578665,"weak_effect",TRUE,FALSE,FALSE,TRUE,FALSE,FALSE,FALSE,94.7048347906783,69.8038667517459,104.962652812443,95.156171179316,124.49812537211,164.136331386302,102.294247362577,138.768086961883,105.836385047135,164.194538417882,0.0382246261773082,0.0298249628090405,0.033833004921441,10,116.435524008207,FALSE,0.816987105882795,1.6895115129157,0.456953630491719
"RT4_ZT10_NormEVS_remainder_dataset","167944","Ccdc149",0.58200663457483,0.529753196437901,0.529753196437901,"upregulated",3.59782453121395,0.000320889977905641,0.0163599892822133,0.0011472958488794,0.0640355399800015,0.0677374824798165,0.1563417140692,1.55764634363706,1.55764634363706,0.0339201556248525,1.46954216387819,0.0248169863134482,1,TRUE,FALSE,FALSE,TRUE,"Weak CNH",TRUE,FALSE,FALSE,TRUE,121.635377546469,0.161766264453829,0.0011472958488794,0.0677374824798165,0.0640355399800015,0.0011472958488794,TRUE,FALSE,FALSE,1,0.0248169863134482,"weak_effect",TRUE,FALSE,TRUE,TRUE,FALSE,FALSE,FALSE,156.67758382421,148.769491014658,113.473138175614,133.798271150612,176.707016657188,102.248862175073,109.911904081066,81.7045745663421,81.6452113220752,111.417722497849,0.0129144672157235,0.0291098190605906,0.0219436287355268,6,121.635377546469,FALSE,1.78621698518041,2.94032457776714,1.16917094830906
"RT4_ZT10_NormEVS_remainder_dataset","172099","C1d",-0.451507998370074,-0.391160525112239,-0.391160525112239,"downregulated",-2.57729052683832,0.00995782161508287,0.149360281919585,0.0198419603390589,0.323236239601358,0.344456304510874,0.619882719403605,0.665917710736842,0.665917710736842,0.0339201556248525,1.46954216387819,0.00756029484926126,1,TRUE,FALSE,FALSE,FALSE,"Weak CNH",FALSE,FALSE,FALSE,FALSE,97.4504347866249,0.175187078704688,0.0198419603390589,0.344456304510874,0.323236239601358,0.0198419603390589,FALSE,FALSE,FALSE,1,0.00756029484926126,"weak_effect",TRUE,FALSE,FALSE,TRUE,FALSE,FALSE,FALSE,78.5570058171525,102.088155124428,86.523267858906,59.8952549555085,85.6761292883336,130.501837249764,109.911904081066,110.236330764112,96.7646949002373,114.349767826739,0.0197276886951403,0.0332345658979077,0.0263136282642814,9,97.4504347866249,FALSE,0.825764875321402,1.70241542278778,0.46286586203906
"RT4_ZT10_NormEVS_remainder_dataset","173721","Vdac2",-0.577156885585581,-0.525020959178582,-0.525020959178582,"downregulated",-3.59711988554204,0.000321760206658855,0.0163650173214092,0.00114986892709479,0.0641202540926299,0.0677374824798165,0.163474782455607,1.54322122884462,1.54322122884462,0.0339201556248525,1.46954216387819,0.0225546012738606,1,TRUE,FALSE,FALSE,TRUE,"Weak CNH",TRUE,FALSE,FALSE,TRUE,212.352905624732,0.160449721986014,0.00114986892709479,0.0677374824798165,0.0641202540926299,0.00114986892709479,TRUE,FALSE,FALSE,1,0.0225546012738606,"weak_effect",TRUE,FALSE,TRUE,TRUE,FALSE,FALSE,FALSE,173.698268417926,121.284218481158,222.691033669643,177.753659867961,161.981431935756,203.152344584685,284.029771932261,290.505154013661,249.471479039674,238.961694304597,0.0287378489699357,0.0231238706101069,0.0259737982322205,10,212.352905624732,FALSE,1.78608353068054,2.93935166180614,1.16917094830906
"RT4_ZT10_NormEVS_remainder_dataset","184752","Mrps16",0.523937574836992,0.437068947648437,0.437068947648437,"upregulated",2.50993680727578,0.0120752768497685,0.166847791860107,0.0233018201400099,0.34796080408405,0.372316871166707,0.619882719403605,0.713563202041569,0.713563202041569,0.0339201556248525,1.46954216387819,0.0434279331389149,1,TRUE,FALSE,FALSE,FALSE,"Weak CNH",FALSE,FALSE,FALSE,FALSE,102.809626355696,0.208745325108667,0.0233018201400099,0.372316871166707,0.34796080408405,0.0233018201400099,FALSE,FALSE,FALSE,1,0.0434279331389149,"weak_effect",TRUE,FALSE,FALSE,TRUE,FALSE,FALSE,FALSE,146.639744192018,138.735185169095,99.2889959036626,95.156171179316,124.49812537211,122.429558656995,57.6765437257082,86.8921666023003,93.7407981846049,63.0389745711512,0.0527722287512404,0.0321191092859212,0.0411843488299364,9,102.809626355696,FALSE,0.777679536622712,1.63261015425771,0.429087283715552
"RT4_ZT10_NormEVS_remainder_dataset","184767","Dnajc9",0.535930346633328,0.444417983340181,0.444417983340181,"upregulated",2.50796598841709,0.0121428354481579,0.167147210346713,0.0234104928592862,0.348670807185097,0.372504302664341,0.619882719403605,0.724663271931255,0.724663271931255,0.0339201556248525,1.46954216387819,0.0517708672750388,1,TRUE,FALSE,FALSE,FALSE,"Weak CNH",FALSE,FALSE,FALSE,FALSE,60.9029576773247,0.213691233895712,0.0234104928592862,0.372504302664341,0.348670807185097,0.0234104928592862,FALSE,FALSE,FALSE,1,0.0517708672750388,"weak_effect",TRUE,FALSE,FALSE,TRUE,FALSE,FALSE,FALSE,57.6084709325785,71.1126892533411,95.0337532220771,69.5557799483325,68.2731655266409,39.0160131983832,39.1765202665188,51.8759203595823,51.406244165751,65.971019900042,0.0206846068993475,0.0480059904879489,0.0359170037184673,6,60.9029576773247,FALSE,0.776900867298387,1.63058944303916,0.428868706506054
"RT4_ZT10_NormEVS_remainder_dataset","187474","Carmil3",0.570003504937601,0.470123050322226,0.470123050322226,"upregulated",2.55914667073518,0.0104929460399906,0.153797437845308,0.020726773033489,0.329977381904549,0.351382456568432,0.619882719403605,0.791437256204625,0.791437256204625,0.0339201556248525,1.46954216387819,0.0746197837047799,1,TRUE,FALSE,FALSE,FALSE,"Weak CNH",FALSE,FALSE,FALSE,FALSE,54.1610396008126,0.22273186271651,0.020726773033489,0.351382456568432,0.329977381904549,0.020726773033489,FALSE,FALSE,FALSE,1,0.0746197837047799,"weak_effect",TRUE,FALSE,FALSE,TRUE,FALSE,FALSE,FALSE,65.4641715142937,55.8430934013967,70.920711359759,51.200782461967,81.660060727943,48.4336715566136,35.9118102443089,33.7193482337285,55.9420892391997,42.514657268916,0.0200796465898883,0.0535715567823321,0.0381070701386861,6,54.1610396008126,FALSE,0.813050899508015,1.68346830826986,0.454219925270198
"RT4_ZT10_NormEVS_remainder_dataset","209686","Tnks",0.36037673621475,0.326845387338105,0.326845387338105,"upregulated",2.66790440386174,0.00763259717583282,0.126765664449678,0.015899311380456,0.289050816308848,0.305575929289369,0.567760405365133,0.587871201348609,0.587871201348609,0.0339201556248525,1.46954216387819,5.06336169537529e-05,1,TRUE,FALSE,FALSE,FALSE,"Weak CNH",FALSE,FALSE,FALSE,FALSE,167.945313439686,0.135078579162399,0.015899311380456,0.305575929289369,0.289050816308848,0.015899311380456,FALSE,FALSE,FALSE,1,5.06336169537529e-05,"weak_effect",TRUE,FALSE,FALSE,TRUE,FALSE,FALSE,FALSE,202.06607607412,186.72534356092,173.046535717812,189.829316108991,190.09391185849,184.317027868224,133.853110910606,121.908412845018,145.147042350356,152.466357102319,0.00367647001983262,0.0250250739394496,0.0153459283399723,9,167.945313439686,FALSE,0.896998362852876,1.79862168512259,0.514880858828423
"RT4_ZT10_NormEVS_remainder_dataset","213048","Arglu1",-0.649724973782497,-0.603301205062628,-0.603301205062628,"downregulated",-4.25646999546561,2.07679893187652e-05,0.00227123996208455,0.000119600070852099,0.0142339252682073,0.0151348830109798,0.0454236722268338,2.36630935067806,2.36630935067806,0.0339201556248525,1.46954216387819,0.0426687686279311,1,TRUE,FALSE,FALSE,TRUE,"Weak CNH",TRUE,FALSE,FALSE,TRUE,168.49660614119,0.152644086408372,0.000119600070852099,0.0151348830109798,0.0142339252682073,0.000119600070852099,TRUE,FALSE,FALSE,1,0.0426687686279311,"weak_effect",TRUE,FALSE,TRUE,TRUE,FALSE,FALSE,FALSE,98.6326850815359,139.171459336293,150.351908082689,144.907874892359,124.49812537211,201.806964819223,171.941394503055,250.301315734984,199.577183231739,203.777150357908,0.0188239828813094,0.0249929878398144,0.0217898996717594,9,168.49660614119,FALSE,2.64373697907672,3.92226856306779,1.82002093168675
"RT4_ZT10_NormEVS_remainder_dataset","216114","Tmem14c",-0.45399247231361,-0.415943560824738,-0.415943560824738,"downregulated",-3.28656917081823,0.00101415863041798,0.0348610865357132,0.00297450761023987,0.111966823471506,0.118425898615142,0.275277201120962,1.05091672652102,1.05091672652102,0.0339201556248525,1.46954216387819,0.000751942067371002,1,TRUE,FALSE,FALSE,FALSE,"Weak CNH",FALSE,FALSE,FALSE,FALSE,259.901816322135,0.138135681532174,0.00297450761023987,0.118425898615142,0.111966823471506,0.00297450761023987,FALSE,FALSE,FALSE,1,0.000751942067371002,"weak_effect",TRUE,FALSE,FALSE,TRUE,FALSE,FALSE,FALSE,192.901092062119,248.676275303095,199.99640603452,219.776943586745,234.270666022787,379.39709386014,280.765061910051,237.332335645089,303.901619921058,302.000668875748,0.0161152313438119,0.0220575976124362,0.0189078540969258,9,259.901816322135,FALSE,1.45765908110695,2.52658491560069,0.92655331116309
"RT4_ZT10_NormEVS_remainder_dataset","218503","Jcad",-0.553617093995654,-0.480950005789047,-0.480950005789047,"downregulated",-2.92527655033134,0.00344150232467949,0.079448923741811,0.00819741947773678,0.205310953351578,0.219174891001312,0.422048593061318,1.00341698229324,1.00341698229324,0.0339201556248525,1.46954216387819,0.0379338159477164,1,TRUE,FALSE,FALSE,FALSE,"Weak CNH",FALSE,FALSE,FALSE,FALSE,85.5813314324435,0.189252908048283,0.00819741947773678,0.219174891001312,0.205310953351578,0.00819741947773678,FALSE,FALSE,FALSE,1,0.0379338159477164,"weak_effect",TRUE,FALSE,FALSE,TRUE,FALSE,FALSE,FALSE,57.1720431224832,73.7303342565316,68.0838829053687,67.1406487001265,81.660060727943,133.192596780687,69.6471471404778,102.454942710175,110.372230120583,92.3594278600588,0.0247651948873306,0.0363228759760764,0.0309297419835585,9,85.5813314324435,FALSE,1.09991198160523,2.08632284065998,0.65920920075419
"RT4_ZT10_NormEVS_remainder_dataset","222766","Isca1",0.549332399477133,0.445095912058591,0.445095912058591,"upregulated",2.39397505635391,0.0166668822112477,0.196710019375822,0.0304916223946983,0.389466649781126,0.413826908356775,0.644401459538499,0.674685048238195,0.674685048238195,0.0339201556248525,1.46954216387819,0.0712963628122053,1,TRUE,FALSE,FALSE,FALSE,"Weak CNH",FALSE,FALSE,FALSE,FALSE,49.0744595306484,0.229464546014854,0.0304916223946983,0.413826908356775,0.389466649781126,0.0304916223946983,FALSE,FALSE,FALSE,1,0.0712963628122053,"weak_effect",TRUE,FALSE,FALSE,TRUE,FALSE,FALSE,FALSE,67.6463105647702,68.4950442501507,52.4813264062217,48.785651213761,53.5475808052085,43.0521524947676,51.1471236812884,32.4224502247389,43.84650237667,29.3204532889076,0.0188794954257693,0.0590117035653025,0.0401756293730804,5,49.0744595306484,FALSE,0.706173518836067,1.51581946712955,0.383181273527895
"RT4_ZT10_NormEVS_remainder_dataset","223806","Sptlc1",0.582305918202505,0.505702630768383,0.505702630768383,"upregulated",2.98210619740782,0.00286272677774561,0.0704356986417711,0.00703484282145328,0.189249875573704,0.200476698270301,0.422048593061318,1.08864911405565,1.08864911405565,0.0339201556248525,1.46954216387819,0.054384895940475,1,TRUE,FALSE,FALSE,FALSE,"Weak CNH",FALSE,FALSE,FALSE,FALSE,82.890892387106,0.195266660425665,0.00703484282145328,0.200476698270301,0.189249875573704,0.00703484282145328,FALSE,FALSE,FALSE,1,0.054384895940475,"weak_effect",TRUE,FALSE,FALSE,TRUE,FALSE,FALSE,FALSE,110.416235954109,105.578348462016,99.2889959036626,73.9030161951033,107.095161610417,61.8874692112285,48.9706503331484,73.9231865124047,89.2049531111562,58.6409065778151,0.0256030744217302,0.0371829734176963,0.0317967924204049,9,82.890892387106,FALSE,1.15220717333482,2.15274560150402,0.69793609885789
"RT4_ZT10_NormEVS_remainder_dataset","227656","Tbce",0.582111408650754,0.49042639494137,0.49042639494137,"upregulated",2.71414723744025,0.00664466262926598,0.117048712378822,0.01416654567806,0.272678377117941,0.28903753702786,0.567760405365133,0.906668948216352,0.906668948216352,0.0339201556248525,1.46954216387819,0.072649995394494,1,TRUE,FALSE,FALSE,FALSE,"Weak CNH",FALSE,FALSE,FALSE,FALSE,129.703220752757,0.214473039863435,0.01416654567806,0.28903753702786,0.272678377117941,0.01416654567806,FALSE,FALSE,FALSE,1,0.072649995394494,"weak_effect",TRUE,FALSE,FALSE,TRUE,FALSE,FALSE,FALSE,229.561028110123,142.225378506682,95.0337532220771,123.171693658505,186.0778432981,115.702659829688,109.911904081066,90.782860629269,122.467816983113,82.0972692089412,0.0662150936080304,0.0281358453102491,0.0462748096912674,11,129.703220752757,FALSE,0.931633359497028,1.84873603372173,0.53904575217269
"RT4_ZT10_NormEVS_remainder_dataset","234322","Ctnna1",-0.56905811510085,-0.46683653819965,-0.46683653819965,"downregulated",-2.52875720892652,0.0114467180108399,0.161906591948737,0.0222859160442046,0.341139168911105,0.364512209576387,0.619882719403605,0.771199727210429,0.771199727210429,0.0339201556248525,1.46954216387819,0.0766358425360219,1,TRUE,FALSE,FALSE,FALSE,"Weak CNH",FALSE,FALSE,FALSE,FALSE,43.5172668223592,0.22503469810865,0.0222859160442046,0.364512209576387,0.341139168911105,0.0222859160442046,FALSE,FALSE,FALSE,1,0.0766358425360219,"weak_effect",TRUE,FALSE,FALSE,TRUE,FALSE,FALSE,FALSE,37.5327916681951,38.3921267134602,36.8787699070747,30.4306537273955,30.7898589629949,47.0882917911521,41.3529936146587,49.2821243416032,57.4540375970159,65.971019900042,1e-08,0.0667209888650278,0.0374813596503975,8,43.5172668223592,FALSE,0.790735468796467,1.6519695098943,0.43828792012284
"RT4_ZT10_NormEVS_remainder_dataset","234631","Apbb3",0.554779702145111,0.499405678860752,0.499405678860752,"upregulated",3.3348029615186,0.000853598599962266,0.03143050817118,0.00257867502337072,0.103013248448524,0.109934747573145,0.223933176545152,1.29276323139927,1.29276323139927,0.0339201556248525,1.46954216387819,0.020754419059477,1,TRUE,FALSE,FALSE,FALSE,"Weak CNH",FALSE,FALSE,FALSE,FALSE,120.964199468954,0.166360564191317,0.00257867502337072,0.109934747573145,0.103013248448524,0.00257867502337072,FALSE,FALSE,FALSE,1,0.020754419059477,"weak_effect",TRUE,FALSE,FALSE,TRUE,FALSE,FALSE,FALSE,167.588279076592,127.392056821936,141.841422719518,149.25511113913,132.530262492891,121.084178891534,104.470720710717,70.0324924854361,111.884178478399,83.5632918733865,0.0171563936741451,0.029197970135397,0.0237529623821464,8,120.964199468954,FALSE,1.50264859721483,2.58860338622567,0.958865016456076
"RT4_ZT10_NormEVS_remainder_dataset","257327","Dnaja2",-0.692922820731031,-0.631553506724273,-0.631553506724273,"downregulated",-3.92119405192713,8.81112693686912e-05,0.00642182787642808,0.000394215515814089,0.0314869343495186,0.0332780211201825,0.115756705227288,2.14997631103053,2.14997631103053,0.0339201556248525,1.46954216387819,0.0975003156932489,1,TRUE,FALSE,FALSE,TRUE,"Weak CNH",TRUE,FALSE,FALSE,TRUE,171.629451087729,0.176712198262793,0.000394215515814089,0.0332780211201825,0.0314869343495186,0.000394215515814089,TRUE,FALSE,FALSE,1,0.0975003156932489,"weak_effect",TRUE,FALSE,TRUE,TRUE,FALSE,FALSE,FALSE,89.9041288796301,135.681265998706,120.56520931159,181.61786986509,127.17550441237,211.224623177454,210.029678095503,246.410621708016,170.850164433231,222.835444995697,0.0376461610201797,0.0248157326407402,0.0313803653735521,9,171.629451087729,FALSE,2.19234133896249,3.4042662864497,1.47784250696476
"RT4_ZT10_NormEVS_remainder_dataset","257737","Nacc1",-0.517357417665621,-0.472026934792771,-0.472026934792771,"downregulated",-3.4611128382022,0.000537947279873998,0.0230957972851166,0.00175933975130182,0.0825961671148627,0.0874861963375088,0.211920174894864,1.30026913024306,1.30026913024306,0.0339201556248525,1.46954216387819,0.00595736624079826,1,TRUE,FALSE,FALSE,FALSE,"Weak CNH",FALSE,FALSE,FALSE,FALSE,254.088818500707,0.149477188942026,0.00175933975130182,0.0874861963375088,0.0825961671148627,0.00175933975130182,FALSE,FALSE,FALSE,1,0.00595736624079826,"weak_effect",TRUE,FALSE,FALSE,TRUE,FALSE,FALSE,FALSE,219.523188477932,152.695958519444,245.385661304766,190.312342358632,243.641492663699,333.654181834449,311.23568878401,238.629233654078,300.877723205425,304.932714204639,0.0231923355519607,0.0221532557810834,0.0227000564215806,9,254.088818500707,FALSE,1.63646704097101,2.75465028455188,1.05806046500468
"RT4_ZT10_NormEVS_remainder_dataset","260075","Pdpr",-0.595904167555429,-0.492326459665163,-0.492326459665163,"downregulated",-2.63986982469136,0.00829378775475615,0.133462021616558,0.0170382449253321,0.29964021492566,0.317319550106735,0.619882719403605,0.87071633882929,0.87071633882929,0.0339201556248525,1.46954216387819,0.0910127633239663,1,TRUE,FALSE,FALSE,FALSE,"Weak CNH",FALSE,FALSE,FALSE,FALSE,57.9932412639402,0.225732406189801,0.0170382449253321,0.317319550106735,0.29964021492566,0.0170382449253321,FALSE,FALSE,FALSE,1,0.0910127633239663,"weak_effect",TRUE,FALSE,FALSE,TRUE,FALSE,FALSE,FALSE,44.0792088196244,45.3725133886348,49.6444979518313,32.8457849756015,62.91840744612,83.4135454586123,88.1471705996672,55.7666143865509,63.5018310282807,54.242838584479,0.0353160845967757,0.0502168038851471,0.0433553010551408,9,57.9932412639402,FALSE,0.874642300957854,1.76857514304934,0.498503170124864
"RT4_ZT10_NormEVS_remainder_dataset","265183","Cartpt",0.621442843789267,0.530474971148539,0.530474971148539,"upregulated",2.91387263627697,0.00356975513893847,0.0812349106671095,0.00845044310725229,0.208517188286465,0.222730831469584,0.422048593061318,1.09973854686589,1.09973854686589,0.0339201556248525,1.46954216387819,0.0927783784918181,1,TRUE,FALSE,FALSE,FALSE,"Weak CNH",FALSE,FALSE,FALSE,FALSE,91.3732059720961,0.213270420969147,0.00845044310725229,0.222730831469584,0.208517188286465,0.00845044310725229,FALSE,FALSE,FALSE,1,0.0927783784918181,"weak_effect",TRUE,FALSE,FALSE,TRUE,FALSE,FALSE,FALSE,109.979808144013,141.789104339484,78.0127824957349,98.0543286771632,123.15943585198,80.7227859276893,43.5294669627986,81.7045745663421,93.7407981846049,63.0389745711512,0.0508336306789962,0.0346902329738845,0.0418215310741171,9,91.3732059720961,FALSE,1.09025729278109,2.07312051779716,0.652219661680299
"RT4_ZT10_NormEVS_remainder_dataset","278153","Gpr89b",0.565196998271017,0.467499912394638,0.467499912394638,"upregulated",2.56064726602721,0.0104477373152374,0.153602462198572,0.0206523112586592,0.329421907718335,0.351171556700893,0.619882719403605,0.787752002972923,0.787752002972923,0.0339201556248525,1.46954216387819,0.070935763690539,1,TRUE,FALSE,FALSE,FALSE,"Weak CNH",FALSE,FALSE,FALSE,FALSE,94.225087180456,0.220724269902237,0.0206523112586592,0.351171556700893,0.329421907718335,0.0206523112586592,FALSE,FALSE,FALSE,1,0.070935763690539,"weak_effect",TRUE,FALSE,FALSE,TRUE,FALSE,FALSE,FALSE,111.725519384395,114.303831805984,97.8705816764675,110.613011167834,125.83681489224,67.2689882730744,48.9706503331484,73.9231865124047,134.563403845642,57.1748839133697,0.0634391854594263,0.0339792911441574,0.0461767303646983,10,94.225087180456,FALSE,0.813601822646416,1.68503133816193,0.454480667219508
"RT4_ZT10_NormEVS_remainder_dataset","279116","Rap1a",-0.597521270983919,-0.500535061378211,-0.500535061378211,"downregulated",-2.72298717765186,0.00646945687597396,0.114820678562788,0.0138549661928247,0.269531970229094,0.284809409645806,0.553867273622072,0.930191619934339,0.930191619934339,0.0339201556248525,1.46954216387819,0.0863175629545264,1,TRUE,FALSE,FALSE,FALSE,"Weak CNH",FALSE,FALSE,FALSE,FALSE,45.3250236346951,0.219435947362479,0.0138549661928247,0.284809409645806,0.269531970229094,0.0138549661928247,FALSE,FALSE,FALSE,1,0.0863175629545264,"weak_effect",TRUE,FALSE,FALSE,TRUE,FALSE,FALSE,FALSE,35.7870804278139,37.5195783790634,34.0419414526843,40.5742049698606,30.7898589629949,40.3613929638447,56.5883070516382,55.7666143865509,52.9181925235673,68.9030652289328,1e-08,0.0639673236719952,0.0355695438290766,7,45.3250236346951,FALSE,0.939979890884149,1.85839452959215,0.545445666405467
"RT4_ZT10_NormEVS_remainder_dataset","294631","Mfn1",0.516270116769979,0.443301768647616,0.443301768647616,"upregulated",2.70380966042843,0.00685495431393625,0.119169447577274,0.0145387414576585,0.276355347751613,0.292741134350313,0.567760405365133,0.814555113390457,0.814555113390457,0.0339201556248525,1.46954216387819,0.0275262086903965,1,TRUE,FALSE,FALSE,FALSE,"Weak CNH",FALSE,FALSE,FALSE,FALSE,78.9072054995179,0.190941738364887,0.0145387414576585,0.292741134350313,0.276355347751613,0.0145387414576585,FALSE,FALSE,FALSE,1,0.0275262086903965,"weak_effect",TRUE,FALSE,FALSE,TRUE,FALSE,FALSE,FALSE,90.7769844998206,90.7450267772697,102.125824358053,70.5218324476149,112.449919690938,55.160570383921,60.9412537479181,67.4386964674569,84.6691080377076,54.242838584479,0.0185890871608906,0.0385957543789934,0.0292489276140924,8,78.9072054995179,FALSE,0.923835073868945,1.83747318643782,0.533516248641731
"RT4_ZT10_NormEVS_remainder_dataset","301054","S100a6",-0.607126031240065,-0.52993348570832,-0.52993348570832,"downregulated",-3.10233958011003,0.00191997576902742,0.0545124043979954,0.00504954849802419,0.155522425985202,0.166053760179336,0.422048593061318,1.21712338318574,1.21712338318574,0.0339201556248525,1.46954216387819,0.066696085264805,1,TRUE,FALSE,FALSE,FALSE,"Weak CNH",FALSE,FALSE,FALSE,FALSE,95.9953494855472,0.195699411867263,0.00504954849802419,0.166053760179336,0.155522425985202,0.00504954849802419,FALSE,FALSE,FALSE,1,0.066696085264805,"weak_effect",TRUE,FALSE,FALSE,TRUE,FALSE,FALSE,FALSE,88.1584176392489,83.3283659348967,68.0838829053687,54.5819662094554,87.0148188084638,141.264875373456,129.500164214326,106.345636737144,75.5974178908104,126.077949142302,0.0370955080731714,0.0335631689366282,0.035209953670646,9,95.9953494855472,FALSE,1.26350466196877,2.29674745229377,0.779751285638332
"RT4_ZT10_NormEVS_remainder_dataset","301535","Ctss",0.553865287587227,0.49642557847115,0.49642557847115,"upregulated",3.27293837824355,0.00106435679380691,0.0360030992661098,0.00309601088205791,0.114635828596919,0.121297459836926,0.275277201120962,1.24562983110917,1.24562983110917,0.0339201556248525,1.46954216387819,0.0225295652133993,1,TRUE,FALSE,FALSE,FALSE,"Weak CNH",FALSE,FALSE,FALSE,FALSE,676.142179791686,0.169225699838707,0.00309601088205791,0.121297459836926,0.114635828596919,0.00309601088205791,FALSE,FALSE,FALSE,1,0.0225295652133993,"weak_effect",TRUE,FALSE,FALSE,TRUE,FALSE,FALSE,FALSE,1033.89748211575,816.705240995427,676.583586372101,616.82452079181,875.502946165159,645.782287421515,467.941769850085,460.398793191293,703.055986384536,464.729184629185,0.0419461748294221,0.0228930698177482,0.0326674548729489,7,676.142179791686,FALSE,1.4436601121151,2.50919752150032,0.916148293860198
"RT4_ZT10_NormEVS_remainder_dataset","305452","Ppa2",0.49150748677246,0.429304088381946,0.429304088381946,"upregulated",2.77575878641019,0.00550730509676876,0.104663471144596,0.0121177671254022,0.251405462609769,0.266617112509216,0.512765310561794,0.822794512603432,0.822794512603432,0.0339201556248525,1.46954216387819,0.0137029323424475,1,TRUE,FALSE,FALSE,FALSE,"Weak CNH",FALSE,FALSE,FALSE,FALSE,102.546569100747,0.177071397262192,0.0121177671254022,0.266617112509216,0.251405462609769,0.0121177671254022,FALSE,FALSE,FALSE,1,0.0137029323424475,"weak_effect",TRUE,FALSE,FALSE,TRUE,FALSE,FALSE,FALSE,130.491915218492,120.84794431396,129.075694674761,93.2240661807512,127.17550441237,69.9597478039974,102.294247362577,63.5480024404883,87.69300475334,101.155563846731,0.0201394037276503,0.0321706289287471,0.0265718867967233,9,102.546569100747,FALSE,0.980204866061617,1.91657739786396,0.574111979341455
"RT4_ZT10_NormEVS_remainder_dataset","318592","Micu1",0.595476409781011,0.49025174231847,0.49025174231847,"upregulated",2.59638555531559,0.00942102843467441,0.144267575502534,0.0189465547877634,0.316087547553032,0.33580239420015,0.619882719403605,0.844443796005833,0.844443796005833,0.0339201556248525,1.46954216387819,0.0942345534735861,1,TRUE,FALSE,FALSE,FALSE,"Weak CNH",FALSE,FALSE,FALSE,FALSE,47.4311678674673,0.229348221631371,0.0189465547877634,0.33580239420015,0.316087547553032,0.0189465547877634,FALSE,FALSE,FALSE,1,0.0942345534735861,"weak_effect",TRUE,FALSE,FALSE,TRUE,FALSE,FALSE,FALSE,53.2441928316256,57.5881900701904,60.9918117693928,52.6498612108906,62.91840744612,26.9075953092298,53.3235970294283,32.4224502247389,31.7509155141404,42.514657268916,0.004250798151186,0.0610694279869196,0.0388423576606115,6,47.4311678674673,FALSE,0.840831266707386,1.72246974995405,0.473916211758997
"RT4_ZT10_NormEVS_remainder_dataset","321518","Ubac1",0.539223264083755,0.451755087772535,0.451755087772535,"upregulated",2.56054960186684,0.0104506743812787,0.153602462198572,0.0206571503941702,0.329458071641816,0.351171556700893,0.619882719403605,0.761175514187532,0.761175514187532,0.0339201556248525,1.46954216387819,0.050555558740396,1,TRUE,FALSE,FALSE,FALSE,"Weak CNH",FALSE,FALSE,FALSE,FALSE,107.201163322445,0.210588876579708,0.0206571503941702,0.351171556700893,0.329458071641816,0.0206571503941702,FALSE,FALSE,FALSE,1,0.050555558740396,"weak_effect",TRUE,FALSE,FALSE,TRUE,FALSE,FALSE,FALSE,184.172535860213,119.539121812365,109.217895494029,99.0203811764456,123.15943585198,65.9236085076129,124.058980843976,90.782860629269,72.5735211751779,83.5632918733865,0.0558901124636291,0.0313033476200446,0.0425651881454222,9,107.201163322445,FALSE,0.813601822646416,1.68492958859778,0.454480667219508
"RT4_ZT10_NormEVS_remainder_dataset","323352","Rbm18",-0.584836939061212,-0.477119936603505,-0.477119936603505,"downregulated",-2.53725928649914,0.0111724171869769,0.1594588130004,0.0218397577349301,0.338033917656693,0.360546806961396,0.619882719403605,0.792377976506798,0.792377976506798,0.0339201556248525,1.46954216387819,0.0899043546161987,1,TRUE,FALSE,FALSE,FALSE,"Weak CNH",FALSE,FALSE,FALSE,FALSE,49.8299554109064,0.230499477200913,0.0218397577349301,0.360546806961396,0.338033917656693,0.0218397577349301,FALSE,FALSE,FALSE,1,0.0899043546161987,"weak_effect",TRUE,FALSE,FALSE,TRUE,FALSE,FALSE,FALSE,40.1513585287668,27.4852725334999,36.8787699070747,49.2686774634022,45.5154436844272,56.5059501493825,46.7941769850085,57.0635123955405,75.5974178908104,63.0389745711512,0.0274294418581572,0.058119569926909,0.0431685627670585,9,49.8299554109064,FALSE,0.797351473086604,1.6607521835024,0.44303834624142
"RT4_ZT10_NormEVS_remainder_dataset","330839","Tcp11l1",-0.572995922381178,-0.461383384992684,-0.461383384992684,"downregulated",-2.42956946318958,0.0151167678876398,0.186045554229195,0.028105219415129,0.376809067144069,0.399107213131458,0.644401459538499,0.715703913946172,0.715703913946172,0.0339201556248525,1.46954216387819,0.0889000359293145,1,TRUE,FALSE,FALSE,FALSE,"Weak CNH",FALSE,FALSE,FALSE,FALSE,46.7504165365563,0.235842576663332,0.028105219415129,0.399107213131458,0.376809067144069,0.028105219415129,FALSE,FALSE,FALSE,1,0.0889000359293145,"weak_effect",TRUE,FALSE,FALSE,TRUE,FALSE,FALSE,FALSE,47.5706313003868,42.3185942182459,29.7866987710988,29.9476274777543,36.1446170435157,64.5782287421515,41.3529936146587,68.7355944764465,49.8942958079348,57.1748839133697,0.026584457469532,0.0619723242677034,0.0450534503833591,8,46.7504165365563,FALSE,0.730380703480649,1.55121301985662,0.398910423068192
"RT4_ZT10_NormEVS_remainder_dataset","336560","Ncoa6",-0.592743767185018,-0.498983275529312,-0.498983275529312,"downregulated",-2.74524827170549,0.0060465135234443,0.110552159757526,0.0130969860842312,0.261755068287033,0.277351261344085,0.553867273622072,0.939499999019124,0.939499999019124,0.0339201556248525,1.46954216387819,0.0800482935142638,1,TRUE,FALSE,FALSE,FALSE,"Weak CNH",FALSE,FALSE,FALSE,FALSE,67.9854342906833,0.215916270048965,0.0130969860842312,0.277351261344085,0.261755068287033,0.0130969860842312,FALSE,FALSE,FALSE,1,0.0800482935142638,"weak_effect",TRUE,FALSE,FALSE,TRUE,FALSE,FALSE,FALSE,52.371337211435,59.7695609061824,55.318154860612,61.8273599540733,40.1606856039064,91.4858240513812,103.382484036647,57.0635123955405,101.300539973686,57.1748839133697,0.0374364133373163,0.0435690759077863,0.0409171568692754,7,67.9854342906833,FALSE,0.956432768584014,1.88282863393071,0.556969854686786
"RT4_ZT10_NormEVS_remainder_dataset","345830","Klhl23",-0.551513820400456,-0.502172410756076,-0.502172410756076,"downregulated",-3.54131234962952,0.000398141948827792,0.0191469575969287,0.00137144674681977,0.0711020358658342,0.0762718154332002,0.163474782455607,1.43762974892273,1.43762974892273,0.0339201556248525,1.46954216387819,0.0134485405463361,1,TRUE,FALSE,FALSE,FALSE,"Weak CNH",FALSE,FALSE,FALSE,FALSE,231.231770303026,0.155737129614719,0.00137144674681977,0.0762718154332002,0.0711020358658342,0.00137144674681977,FALSE,FALSE,FALSE,1,0.0134485405463361,"weak_effect",TRUE,FALSE,FALSE,TRUE,FALSE,FALSE,FALSE,178.93540213907,168.838102705785,201.414820261716,173.40642362119,218.206391781225,351.144118785449,210.029678095503,237.332335645089,331.116690361749,241.893739633487,0.0266448178113516,0.0226150720086658,0.0245829962936757,9,231.231770303026,FALSE,1.71790022450662,2.86282105135609,1.11763591634581
"RT4_ZT10_NormEVS_remainder_dataset","346112","Dync1i2",-0.508791457698267,-0.458926151845565,-0.458926151845565,"downregulated",-3.23425771515041,0.00121959350099054,0.0393704087709411,0.00346585503169439,0.122667065268819,0.129587106322028,0.339657336560597,1.12904534902545,1.12904534902545,0.0339201556248525,1.46954216387819,0.00774359622557464,1,TRUE,FALSE,FALSE,FALSE,"Weak CNH",FALSE,FALSE,FALSE,FALSE,147.335400622492,0.15731320831822,0.00346585503169439,0.129587106322028,0.122667065268819,0.00346585503169439,FALSE,FALSE,FALSE,1,0.00774359622557464,"weak_effect",TRUE,FALSE,FALSE,TRUE,FALSE,FALSE,FALSE,100.378396321917,115.176380140381,133.330937356347,137.1794548981,124.49812537211,200.461585053762,161.059027762355,186.753313294496,122.467816983113,192.048969042345,0.0187156590281317,0.0264509917958562,0.0226903887690927,9,147.335400622492,FALSE,1.40483007603927,2.46018960672651,0.887438207815448
"RT4_ZT10_NormEVS_remainder_dataset","347350","Fam171b",0.530902794935384,0.479137963570701,0.479137963570701,"upregulated",3.30387930892319,0.00095356874589292,0.0335678558413587,0.00282648131619889,0.108592881237302,0.115160774860184,0.275277201120962,1.22120474418412,1.22120474418412,0.0339201556248525,1.46954216387819,0.0123034266440582,1,TRUE,FALSE,FALSE,FALSE,"Weak CNH",FALSE,FALSE,FALSE,FALSE,182.072875658709,0.160690735131126,0.00282648131619889,0.115160774860184,0.108592881237302,0.00282648131619889,FALSE,FALSE,FALSE,1,0.0123034266440582,"weak_effect",TRUE,FALSE,FALSE,TRUE,FALSE,FALSE,FALSE,205.121070744787,262.200774486246,241.130418623181,149.738137388771,219.545081301355,133.192596780687,156.706081066075,150.440169042789,166.314319359783,136.34010779342,0.0250204807362805,0.0242820912485535,0.0246779776884659,9,182.072875658709,FALSE,1.47407639857939,2.54875388099761,0.938695421630272
"RT4_ZT10_NormEVS_remainder_dataset","353181","Atrn",-0.594688696575832,-0.559824141252476,-0.559824141252476,"downregulated",-4.50923732048399,6.50610965828895e-06,0.000993630537907869,4.59368181193742e-05,0.0076351158437095,0.00812439431882532,0.0205966641443021,2.42842704352857,2.42842704352857,0.0339201556248525,1.46954216387819,0.0086647809115682,1,TRUE,FALSE,FALSE,TRUE,"Weak CNH",TRUE,FALSE,FALSE,TRUE,277.032317540667,0.131882323840964,4.59368181193742e-05,0.00812439431882532,0.0076351158437095,4.59368181193742e-05,TRUE,FALSE,FALSE,1,0.0086647809115682,"weak_effect",TRUE,FALSE,TRUE,TRUE,FALSE,FALSE,FALSE,211.667487896216,192.833181901698,191.485920671349,276.291014794765,230.254597462397,324.236523476219,380.882835924488,321.63070622941,302.389671563241,338.651235486882,0.013380285140415,0.0218182535244893,0.0171257083065247,9,277.032317540667,FALSE,3.00277506950136,4.33783909013915,2.090209006201
"RT4_ZT10_NormEVS_remainder_dataset","356765","Kif3b",-0.53864399632183,-0.452861319875729,-0.452861319875729,"downregulated",-2.61473952355448,0.00892955253272145,0.13935752734841,0.0181194073569504,0.309170693777515,0.327281795384916,0.619882719403605,0.788819212253912,0.788819212253912,0.0339201556248525,1.46954216387819,0.0464944724409731,1,TRUE,FALSE,FALSE,FALSE,"Weak CNH",FALSE,FALSE,FALSE,FALSE,99.290035406408,0.206002927431026,0.0181194073569504,0.327281795384916,0.309170693777515,0.0181194073569504,FALSE,FALSE,FALSE,1,0.0464944724409731,"weak_effect",TRUE,FALSE,FALSE,TRUE,FALSE,FALSE,FALSE,62.4091768436267,57.5881900701904,95.0337532220771,106.748801170705,85.6761292883336,111.666520533304,126.235454192116,112.830126782091,149.682887423805,85.0293145378319,0.0485002785630422,0.0328354868103528,0.0404595326447216,11,99.290035406408,FALSE,0.855869568051596,1.7418560111744,0.485078151073776
"RT4_ZT10_NormEVS_remainder_dataset","360592","Tpd52l2",0.512218313151315,0.424231937467856,0.424231937467856,"upregulated",2.42732824399903,0.0152104870834995,0.186365811989567,0.0282505841791443,0.37761592915412,0.399525388808681,0.644401459538499,0.657123633268606,0.657123633268606,0.0339201556248525,1.46954216387819,0.0412183637700896,1,TRUE,FALSE,FALSE,FALSE,"Weak CNH",FALSE,FALSE,FALSE,FALSE,84.0720120978454,0.2110214448407,0.0282505841791443,0.399525388808681,0.37761592915412,0.0282505841791443,FALSE,FALSE,FALSE,1,0.0412183637700896,"weak_effect",TRUE,FALSE,FALSE,TRUE,FALSE,FALSE,FALSE,123.509070256968,106.014622629214,75.1759540413446,81.6314361893624,105.756472090287,98.2127228786887,46.7941769850085,73.9231865124047,71.0615728173617,58.6409065778151,0.0429007528888613,0.0367966796954163,0.039931556665171,9,84.0720120978454,FALSE,0.72963375413904,1.54897256720186,0.398455617178123
"RT4_ZT10_NormEVS_remainder_dataset","361358","Htr5a",0.535352417050941,0.437006198354871,0.437006198354871,"upregulated",2.39737907616612,0.0165128304061554,0.195435613886244,0.0302561125673508,0.388271001381452,0.412224850369924,0.644401459538499,0.663894079833979,0.663894079833979,0.0339201556248525,1.46954216387819,0.0595750263793482,1,TRUE,FALSE,FALSE,FALSE,"Weak CNH",FALSE,FALSE,FALSE,FALSE,51.9618605698759,0.223307370274991,0.0302561125673508,0.412224850369924,0.388271001381452,0.0302561125673508,FALSE,FALSE,FALSE,1,0.0595750263793482,"weak_effect",TRUE,FALSE,FALSE,TRUE,FALSE,FALSE,FALSE,74.6291555262949,67.6224959157538,46.807669497441,62.7934124533557,53.5475808052085,43.0521524947676,43.5294669627986,54.4697163775614,43.84650237667,29.3204532889076,0.016443914787796,0.0557677045591457,0.0382677991255801,9,51.9618605698759,FALSE,0.708996292690249,1.51918687271082,0.384865830962377
"RT4_ZT10_NormEVS_remainder_dataset","377161","Tmem121b",-0.53575140682618,-0.455827904466109,-0.455827904466109,"downregulated",-2.68961494021722,0.00715345076616832,0.122451603954531,0.0150638479713094,0.281389795150517,0.298422117270336,0.567760405365133,0.830547649563422,0.830547649563422,0.0339201556248525,1.46954216387819,0.0398015027408823,1,TRUE,FALSE,FALSE,FALSE,"Weak CNH",FALSE,FALSE,FALSE,FALSE,70.7556438020667,0.199192605162623,0.0150638479713094,0.298422117270336,0.281389795150517,0.0150638479713094,FALSE,FALSE,FALSE,1,0.0398015027408823,"weak_effect",TRUE,FALSE,FALSE,TRUE,FALSE,FALSE,FALSE,54.9899040720067,59.7695609061824,51.0629121790265,56.5140712080202,66.9344760065106,96.8673431132272,66.3824371182679,116.72082080906,65.0137793860969,73.3011332222689,0.0217122631173332,0.0421259792560508,0.0331672388814208,7,70.7556438020667,FALSE,0.912035521817015,1.82206407599422,0.525168992685612
"RT4_ZT10_NormEVS_remainder_dataset","385733","LOC685467",-0.458073923467665,-0.400489483989292,-0.400489483989292,"downregulated",-2.69003369475032,0.00714448049261707,0.122451603954531,0.0150481209548539,0.281241540993629,0.298422117270336,0.567760405365133,0.729899183903655,0.729899183903655,0.0339201556248525,1.46954216387819,0.00667293820037632,1,TRUE,FALSE,FALSE,FALSE,"Weak CNH",FALSE,FALSE,FALSE,FALSE,160.519632342836,0.170285570906271,0.0150481209548539,0.298422117270336,0.281241540993629,0.0150481209548539,FALSE,FALSE,FALSE,1,0.00667293820037632,"weak_effect",TRUE,FALSE,FALSE,TRUE,FALSE,FALSE,FALSE,98.1962572714406,131.318524326722,180.138606853788,131.866166152047,140.562399613672,192.389306460993,169.764921154915,228.254049582162,142.123145634723,190.582946377899,0.0312439120865281,0.025485284824441,0.0283094256255574,9,160.519632342836,FALSE,0.912035521817015,1.82251772664066,0.525168992685612
"RT4_ZT10_NormEVS_remainder_dataset","389355","Cul1",-0.437477883743205,-0.370588965886329,-0.370588965886329,"downregulated",-2.36336681534815,0.0181097346869257,0.204520427569227,0.0326809275844284,0.400320246830546,0.423644847552234,0.691388699176155,0.550586111314529,0.550586111314529,0.0339201556248525,1.46954216387819,0.0094073312052599,1,TRUE,FALSE,FALSE,FALSE,"Weak CNH",FALSE,FALSE,FALSE,FALSE,120.549411881558,0.185107906611086,0.0326809275844284,0.423644847552234,0.400320246830546,0.0326809275844284,FALSE,FALSE,FALSE,1,0.0094073312052599,"weak_effect",TRUE,FALSE,FALSE,TRUE,FALSE,FALSE,FALSE,91.2134123099159,104.26952596042,113.473138175614,76.3181474433093,131.191572972761,174.899369509994,120.794270821766,132.283596916935,99.7885916158697,161.262493088992,0.0361151482288651,0.029253040346725,0.0324935063176529,9,120.549411881558,FALSE,0.689263308011011,1.48570562536234,0.372998071195586
"RT4_ZT10_NormEVS_remainder_dataset","397036","Cpne9",0.476595650606079,0.419382484032468,0.419382484032468,"upregulated",2.79460620781789,0.0051962968978858,0.101950287610786,0.0115458108945772,0.245213852676217,0.262370809089073,0.512765310561794,0.812585251336645,0.812585251336645,0.0339201556248525,1.46954216387819,0.00872586095005204,1,TRUE,FALSE,FALSE,FALSE,"Weak CNH",FALSE,FALSE,FALSE,FALSE,81.9315877933145,0.170541255248345,0.0115458108945772,0.262370809089073,0.245213852676217,0.0115458108945772,FALSE,FALSE,FALSE,1,0.00872586095005204,"weak_effect",TRUE,FALSE,FALSE,TRUE,FALSE,FALSE,FALSE,103.869818802679,86.818559272484,85.1048536317108,99.5034074260868,101.740403529896,79.3774061622278,78.3530405330375,59.6573084135196,57.4540375970159,67.4370425644874,1e-08,0.0375072411083459,0.0212924287590025,7,81.9315877933145,FALSE,0.991611544700935,1.93757555996004,0.581084485442514
"RT4_ZT10_NormEVS_remainder_dataset","402513","Tmem68",0.619928050661531,0.561931947648618,0.561931947648618,"upregulated",3.62527173545499,0.000288657767687177,0.015343715776635,0.00105111489595355,0.0607533408116714,0.0647133769902231,0.1563417140692,1.6736299090807,1.6736299090807,0.0339201556248525,1.46954216387819,0.0477561851243629,1,TRUE,FALSE,FALSE,TRUE,"Weak CNH",TRUE,FALSE,FALSE,TRUE,97.9298063323498,0.171001816111786,0.00105111489595355,0.0647133769902231,0.0607533408116714,0.00105111489595355,TRUE,FALSE,FALSE,1,0.0477561851243629,"weak_effect",TRUE,FALSE,TRUE,TRUE,FALSE,FALSE,FALSE,145.330460761732,111.686186802793,99.2889959036626,120.273536160658,113.788609211068,76.6866466313049,70.7353838145477,81.7045745663421,96.7646949002373,63.0389745711512,0.0127887529309219,0.0331288509510979,0.0233038771810535,7,97.9298063323498,FALSE,1.81406945486725,2.97834980923214,1.18900593644804
"RT4_ZT10_NormEVS_remainder_dataset","419677","Ski",-0.691853384934595,-0.629398291721407,-0.629398291721407,"downregulated",-3.89339003939584,9.8853021303642e-05,0.00705917080413786,0.000433507755585705,0.0337113268186001,0.0358556162153631,0.115756705227288,2.11666842410508,2.11666842410508,0.0339201556248525,1.46954216387819,0.0979280967514299,1,TRUE,FALSE,FALSE,TRUE,"Weak CNH",TRUE,FALSE,FALSE,TRUE,80.318552254737,0.177699479870749,0.000433507755585705,0.0358556162153631,0.0337113268186001,0.000433507755585705,TRUE,FALSE,FALSE,1,0.0979280967514299,"weak_effect",TRUE,FALSE,TRUE,TRUE,FALSE,FALSE,FALSE,45.3884922499103,63.6960284109681,69.5022971325638,66.1745962008441,65.5957864863804,95.5219633477657,111.000140755136,106.345636737144,84.6691080377076,95.2914731889496,0.0118219850433726,0.038074841956562,0.0251212015872645,7,80.318552254737,FALSE,2.15124630976077,3.36300312845779,1.44544280930416
"RT4_ZT10_NormEVS_remainder_dataset","420196","Stau2",-0.452245584213657,-0.387782228488689,-0.387782228488689,"downregulated",-2.49875882641015,0.0124629095439143,0.168790452437343,0.0239240318396365,0.35197641892528,0.374565864971747,0.619882719403605,0.628659220080808,0.628659220080808,0.0339201556248525,1.46954216387819,0.00966802678004593,1,TRUE,FALSE,FALSE,FALSE,"Weak CNH",FALSE,FALSE,FALSE,FALSE,170.75442470864,0.180988088739791,0.0239240318396365,0.374565864971747,0.35197641892528,0.0239240318396365,FALSE,FALSE,FALSE,1,0.00966802678004593,"weak_effect",TRUE,FALSE,FALSE,TRUE,FALSE,FALSE,FALSE,95.5776904108689,138.298911001897,148.933493855494,207.701287345715,129.852883452631,223.333041066607,180.647287895614,191.940905330454,187.48159636921,203.777150357908,0.0410120354242305,0.0248643868886121,0.0332250317475539,11,170.75442470864,FALSE,0.772652122704716,1.62116562827259,0.426471803388681
"RT4_ZT10_NormEVS_remainder_dataset","425522","Tmeff1",-0.360330273268493,-0.317939776175359,-0.317939776175359,"downregulated",-2.37455521501813,0.0175701081330182,0.201756590900479,0.0318655305655651,0.396225163980284,0.419891364212376,0.644401459538499,0.475853737322621,0.475853737322621,0.0339201556248525,1.46954216387819,0.000314681776831793,1,TRUE,FALSE,FALSE,FALSE,"Weak CNH",FALSE,FALSE,FALSE,FALSE,122.56327131265,0.151746428547774,0.0318655305655651,0.419891364212376,0.396225163980284,0.0318655305655651,FALSE,FALSE,FALSE,1,0.000314681776831793,"weak_effect",TRUE,FALSE,FALSE,TRUE,FALSE,FALSE,FALSE,100.814824132012,88.999930108476,102.125824358053,123.171693658505,123.15943585198,121.084178891534,129.500164214326,158.221557096726,145.147042350356,133.408062464529,0.00999080633645634,0.0289898692612484,0.0192674731941956,9,122.56327131265,FALSE,0.695172269022475,1.49667884605972,0.376863057282706
"RT4_ZT10_NormEVS_remainder_dataset","425834","Slc44a1",0.471319566429951,0.401776600302911,0.401776600302911,"upregulated",2.50041165279575,0.0124049069273849,0.168543030764193,0.0238311305634042,0.351384403649471,0.374304170262165,0.619882719403605,0.652025306901069,0.652025306901069,0.0339201556248525,1.46954216387819,0.0156609540187306,1,TRUE,FALSE,FALSE,FALSE,"Weak CNH",FALSE,FALSE,FALSE,FALSE,68.9663246201931,0.188496788479993,0.0238311305634042,0.374304170262165,0.351384403649471,0.0238311305634042,FALSE,FALSE,FALSE,1,0.0156609540187306,"weak_effect",TRUE,FALSE,FALSE,TRUE,FALSE,FALSE,FALSE,75.0655833363901,87.2548334396824,65.2470544509783,81.6314361893624,91.0308873688545,73.9958871003819,58.7647803997781,49.2821243416032,60.4779343126483,46.9127252622521,0.00285502897237397,0.0430417199521587,0.0264571557118323,6,68.9663246201931,FALSE,0.773289200800856,1.62285535396907,0.426775334222054
"RT4_ZT10_NormEVS_remainder_dataset","440436","Fosl2",-0.537770556261396,-0.449901114668368,-0.449901114668368,"downregulated",-2.57022002424683,0.0101633941824793,0.151288252787603,0.0201827639931114,0.32586951941773,0.347431317231771,0.619882719403605,0.762591098629877,0.762591098629877,0.0339201556248525,1.46954216387819,0.0489695646766372,1,TRUE,FALSE,FALSE,FALSE,"Weak CNH",FALSE,FALSE,FALSE,FALSE,53.5621482040267,0.209231330854246,0.0201827639931114,0.347431317231771,0.32586951941773,0.0201827639931114,FALSE,FALSE,FALSE,1,0.0489695646766372,"weak_effect",TRUE,FALSE,FALSE,TRUE,FALSE,FALSE,FALSE,42.3334975792433,48.4264325590237,48.2260837246361,42.9893362180666,36.1446170435157,82.0681656931508,68.5589104664078,47.9852263326136,52.9181925235673,65.971019900042,0.00515058821566881,0.0541482569189213,0.033654485122488,8,53.5621482040267,FALSE,0.820194792714331,1.69501935818052,0.459131037103831
"RT4_ZT10_NormEVS_remainder_dataset","440779","Dpysl5",0.544676388400174,0.471990674445245,0.471990674445245,"upregulated",2.85003450027198,0.00437144870849993,0.0905069646285935,0.0100001068795204,0.226914155712374,0.239780534224001,0.50179016362415,0.94397915805431,0.94397915805431,0.0339201556248525,1.46954216387819,0.0365002167062754,1,TRUE,FALSE,FALSE,FALSE,"Weak CNH",FALSE,FALSE,FALSE,FALSE,81.3831229670953,0.191112208763857,0.0100001068795204,0.239780534224001,0.226914155712374,0.0100001068795204,FALSE,FALSE,FALSE,1,0.0365002167062754,"weak_effect",TRUE,FALSE,FALSE,TRUE,FALSE,FALSE,FALSE,125.691209307444,107.759719298008,73.7575398141494,82.1144624390036,91.0308873688545,68.6143680385359,69.6471471404778,67.4386964674569,55.9420892391997,71.8351105578235,0.0225020848997782,0.0376970266562479,0.0299306673850726,9,81.3831229670953,FALSE,1.0433179999839,1.99999535830621,0.620186076542603
"RT4_ZT10_NormEVS_remainder_dataset","446816","Sptb",-0.590252520081575,-0.531538332172027,-0.531538332172027,"downregulated",-3.46317528425275,0.000533840505876839,0.0229659701605312,0.00174821421396332,0.0822766385124496,0.0871092944543791,0.211920174894864,1.46566664247049,1.46566664247049,0.0339201556248525,1.46954216387819,0.0350558187655538,1,TRUE,FALSE,FALSE,FALSE,"Weak CNH",FALSE,FALSE,FALSE,FALSE,164.767634611958,0.170436801961912,0.00174821421396332,0.0871092944543791,0.0822766385124496,0.00174821421396332,FALSE,FALSE,FALSE,1,0.0350558187655538,"weak_effect",TRUE,FALSE,FALSE,TRUE,FALSE,FALSE,FALSE,161.478289735258,103.396977626024,130.494108901957,111.579063667117,152.610605294844,208.533863646531,165.411974458635,238.629233654078,152.706784139437,222.835444995697,0.0318240967182275,0.0252154704069683,0.0285354562186229,10,164.767634611958,FALSE,1.63891520378554,2.75740535302757,1.05993550383395
"RT4_ZT10_NormEVS_remainder_dataset","450660","Ppp1r13b",0.490553757295743,0.45984541322633,0.45984541322633,"upregulated",3.95918081338281,7.52072835812351e-05,0.00573766646573531,0.000345891660410214,0.0288689975845023,0.0305641317912838,0.0772402238871649,1.59155252399885,1.59155252399885,0.0339201556248525,1.46954216387819,0.00044119841856233,1,TRUE,FALSE,FALSE,TRUE,"Weak CNH",TRUE,FALSE,FALSE,TRUE,193.931074281734,0.123902842637945,0.000345891660410214,0.0305641317912838,0.0288689975845023,0.000345891660410214,TRUE,FALSE,FALSE,1,0.00044119841856233,"weak_effect",TRUE,FALSE,TRUE,TRUE,FALSE,FALSE,FALSE,238.726012122124,221.191002769595,243.967247077571,201.42194610038,228.915907942266,173.553989744532,145.823714325375,171.190537186621,170.850164433231,143.670221115647,0.0029005102971777,0.0237680261028514,0.0125880491422418,9,193.931074281734,FALSE,2.24126470117555,3.46105990887748,1.51478793632471
"RT4_ZT10_NormEVS_remainder_dataset","469065","Rab5b",0.616460113984779,0.559627313646462,0.559627313646462,"upregulated",3.64696903970438,0.000265351882169416,0.014617787192029,0.000980423128644325,0.0581881479233252,0.0625362640920433,0.1563417140692,1.68368715405476,1.68368715405476,0.0339201556248525,1.46954216387819,0.0444165402916283,1,TRUE,FALSE,FALSE,TRUE,"Weak CNH",TRUE,FALSE,FALSE,TRUE,107.419784530568,0.169033547385077,0.000980423128644325,0.0625362640920433,0.0581881479233252,0.000980423128644325,TRUE,FALSE,FALSE,1,0.0444165402916283,"weak_effect",TRUE,FALSE,TRUE,TRUE,FALSE,FALSE,FALSE,114.780514055062,143.097926841079,107.799481266834,132.832218651329,151.271915774714,82.0681656931508,81.6177505552474,84.2983705843212,65.0137793860969,111.417722497849,0.0134536014944993,0.0312648122302525,0.0234847848512396,5,107.419784530568,FALSE,1.8351183649312,3.00858645208732,1.20386806701175
"RT4_ZT10_NormEVS_remainder_dataset","480924","Dgat1",0.592659354236861,0.506160500078926,0.506160500078926,"upregulated",2.85179289066185,0.00434734154023883,0.0905069646285935,0.0099542412279785,0.226342860089555,0.239780534224001,0.50179016362415,1.0133291903353,1.0133291903353,0.0339201556248525,1.46954216387819,0.0715102307277422,1,TRUE,FALSE,FALSE,FALSE,"Weak CNH",FALSE,FALSE,FALSE,FALSE,61.8141110174314,0.207819914334422,0.0099542412279785,0.239780534224001,0.226342860089555,0.0099542412279785,FALSE,FALSE,FALSE,1,0.0715102307277422,"weak_effect",TRUE,FALSE,FALSE,TRUE,FALSE,FALSE,FALSE,85.9762785887724,65.8773992469602,96.4521674492723,62.3103862037145,62.91840744612,48.4336715566136,59.8530170738481,44.0945323056449,43.84650237667,48.3787479266975,0.0178058096035114,0.0473652757726285,0.033165978266049,7,61.8141110174314,FALSE,1.0433179999839,2.00199183890739,0.620186076542603
"RT4_ZT10_NormEVS_remainder_dataset","481648","Pla2g6",0.533186583049592,0.43234841834791,0.43234841834791,"upregulated",2.36033592529932,0.0182583930863981,0.20543355913497,0.0329048672407699,0.401470510424885,0.424977951508682,0.691388699176155,0.641060232030593,0.641060232030593,0.0339201556248525,1.46954216387819,0.0610093124097447,1,TRUE,FALSE,FALSE,FALSE,"Weak CNH",FALSE,FALSE,FALSE,FALSE,45.9522033888475,0.225894364160041,0.0329048672407699,0.424977951508682,0.401470510424885,0.0329048672407699,FALSE,FALSE,FALSE,1,0.0610093124097447,"weak_effect",TRUE,FALSE,FALSE,TRUE,FALSE,FALSE,FALSE,55.8627596921973,62.8234800765713,42.5524268158554,49.7517037130434,60.2410284058596,39.0160131983832,35.9118102443089,47.9852263326136,28.7270187985079,36.6505666111344,0.00511848310647011,0.0630714788357564,0.0367441198967567,7,45.9522033888475,FALSE,0.68732860963534,1.4827398570815,0.371633601212056
"RT4_ZT10_NormEVS_remainder_dataset","482915","Cerk",0.391871121851381,0.339782386076804,0.339782386076804,"upregulated",2.35045375755252,0.0187505373526026,0.208744820654824,0.0336441658882587,0.405204191870976,0.429436360254087,0.691388699176155,0.500530114726649,0.500530114726649,0.0339201556248525,1.46954216387819,0.00197154462566007,1,TRUE,FALSE,FALSE,FALSE,"Weak CNH",FALSE,FALSE,FALSE,FALSE,145.125563149082,0.166721476903008,0.0336441658882587,0.429436360254087,0.405204191870976,0.0336441658882587,FALSE,FALSE,FALSE,1,0.00197154462566007,"weak_effect",TRUE,FALSE,FALSE,TRUE,FALSE,FALSE,FALSE,200.756792643834,166.656731869793,140.423008492323,132.832218651329,180.723085217579,134.537976546149,91.4118806218771,140.064984970872,143.63509399254,120.213858484521,0.0247256269937849,0.0266346402820675,0.0256831856572651,9,145.125563149082,FALSE,0.680384291360217,1.47309023432872,0.367101186753101
"RT4_ZT10_NormEVS_remainder_dataset","483228","Chkb",0.54961155445632,0.48991621329561,0.48991621329561,"upregulated",3.18230193669167,0.00146109411586645,0.0447162267004496,0.00402590540720116,0.134632022765178,0.142707599318754,0.339657336560597,1.17341617183851,1.17341617183851,0.0339201556248525,1.46954216387819,0.0236162336779461,1,TRUE,FALSE,FALSE,FALSE,"Weak CNH",FALSE,FALSE,FALSE,FALSE,137.043075001363,0.172708801801409,0.00402590540720116,0.142707599318754,0.134632022765178,0.00402590540720116,FALSE,FALSE,FALSE,1,0.0236162336779461,"weak_effect",TRUE,FALSE,FALSE,TRUE,FALSE,FALSE,FALSE,205.121070744787,163.166538532206,147.515079628299,125.586824906711,172.690948096797,145.301014669841,107.735430732927,111.533228773102,87.69300475334,104.087609175622,0.0274674943033439,0.0273695694459183,0.0274250487732222,4,137.043075001363,FALSE,1.34953485074578,2.39513643352416,0.845552899665127
"RT4_ZT10_NormEVS_remainder_dataset","494709","Ccn3",-0.420396463884496,-0.366673433055397,-0.366673433055397,"downregulated",-2.52325527459309,0.0116273960528078,0.163090818547276,0.0225788433109366,0.343140993464526,0.366268375507756,0.619882719403605,0.603653853258204,0.603653853258204,0.0339201556248525,1.46954216387819,0.00316625677382065,1,TRUE,FALSE,FALSE,FALSE,"Weak CNH",FALSE,FALSE,FALSE,FALSE,90.0902308237915,0.166608772452597,0.0225788433109366,0.366268375507756,0.343140993464526,0.0225788433109366,FALSE,FALSE,FALSE,1,0.00316625677382065,"weak_effect",TRUE,FALSE,FALSE,TRUE,FALSE,FALSE,FALSE,65.900599324389,70.2401409189443,85.1048536317108,92.2580136814688,72.2892340870315,119.738799126072,92.500117295947,95.9704526652272,102.812488331502,104.087609175622,0.00928985010583839,0.035028363311719,0.0219954523034086,7,90.0902308237915,FALSE,0.787570487558693,1.6462983102651,0.436200577746554
"RT4_ZT10_NormEVS_remainder_dataset","496176","Cyc1",0.369136500973939,0.340786615471638,0.340786615471638,"upregulated",3.0012405812175,0.00268882036731327,0.0678041155569437,0.00667810502776778,0.183833137897455,0.194962080138605,0.422048593061318,0.741329058113637,0.741329058113637,0.0339201556248525,1.46954216387819,1.09767252280379e-05,1,TRUE,FALSE,FALSE,FALSE,"Weak CNH",FALSE,FALSE,FALSE,FALSE,599.21809776843,0.122994638711767,0.00667810502776778,0.194962080138605,0.183833137897455,0.00667810502776778,FALSE,FALSE,FALSE,1,1.09767252280379e-05,"weak_effect",TRUE,FALSE,FALSE,TRUE,FALSE,FALSE,FALSE,633.693180258363,716.362182539792,748.922711959055,555.963213337019,725.569719910575,524.698108529981,478.824136590785,556.36924585652,600.243498053034,451.534980649176,0.0121997856025532,0.0222527288262141,0.0162903138943218,10,599.21809776843,FALSE,1.16874394463699,2.17534675499993,0.710049850114375
"RT4_ZT10_NormEVS_remainder_dataset","497813","Samm50",0.535296524843975,0.48386425237971,0.48386425237971,"upregulated",3.34180909585854,0.000832342855153976,0.0309162164885476,0.00252536640184231,0.101852272514621,0.108643827778032,0.223933176545152,1.25692236299053,1.25692236299053,0.0339201556248525,1.46954216387819,0.0127772368503401,1,TRUE,FALSE,FALSE,FALSE,"Weak CNH",FALSE,FALSE,FALSE,FALSE,119.437114715665,0.160181658942565,0.00252536640184231,0.108643827778032,0.101852272514621,0.00252536640184231,FALSE,FALSE,FALSE,1,0.0127772368503401,"weak_effect",TRUE,FALSE,FALSE,TRUE,FALSE,FALSE,FALSE,157.986867254496,143.970475175476,131.912523129152,125.10379865707,145.917157694193,122.429558656995,70.7353838145477,99.8611466921958,96.7646949002373,99.6895411822857,0.0116656700849756,0.0294029981323473,0.0212405202924578,6,119.437114715665,FALSE,1.5098136602481,2.59767560180116,0.963994941576164
"RT4_ZT10_NormEVS_remainder_dataset","500671","Myg1",0.697520952990642,0.640901897027269,0.640901897027269,"upregulated",4.08407996201837,4.42517920885285e-05,0.00391056774335667,0.000223250775718498,0.0215269437648762,0.0228506471063537,0.0548454399504614,2.34006550774603,2.34006550774603,0.0339201556248525,1.46954216387819,0.0932508400250322,1,TRUE,FALSE,FALSE,TRUE,"Weak CNH",TRUE,FALSE,FALSE,TRUE,177.474307373788,0.170790229250537,0.000223250775718498,0.0228506471063537,0.0215269437648762,0.000223250775718498,TRUE,FALSE,FALSE,1,0.0932508400250322,"weak_effect",TRUE,FALSE,TRUE,TRUE,FALSE,FALSE,FALSE,264.038825107651,239.950791959126,204.251648716106,150.704189888054,238.286734583178,117.04803959515,116.441324125486,167.299843159653,133.051455487826,143.670221115647,0.0318106261802278,0.0245068062994405,0.0282870526764259,8,177.474307373788,FALSE,2.40776018636181,3.6512070234151,1.64110149665587
"RT4_ZT10_NormEVS_remainder_dataset","518017","Ppan",0.578543554437239,0.522888999603515,0.522888999603515,"upregulated",3.46385919109275,0.000532485162626763,0.0229542231994939,0.00174453929293161,0.0821707465362024,0.0871028612415957,0.211920174894864,1.44229479025145,1.44229479025145,0.0339201556248525,1.46954216387819,0.0280258166242575,1,TRUE,FALSE,FALSE,FALSE,"Weak CNH",FALSE,FALSE,FALSE,FALSE,105.200309872179,0.167022827003174,0.00174453929293161,0.0871028612415957,0.0821707465362024,0.00174453929293161,FALSE,FALSE,FALSE,1,0.0280258166242575,"weak_effect",TRUE,FALSE,FALSE,TRUE,FALSE,FALSE,FALSE,134.41976550935,135.681265998706,113.473138175614,123.171693658505,121.820746331849,119.738799126072,79.4412772071075,75.2200845213943,80.133262964259,68.9030652289328,0.00949114525928371,0.0316649414016406,0.0225918079216393,9,105.200309872179,FALSE,1.63913739973445,2.75831924432352,1.05996757862004
"RT4_ZT10_NormEVS_remainder_dataset","523213","Stoml1",0.523301076004202,0.432245025259326,0.432245025259326,"upregulated",2.44146551650365,0.0146277852538364,0.182874250137205,0.0273443903152262,0.372505105945528,0.394382844410169,0.644401459538499,0.675655925112713,0.675655925112713,0.0339201556248525,1.46954216387819,0.0476585209444197,1,TRUE,FALSE,FALSE,FALSE,"Weak CNH",FALSE,FALSE,FALSE,FALSE,74.9523403909067,0.214338917534091,0.0273443903152262,0.394382844410169,0.372505105945528,0.0273443903152262,FALSE,FALSE,FALSE,1,0.0476585209444197,"weak_effect",TRUE,FALSE,FALSE,TRUE,FALSE,FALSE,FALSE,109.979808144013,86.818559272484,70.920711359759,76.3181474433093,97.7243349695055,36.3252536674602,78.3530405330375,60.9542064225092,54.4301408813835,77.699201215605,0.0394880205901264,0.0401886569236777,0.03998822581058,5,74.9523403909067,FALSE,0.737847441656472,1.56313175543744,0.404081985059539
"RT4_ZT10_NormEVS_remainder_dataset","526197","Lysmd2",-0.450701573922313,-0.411742721677004,-0.411742721677004,"downregulated",-3.22250386245863,0.00127075452443225,0.0407121340010326,0.00358595538717932,0.125349071579147,0.133064945749335,0.339657336560597,1.00687364137525,1.00687364137525,0.0339201556248525,1.46954216387819,0.000820726482185663,1,TRUE,FALSE,FALSE,FALSE,"Weak CNH",FALSE,FALSE,FALSE,FALSE,173.984849962567,0.139860677646619,0.00358595538717932,0.133064945749335,0.125349071579147,0.00358595538717932,FALSE,FALSE,FALSE,1,0.000820726482185663,"weak_effect",TRUE,FALSE,FALSE,TRUE,FALSE,FALSE,FALSE,145.330460761732,124.338137651547,170.209707263422,156.983531133389,140.562399613672,196.425445757377,198.059074680734,195.831599357423,246.447582324042,165.660561082328,0.00999020915138402,0.0246879443598937,0.0175489932214608,9,173.984849962567,FALSE,1.39027613268366,2.44539511779179,0.875936338760645
"RT4_ZT10_NormEVS_remainder_dataset","529123","Abhd14b",0.577905367845437,0.470198259807542,0.470198259807542,"upregulated",2.48080646078943,0.0131085526149061,0.173265921048881,0.024953494032703,0.358366102591424,0.380976554354307,0.619882719403605,0.75366604292199,0.75366604292199,0.0339201556248525,1.46954216387819,0.0887845066645322,1,TRUE,FALSE,FALSE,FALSE,"Weak CNH",FALSE,FALSE,FALSE,FALSE,48.4006826323642,0.232950605772584,0.024953494032703,0.380976554354307,0.358366102591424,0.024953494032703,FALSE,FALSE,FALSE,1,0.0887845066645322,"weak_effect",TRUE,FALSE,FALSE,TRUE,FALSE,FALSE,FALSE,58.0448987426738,75.0391567581268,48.2260837246361,63.2764387029969,42.8380646441668,32.2891143710757,43.5294669627986,37.6100422606971,34.7748122297728,48.3787479266975,0.0220076499391534,0.0598353479285621,0.0417468632801822,7,48.4006826323642,FALSE,0.761286848456478,1.60286863509549,0.419101750381748
"RT4_ZT10_NormEVS_remainder_dataset","529140","Pcbp4",0.507698895487637,0.454921389036282,0.454921389036282,"upregulated",3.12198698061472,0.00179634882467847,0.0520474893751443,0.00477828204059239,0.15013976001981,0.160353139791191,0.422048593061318,1.05574890513196,1.05574890513196,0.0339201556248525,1.46954216387819,0.00965431654057119,1,TRUE,FALSE,FALSE,FALSE,"Weak CNH",FALSE,FALSE,FALSE,FALSE,311.228841339945,0.162620439687955,0.00477828204059239,0.160353139791191,0.15013976001981,0.00477828204059239,FALSE,FALSE,FALSE,1,0.00965431654057119,"weak_effect",TRUE,FALSE,FALSE,TRUE,FALSE,FALSE,FALSE,353.506526177186,309.754658710872,344.674657208429,442.452044671337,376.17175515659,266.385193561375,190.441417962244,360.537646499097,216.208615167718,252.155898284605,0.0343948601463564,0.0214944602163078,0.0280590910282405,10,311.228841339945,FALSE,1.28360021479549,2.32072821937101,0.794922531958561
"RT4_ZT10_NormEVS_remainder_dataset","529295","Cacna2d2",-0.496635981852231,-0.410330420883764,-0.410330420883764,"downregulated",-2.38264802812207,0.0171886198274563,0.200564332397104,0.0312866629023012,0.3934217823024,0.419358728134406,0.644401459538499,0.61739987513842,0.61739987513842,0.0339201556248525,1.46954216387819,0.034293068203656,1,TRUE,FALSE,FALSE,FALSE,"Weak CNH",FALSE,FALSE,FALSE,FALSE,67.39564112272,0.208438668234042,0.0312866629023012,0.419358728134406,0.3934217823024,0.0312866629023012,FALSE,FALSE,FALSE,1,0.034293068203656,"weak_effect",TRUE,FALSE,FALSE,TRUE,FALSE,FALSE,FALSE,38.4056472883857,54.0979967326031,51.0629121790265,76.8011736929505,58.9023388857294,76.6866466313049,71.8236204886177,85.5952685933107,74.0854695329942,86.4953372022773,0.0303202415418349,0.0438952875395621,0.0369551629094753,9,67.39564112272,FALSE,0.697746297738342,1.50464075709686,0.377414313559452
"RT4_ZT10_NormEVS_remainder_dataset","536504","Coa5",-0.43882154701965,-0.372134475704649,-0.372134475704649,"downregulated",-2.37102786889958,0.0177386935009886,0.202268790571219,0.0321206958336069,0.397441106879641,0.420236917396043,0.644401459538499,0.555676801655051,0.555676801655051,0.0339201556248525,1.46954216387819,0.00954383616665757,1,TRUE,FALSE,FALSE,FALSE,"Weak CNH",FALSE,FALSE,FALSE,FALSE,171.979675767009,0.185076503222762,0.0321206958336069,0.420236917396043,0.397441106879641,0.0321206958336069,FALSE,FALSE,FALSE,1,0.00954383616665757,"weak_effect",TRUE,FALSE,FALSE,TRUE,FALSE,FALSE,FALSE,106.488385663251,160.112619361817,188.649092216959,139.111559896665,139.223710093542,250.240636375837,180.647287895614,211.394375465298,125.491713698745,218.437377002361,0.0463145856393313,0.0247964405829173,0.0350425288040998,9,171.979675767009,FALSE,0.694071122312364,1.49321505512989,0.376505797915015
"RT4_ZT10_NormEVS_remainder_dataset","536625","Txndc9",0.565426761710601,0.45369670039926,0.45369670039926,"upregulated",2.3868759829512,0.016992222283597,0.19955041108129,0.0309878476773939,0.391949728383509,0.418250812195155,0.644401459538499,0.684541477682995,0.684541477682995,0.0339201556248525,1.46954216387819,0.0862837660973257,1,TRUE,FALSE,FALSE,FALSE,"Weak CNH",FALSE,FALSE,FALSE,FALSE,41.5763886169965,0.236889878548065,0.0309878476773939,0.418250812195155,0.391949728383509,0.0309878476773939,FALSE,FALSE,FALSE,1,0.0862837660973257,"weak_effect",TRUE,FALSE,FALSE,TRUE,FALSE,FALSE,FALSE,41.897069769148,50.1715292278174,58.1549833150024,57.9631499569437,40.1606856039064,32.2891143710757,32.647100222099,41.5007362876658,28.7270187985079,32.2524986177983,1e-08,0.0699937036534794,0.0399568894025041,8,41.5763886169965,FALSE,0.699947373216205,1.50880858750039,0.378563207014626
"RT4_ZT10_NormEVS_remainder_dataset","538812","Als2",0.58868666732595,0.516951150173431,0.516951150173431,"upregulated",3.10678252542132,0.00189135482149367,0.0539888888412641,0.00498701577459748,0.154300593702912,0.164880272547762,0.422048593061318,1.19010387633031,1.19010387633031,0.0339201556248525,1.46954216387819,0.0518073815781624,1,TRUE,FALSE,FALSE,FALSE,"Weak CNH",FALSE,FALSE,FALSE,FALSE,69.4548872987936,0.189484349969464,0.00498701577459748,0.164880272547762,0.154300593702912,0.00498701577459748,FALSE,FALSE,FALSE,1,0.0518073815781624,"weak_effect",TRUE,FALSE,FALSE,TRUE,FALSE,FALSE,FALSE,89.4677010695348,88.5636559412776,65.2470544509783,85.495646186492,85.6761292883336,69.9597478039974,45.7059403109385,46.688328323624,63.5018310282807,54.242838584479,0.00292216725963429,0.0427858914489292,0.0266299975677737,6,69.4548872987936,FALSE,1.26769561075942,2.30215925804797,0.782831303337703
"RT4_ZT10_NormEVS_remainder_dataset","552391","Zfand2b",0.629620376880894,0.57247826471873,0.57247826471873,"upregulated",3.70850544948179,0.000208486174423447,0.0124207395318733,0.000803167300784668,0.0511069650592823,0.0554207998420657,0.1563417140692,1.77193127932374,1.77193127932374,0.0339201556248525,1.46954216387819,0.0510273752981404,1,TRUE,FALSE,FALSE,TRUE,"Weak CNH",TRUE,FALSE,FALSE,TRUE,184.478253890736,0.169777390233813,0.000803167300784668,0.0554207998420657,0.0511069650592823,0.000803167300784668,TRUE,FALSE,FALSE,1,0.0510273752981404,"weak_effect",TRUE,FALSE,TRUE,TRUE,FALSE,FALSE,FALSE,288.915210283083,208.102777753642,182.975435308178,211.082471093203,226.238528902006,177.590129040917,118.617797473626,130.986698907945,184.457699653577,115.815790491185,0.0325723693018639,0.0241705043265197,0.0282434075512469,9,184.478253890736,FALSE,1.90585254545975,3.09519398119739,1.25632721069942
"RT4_ZT10_NormEVS_remainder_dataset","557920","Praf2",-0.410023540747615,-0.375221820430215,-0.375221820430215,"downregulated",-3.0675213796199,0.002158420199857,0.0590791312809616,0.00556467444970266,0.165178594382705,0.176372145395429,0.422048593061318,0.845960196819861,0.845960196819861,0.0339201556248525,1.46954216387819,0.000153926215614438,1,TRUE,FALSE,FALSE,FALSE,"Weak CNH",FALSE,FALSE,FALSE,FALSE,249.937371293684,0.133666074333416,0.00556467444970266,0.176372145395429,0.165178594382705,0.00556467444970266,FALSE,FALSE,FALSE,1,0.000153926215614438,"weak_effect",TRUE,FALSE,FALSE,TRUE,FALSE,FALSE,FALSE,212.976771326502,210.720422756833,239.712004395986,208.667339844997,202.142117539662,344.417219958141,224.176754858413,325.521400256379,252.495375755307,278.544306244622,0.0125085929610134,0.0222265572374383,0.0172940614592938,9,249.937371293684,FALSE,1.22856589932249,2.25456023812772,0.753570002289592
"RT4_ZT10_NormEVS_remainder_dataset","563658","Tceal6",0.500053976677588,0.432259954426638,0.432259954426638,"upregulated",2.70862216330019,0.00675632337012019,0.118035306719011,0.01436441193384,0.274644599365131,0.290660444114315,0.567760405365133,0.796530669520161,0.796530669520161,0.0339201556248525,1.46954216387819,0.0192219099117324,1,TRUE,FALSE,FALSE,FALSE,"Weak CNH",FALSE,FALSE,FALSE,FALSE,180.089734776244,0.18461562614858,0.01436441193384,0.290660444114315,0.274644599365131,0.01436441193384,FALSE,FALSE,FALSE,1,0.0192219099117324,"weak_effect",TRUE,FALSE,FALSE,TRUE,FALSE,FALSE,FALSE,239.598867742315,177.999860216952,222.691033669643,188.380237360067,226.238528902006,131.847217015226,138.206057606886,127.096004880977,238.887840534961,109.951699833403,0.0464295926903065,0.024377118848001,0.0345450463025865,12,180.089734776244,FALSE,0.927988067102928,1.84271214893524,0.536614067203643
"RT4_ZT10_NormEVS_remainder_dataset","564666","Klhl13",-0.628396163574867,-0.556819322835728,-0.556819322835728,"downregulated",-3.32879434398014,0.000872227845471906,0.0316440475266076,0.00262521121334491,0.104008828572523,0.1102023240578,0.223933176545152,1.43705921431042,1.43705921431042,0.0339201556248525,1.46954216387819,0.0710205856560749,1,TRUE,FALSE,FALSE,FALSE,"Weak CNH",FALSE,FALSE,FALSE,FALSE,96.4525726927238,0.188775904618821,0.00262521121334491,0.1102023240578,0.104008828572523,0.00262521121334491,FALSE,FALSE,FALSE,1,0.0710205856560749,"weak_effect",TRUE,FALSE,FALSE,TRUE,FALSE,FALSE,FALSE,57.1720431224832,72.8577859221348,97.8705816764675,96.1222236785984,56.2249598454689,121.084178891534,132.764874236536,119.314616827039,96.7646949002373,114.349767826739,0.0304832408740116,0.0334586417758186,0.0320679616985521,9,96.4525726927238,FALSE,1.49970797188591,2.58083574936277,0.957809246547436
"RT4_ZT10_NormEVS_remainder_dataset","567276","Ubl4a",-0.609688772595598,-0.527816830424526,-0.527816830424526,"downregulated",-3.02061730543978,0.0025225997188527,0.0652461188257889,0.00633350521455767,0.178355847887018,0.189734823897084,0.422048593061318,1.1603292261542,1.1603292261542,0.0339201556248525,1.46954216387819,0.0742796955342084,1,TRUE,FALSE,FALSE,FALSE,"Weak CNH",FALSE,FALSE,FALSE,FALSE,97.2647533344499,0.201842441774276,0.00633350521455767,0.189734823897084,0.178355847887018,0.00633350521455767,FALSE,FALSE,FALSE,1,0.0742796955342084,"weak_effect",TRUE,FALSE,FALSE,TRUE,FALSE,FALSE,FALSE,60.6634656032455,85.9460109380871,76.5943682685398,106.265774921064,52.2088912850783,129.156457484303,93.588353970017,140.064984970872,127.003662056561,101.155563846731,0.0438090641394041,0.0332758474431811,0.0382864318005059,9,97.2647533344499,FALSE,1.18544531728739,2.19835586754772,0.7218529514606
"RT4_ZT10_NormEVS_remainder_dataset","574429","Tceal9",0.413641855518266,0.36782142138375,0.36782142138375,"upregulated",2.67097552764347,0.00756311605898048,0.126105446929966,0.0157787073245839,0.287970315680598,0.304480711255619,0.567760405365133,0.662787931298558,0.662787931298558,0.0339201556248525,1.46954216387819,0.00129145328970604,1,TRUE,FALSE,FALSE,FALSE,"Weak CNH",FALSE,FALSE,FALSE,FALSE,151.128941038673,0.154865460666804,0.0157787073245839,0.304480711255619,0.287970315680598,0.0157787073245839,FALSE,FALSE,FALSE,1,0.00129145328970604,"weak_effect",TRUE,FALSE,FALSE,TRUE,FALSE,FALSE,FALSE,207.739637605359,185.416521059325,127.657280447566,159.398662381595,179.384395697448,152.027913497148,124.058980843976,115.423922800071,119.44392026748,140.738175786756,0.0166474631173999,0.0261512947758693,0.0214330818212176,9,151.128941038673,FALSE,0.899266154342554,1.8019285793773,0.51644021456011
"RT4_ZT10_NormEVS_remainder_dataset","576117","Mcts1",-0.571371963394179,-0.53285840757327,-0.53285840757327,"downregulated",-4.13795358381295,3.50417235996973e-05,0.00333881332984304,0.000184144165749967,0.0190670287937918,0.0203152822255853,0.0548454399504614,1.99014198003664,1.99014198003664,0.0339201556248525,1.46954216387819,0.00803629301287782,1,TRUE,FALSE,FALSE,TRUE,"Weak CNH",TRUE,FALSE,FALSE,TRUE,137.289428368952,0.138080805359756,0.000184144165749967,0.0203152822255853,0.0190670287937918,0.000184144165749967,TRUE,FALSE,FALSE,1,0.00803629301287782,"weak_effect",TRUE,FALSE,TRUE,TRUE,FALSE,FALSE,FALSE,109.543380333918,112.55873513719,104.962652812443,118.341431162093,104.417782570157,172.208609979071,170.853157828985,127.096004880977,179.921854580129,172.990674404555,0.00171971731391529,0.0273455843143153,0.0154662170322505,8,137.289428368952,FALSE,2.47640786129464,3.73484203636777,1.69217713995519
"RT4_ZT10_NormEVS_remainder_dataset","578023","Atp2b3",-0.418814903520054,-0.390395322153615,-0.390395322153615,"downregulated",-3.48760049210204,0.000487375730448175,0.0217028876356019,0.00162128623265501,0.0785162245883348,0.0835681612482873,0.211920174894864,1.08925772328129,1.08925772328129,0.0339201556248525,1.46954216387819,3.49822844939844e-05,1,TRUE,FALSE,FALSE,FALSE,"Weak CNH",FALSE,FALSE,FALSE,FALSE,290.228025851848,0.120086834621252,0.00162128623265501,0.0835681612482873,0.0785162245883348,0.00162128623265501,FALSE,FALSE,FALSE,1,3.49822844939844e-05,"weak_effect",TRUE,FALSE,FALSE,TRUE,FALSE,FALSE,FALSE,280.623081891272,271.362531997412,194.32274912574,241.030098570958,247.657561224089,361.90715690914,314.50039880622,324.224502247389,325.068896930485,341.583280815773,0.00707000425173403,0.0216716223042218,0.0137580085820266,9,290.228025851848,FALSE,1.66348247809737,2.79014030514607,1.07795915351678
