"percentile","center_rank_trt","iod_local_amplitude_trt","cv2_local_amplitude_trt","iod_local_amplitude_scaled_trt","cv2_local_amplitude_scaled_trt","iod_center_trt","cv2_center_trt","center_rank_ctrl","iod_local_amplitude_ctrl","cv2_local_amplitude_ctrl","iod_local_amplitude_scaled_ctrl","cv2_local_amplitude_scaled_ctrl","iod_center_ctrl","cv2_center_ctrl","combined_rank","composite_iod_amplitude","composite_cv2_amplitude","composite_iod_amplitude_scaled","composite_cv2_amplitude_scaled","combined_center_distance","combined_center_agreement","regime_difference","regime_difference_scaled"
0.005,155,0.0989775970057417,0.0429792584919839,0.157279896251057,0.0118284777011245,155,147,155,0.0576945545417124,0.0674908347011961,0.0862861827459374,0.0298239010135625,157.5,155,155,0.156672151547454,0.11047009319318,0.243566078996995,0.041652378714687,5.25,0.16,0.0462020583542741,0.201913700282308
0.01,309,0.135471289008561,0.096177101174814,0.22319370569481,0.0555459190509179,309,265,310,0.0791872827364027,0.0916262464011437,0.1337403070439,0.047897616712936,362.5,359.5,310,0.214658571744964,0.187803347575958,0.35693401273871,0.103443535763854,23.5,0.0408163265306122,0.026855224169006,0.253490476974856
0.015,464,0.0402468068550376,0.04976553609193,0.0512021086110593,0.0174053710110259,439,499,465,0.0492814198922268,0.0488139496510521,0.0677106936886285,0.0158377832401119,513.5,509.5,464,0.0895282267472644,0.0985794857429821,0.118912802299688,0.0332431542511378,28,0.0344827586206897,-0.00905125899571776,0.08566964804855
0.02,618,0.117814873671477,0.107644759927926,0.191303219089662,0.0649699233652963,669.5,664,620,0.0409998925450701,0.0502400094189511,0.0494257824131007,0.0169056829360337,615.5,620,619,0.158814766216547,0.157884769346877,0.240729001502763,0.08187560630133,0.5,0.666666666666667,0.000929996869670102,0.158853395201433
0.025,773,0.121444681107882,0.0993624201106952,0.197859268164177,0.0581635814736221,773,727,775,0.0358554630286713,0.0276643739205961,0.0380673175638776,0,730,783.5,774,0.157300144136554,0.127026794031291,0.235926585728055,0.0581635814736221,3.75,0.210526315789474,0.0302733501052622,0.177763004254433
0.03,927,0.142507486188768,0.282829597492448,0.235902273523711,0.208935025620692,927,927,930,0.0767318692917017,0.0862861474442931,0.128318962031194,0.0438987029362612,967.5,942,928,0.21923935548047,0.369115744936741,0.364221235554904,0.252833728556953,12.75,0.0727272727272727,-0.149876389456271,0.111387506997952
0.035,1082,0.0534517524168394,0.0840028885732906,0.0750524843255388,0.0455412760325875,1112.5,1114,1086,0.0446155439468492,0.0709701727503221,0.0574088346102859,0.03242939071905,1075.5,1084,1084,0.0980672963636886,0.154973061323613,0.132461318935825,0.0779706667516375,5,0.166666666666667,-0.0569057649599241,0.0544906521841872
0.04,1236,0.0921154116687033,0.182711624605395,0.144885623382247,0.126659102631758,1203.5,1197,1241,0.077200926288803,0.0312467300174228,0.129354600170831,0.00268263439765992,1196,1232,1238,0.169316337957506,0.213958354622818,0.274240223553078,0.129341737029418,14.75,0.0634920634920635,-0.0446420166653117,0.14489848652366
0.045,1391,0.0480281408196065,0.086028140826194,0.065256520100014,0.0472056075565689,1382.5,1353,1396,0.128664950283391,0.0654692238043081,0.242982808250799,0.0283100250101468,1396,1348,1394,0.176693091102997,0.151497364630502,0.308239328350813,0.0755156325667157,38.75,0.0251572327044025,0.0251957264724949,0.232723695784098
0.05,1545,0.0717826537620155,0.177679923762355,0.108161207282504,0.12252410250014,1551,1552,1551,0.0724171819463887,0.108421372970744,0.118792497650468,0.0604745864587895,1558,1520,1548,0.144199835708404,0.2861012967331,0.226953704932973,0.182998688958929,18.5,0.0512820512820513,-0.141901461024695,0.0439550159740436
0.055,1700,0.0590277499203551,0.12777339797532,0.0851236833940568,0.0815114316090541,1751,1700,1706,0.120978262224856,0.051688984571777,0.226011251765966,0.0179907427350215,1706,1756.5,1703,0.180006012145211,0.179462382547097,0.311134935160023,0.0995021743440756,0.25,0.8,0.00054362959811427,0.211632760815947
0.06,1854,0.136345106095797,0.200762566788753,0.224771967849605,0.141493181729935,1803.5,1806.5,1861,0.0875243648117059,0.0605956860226771,0.15214787845596,0.0246604938809328,1899,1814,1858,0.223869470907503,0.26135825281143,0.376919846305564,0.166153675610868,41,0.0238095238095238,-0.0374887819039272,0.210766170694697
0.065,2009,0.136636919171882,0.178830289206227,0.225299031855318,0.123469461020092,2055.5,2052.5,2016,0.0442080140564152,0.0284331787058712,0.0565090431133382,0.000575716680955172,2015.5,2007,2012,0.180844933228297,0.207263467912098,0.281808074968656,0.124045177701047,5.75,0.148148148148148,-0.0264185346838007,0.157762897267609
0.07,2163,0.161184805778395,0.101199820340588,0.269636686699983,0.0596735381323034,2163,2118,2171,0.0735825898028362,0.0863898658552655,0.121365619535076,0.0439763720929348,2218,2171,2167,0.234767395581231,0.187589686195853,0.391002306235059,0.103649910225238,46,0.0212765957446809,0.0471777093853777,0.287352396009821
0.075,2318,0.21709446148246,0.299882838709982,0.370619026109732,0.222949204300761,2364,2360.5,2326,0.0697297759359726,0.086879828723337,0.112858932692955,0.0443432790133912,2276,2277.5,2322,0.286824237418432,0.386762667433319,0.483477958802688,0.267292483314152,1,0.5,-0.0999384300148865,0.216185475488535
0.08,2472,0.0405588060587188,0.126546536347927,0.0517656321936131,0.0805032093102733,2512,2472,2481,0.0430016976990181,0.0826807927433776,0.0538455987219124,0.0411988461171671,2527,2481,2476,0.0835605037577368,0.209227329091305,0.105611230915525,0.12170205542744,43,0.0227272727272727,-0.125666825333568,-0.0160908245119149
0.085,2627,0.215655679256178,0.299973164771348,0.368020340904442,0.22302343333132,2627,2574.5,2636,0.139187430722851,0.106928116575279,0.266215554236969,0.0593563668115162,2681.5,2659,2632,0.354843109979029,0.406901281346627,0.634235895141411,0.282379800142836,37.5,0.025974025974026,-0.0520581713675982,0.351856094998575
0.09,2781,0.168899746124119,0.12608467864998,0.283571180030466,0.0801236593923878,2731,2785,2791,0.072431818192028,0.108081136202393,0.118824813241748,0.060219801386212,2747.5,2791,2786,0.241331564316147,0.234165814852373,0.402395993272214,0.1403434607786,48.75,0.0201005025125628,0.00716574946377438,0.262052532493615
0.095,2936,0.271449125939722,0.544371329417328,0.468792787074734,0.423867337709349,2986.5,2987.5,2947,0.101598930527819,0.109532860341699,0.18322332801649,0.0613069197537764,2938.5,2940.5,2942,0.373048056467542,0.653904189759028,0.652016115091224,0.485174257463125,1.5,0.4,-0.280856133291486,0.166841857628098
0.1,3090,0.213869930438924,0.178772531326159,0.36479497507284,0.123421996186801,3137.5,3141,3102,0.0230759417573707,0.118150067893559,0.00985121650014327,0.0677598844411429,3102,3089.5,3096,0.236945872196295,0.296922599219718,0.374646191572984,0.191181880627944,4.5,0.181818181818182,-0.059976727023423,0.18346431094504
0.105,3245,0.25184564617865,0.271944771351982,0.433385571238474,0.199989987167994,3245,3245,3257,0.0288538890547875,0.158647219011722,0.0226084349767829,0.0980860294865915,3249,3257,3251,0.280699535233437,0.430591990363704,0.455994006215257,0.298076016654585,4,0.2,-0.149892455130267,0.157917989560672
0.11,3399,0.14906765502557,0.115542646941456,0.247751053268835,0.0714603258870647,3355.5,3431,3412,0.150364916620728,0.119838549623338,0.290894496823123,0.0690242978734473,3412,3363,3406,0.299432571646298,0.235381196564794,0.538645550091958,0.140484623760512,13.25,0.0701754385964912,0.0640513750815036,0.398160926331446
0.115,3554,0.15836851543081,0.11583293427996,0.264549987735827,0.0716988810437334,3554,3560,3567,0.0730878656980545,0.0717357211559992,0.120273310594636,0.0330026688719288,3567.5,3532.5,3560,0.231456381128865,0.187568655435959,0.384823298330463,0.104701549915662,14.5,0.0645161290322581,0.0438877256929057,0.280121748414801
0.12,3708,0.124727516885922,0.192388184047858,0.203788627459809,0.134611199907879,3750.5,3747.5,3722,0.0649931997566067,0.21285303457412,0.102400973483387,0.138677858285998,3714,3764,3715,0.189720716642529,0.405241218621978,0.306189600943197,0.273289058193877,23.5,0.0408163265306122,-0.215520501979449,0.0329005427493193
0.125,3863,0.127507526082676,0.490520090858735,0.208809796499998,0.379612942332168,3830,3841.5,3877,0.150927522922362,0.196810739462665,0.292136683907364,0.12666464365289,3909.5,3829.5,3870,0.278435049005038,0.6873308303214,0.500946480407362,0.506277585985059,34.25,0.0283687943262411,-0.408895781316362,-0.00533110557769656
0.13,4017,0.14707821303037,0.10804578230222,0.244157782942531,0.065299479438325,3984,3972.5,4032,0.178970643408315,0.185805064793688,0.354053519833849,0.118423084009335,3984.5,4068.5,4024,0.326048856438685,0.293850847095908,0.598211302776379,0.18372256344766,36.25,0.0268456375838926,0.0321980093427772,0.41448873932872
0.135,4172,0.110519432595683,0.089640362779689,0.178126412729789,0.0501740944994675,4125.5,4221,4187,0.193989539027188,0.241624053529431,0.387213969873514,0.160222931701121,4225.5,4237,4180,0.304508971622872,0.33126441630912,0.565340382603303,0.210397026200588,53.5,0.018348623853211,-0.0267554446862483,0.354943356402715
0.14,4326,0.0581493032915699,0.118348336888895,0.0835370595004868,0.0737660131017545,4357,4311.5,4342,0.103096784254323,0.253372566746699,0.1865304622376,0.169020763303044,4392,4379,4334,0.161246087545893,0.371720903635594,0.270067521738087,0.242786776404799,29.25,0.0330578512396694,-0.210474816089701,0.0272807453332882
0.145,4481,0.228299830753517,0.130157416874923,0.390857827237947,0.0834705938826369,4447.5,4481,4497,0.0650997568770916,0.196886092087576,0.102636242584384,0.126721071193335,4444.5,4540.5,4489,0.293399587630609,0.327043508962499,0.493494069822331,0.210191665075972,64.75,0.0152091254752852,-0.0336439213318904,0.283302404746359
0.15,4635,0.151884520945864,0.0979184771693407,0.252838791815116,0.0569769639781068,4673.5,4635,4652,0.118561177424011,0.118251375808344,0.220674533154024,0.0678357485064705,4607.5,4652,4644,0.270445698369875,0.216169852977685,0.47351332496914,0.124812712484577,3,0.25,0.0542758453921899,0.348700612484562
0.155,4790,0.239591622426033,0.217433448883066,0.411252721909696,0.155193141605238,4802.5,4742.5,4807,0.0465827661990896,0.210255474811176,0.0617522947998861,0.13673268505874,4848.5,4769,4798,0.286174388625122,0.427688923694242,0.473005016709582,0.291925826663978,69.75,0.0141342756183746,-0.141514535069119,0.181079190045605
0.16,4944,0.0818076675970917,0.092246834277077,0.126268085905395,0.0523160660357258,4903.5,4892.5,4963,0.0965973060211252,0.356662531635221,0.172180164538945,0.246369079677423,4963,4963,4954,0.178404973618217,0.448909365912298,0.29844825044434,0.298685145713149,5.5,0.153846153846154,-0.270504392294081,-0.000236895268808601
0.165,5099,0.149229514634896,0.359895761176523,0.248043399229473,0.272267208299587,5058,5133,5118,0.0831895308322326,0.321586069604861,0.142576932012605,0.220102198036536,5079,5118,5108,0.232419045467129,0.681481830781385,0.390620331242078,0.492369406336123,57,0.0172413793103448,-0.449062785314256,-0.101749075094045
0.17,5254,0.0118983621616472,0.485829926391718,0,0.375758613290478,5254,5254,5273,0.123530646228388,0.325902785464024,0.231646699563126,0.223334755084388,5230.5,5314,5264,0.135429008390035,0.811732711855742,0.231646699563126,0.599093368374866,41.75,0.0233918128654971,-0.676303703465707,-0.36744666881174
0.175,5408,0.357575150302465,0.206440422657967,0.624351023209222,0.146159185433033,5446,5432.5,5428,0.152784051493422,0.0936825802151046,0.29623574182015,0.0494374948471308,5457.5,5477,5418,0.510359201795887,0.300123002873072,0.920586765029372,0.195596680280164,3,0.25,0.210236198922815,0.724990084749208
0.18,5563,0.178417030499456,0.184787635657822,0.300761012966237,0.128365147216444,5563,5533,5583,0.201249814028039,0.388325988405746,0.403244042426744,0.270080144682007,5583,5609,5573,0.379666844527494,0.573113624063568,0.704005055392981,0.398445291898451,2,0.333333333333333,-0.193446779536074,0.30555976349453
0.185,5717,0.159788344712699,0.14647708769036,0.267114440702708,0.0968819319321038,5717,5664,5738,0.0550781400933078,0.313808863265932,0.0805093611472607,0.214278265217297,5790,5691.5,5728,0.214866484806007,0.460285950956292,0.347623801849969,0.311160197149401,75.75,0.0130293159609121,-0.245419466150285,0.036463604700568
0.19,5872,0.205801421857075,0.147224036805713,0.350221877423028,0.0974957670520061,5872,5820.5,5893,0.0631417891843251,0.198117539496769,0.0983132156786189,0.127643236128791,5851.5,5936.5,5882,0.268943211041401,0.345341576302482,0.448535093101647,0.225139003180797,16.75,0.0563380281690141,-0.0763983652610818,0.22339608992085
0.195,6026,0.047900896331227,0.198211660124086,0.0650266949302514,0.139396872803156,6026,6026,6048,0.0538434250649408,0.321092337879649,0.0777832148945404,0.21973246882105,5997.5,6013.5,6037,0.101744321396168,0.519303998003736,0.142809909824792,0.359129341624207,8,0.111111111111111,-0.417559676607568,-0.216319431799415
0.2,6181,0.335744289732376,0.271203934433765,0.584920779113918,0.199381174988992,6228.5,6186,6203,0.0796102172227009,0.216378227530221,0.134674110584376,0.141317686272613,6250,6250,6192,0.415354506955077,0.487582161963985,0.719594889698294,0.340698861261605,21.25,0.0449438202247191,-0.0722276550089083,0.37889602843669
0.205,6335,0.0158296558610542,0.159152122126888,0.00710058449964766,0.107298145196413,6378,6334.5,6358,0.0858928540423341,0.60133832700785,0.148545640799487,0.429593663498903,6358,6358,6346,0.101722509903388,0.760490449134738,0.155646225299135,0.536891808695316,21.75,0.043956043956044,-0.65876793923135,-0.381245583396181
0.21,6490,0.0676632006162001,0.268352385536887,0.100720774847091,0.197037801360129,6535.5,6527.5,6513,0.05721979063961,0.339472730774964,0.0852379442431997,0.233496559517437,6551,6462,6502,0.12488299125581,0.60782511631185,0.185958719090291,0.430534360877565,48.5,0.0202020202020202,-0.48294212505604,-0.244575641787274
0.215,6644,0.0625708499020701,0.116920607286179,0.0915231240704588,0.0725927195615964,6675,6644,6668,0.0600847027151244,0.182285671181695,0.0915634275649393,0.115787598840565,6668,6666.5,6656,0.122655552617195,0.299206278467873,0.183086551635398,0.188380318402162,16.25,0.0579710144927536,-0.176550725850679,-0.00529376676676369
0.22,6799,0.0987802985357915,0.174925216622023,0.156923541685703,0.120260312433288,6749,6796,6824,0.0990546461483184,0.380438433047986,0.177605763503483,0.264173577399398,6868.5,6873.5,6812,0.19783494468411,0.555363649670009,0.334529305189186,0.384433889832686,26,0.037037037037037,-0.357528704985899,-0.0499045846434999
0.225,6953,0.162141088594528,0.170412116513742,0.271363895975276,0.11655149306507,6923,6914.5,6979,0.109735800685129,0.438309272227356,0.20118884846339,0.30750994586973,6979,6974.5,6966,0.271876889279657,0.608721388741098,0.472552744438666,0.4240614389348,6.5,0.133333333333333,-0.33684449946144,0.048491305503866
0.23,7108,0.106512440032974,0.189320084026913,0.170889103218859,0.132089866786898,7067,7144.5,7134,0.171813632112501,0.425003989185513,0.338251444799122,0.297546332819016,7134,7080,7121,0.278326072145475,0.614324073212427,0.509140548017981,0.429636199605914,11.75,0.0784313725490196,-0.335998001066951,0.0795043484120672
0.235,7262,0.181277614634773,0.305962574442533,0.305927714038262,0.227945468752587,7262,7298,7289,0.170620816188126,0.0892332872518685,0.335617808220874,0.0461056579147229,7289,7333,7276,0.351898430822899,0.395195861694401,0.641545522259136,0.27405112666731,40,0.024390243902439,-0.0432974308715027,0.367494395591826
0.24,7417,0.109848687350086,0.0989406030854301,0.176914932830738,0.0578169365697616,7369,7370,7444,0.159300433922146,0.0961189450093825,0.310623362551432,0.0512619578055081,7392.5,7444,7430,0.269149121272232,0.195059548094813,0.48753829538217,0.10907889437527,26.25,0.036697247706422,0.0740895731774199,0.378459401006901
0.245,7571,0.167821719913993,0.191303344901273,0.281624081496722,0.133719690226791,7571,7612,7599,0.167818270614379,0.647351820937588,0.329430024855142,0.464050701893767,7557,7597.5,7585,0.335639990528372,0.838655165838861,0.611054106351864,0.597770392120557,40.75,0.0239520958083832,-0.503015175310489,0.0132837142313063
0.25,7726,0.108637495034461,0.316201465725717,0.174727313680401,0.236359684566342,7769.5,7700,7754,0.106397933144752,0.0546543077281408,0.193819119515237,0.0202113142484133,7753,7801,7740,0.215035428179213,0.370855773453858,0.368546433195638,0.256570998814755,10.75,0.0851063829787234,-0.155820345274645,0.111975434380883
0.255,7880,0.160191317922051,0.201112641823896,0.267842278799497,0.141780869802328,7904,7880,7909,0.0461814402312151,0.105724224633129,0.060866201038731,0.058454836687825,7961,7909,7894,0.206372758153266,0.306836866457025,0.328708479838228,0.200235706490153,38,0.0256410256410256,-0.100464108303759,0.128472773348076
0.26,8035,0.0879372144462677,0.0656189313233791,0.137339089161572,0.030433528569183,7990,8067,8064,0.112411434714381,0.187964176209058,0.207096421883099,0.120039926778367,8021,8044.5,8050,0.200348649160649,0.253583107532437,0.344435511044671,0.15047345534755,50.25,0.0195121951219512,-0.0532344583717878,0.193962055697121
0.265,8189,0.27723030341638,0.36589983540413,0.479234576042741,0.277201294902875,8189,8189,8219,0.109160309512611,0.705942047050381,0.199918212675057,0.50792578066555,8181.5,8237,8204,0.38639061292899,1.07184188245451,0.679152788717798,0.785127075568426,27.75,0.0347826086956522,-0.68545126952552,-0.105974286850628
0.27,8344,0.161396987599686,0.401817195568707,0.270019923127116,0.306717813002981,8330,8390,8374,0.194328534458981,0.551662584069228,0.38796244308785,0.392394163188338,8374,8374,8359,0.355725522058668,0.953479779637935,0.657982366214966,0.699111976191319,30,0.032258064516129,-0.597754257579267,-0.0411296099763525
0.275,8498,0.165794478164453,0.248332249205275,0.277962538390443,0.18058545871326,8498,8547.5,8529,0.110304073873817,0.159077530555562,0.202443547554492,0.0984082667287903,8529,8573.5,8514,0.27609855203827,0.407409779760836,0.480406085944935,0.278993725442051,47,0.0208333333333333,-0.131311227722566,0.201412360502884
0.28,8653,0.246374538284539,0.110735220220057,0.423503820629333,0.06750963192774,8653,8697,8684,0.0887281235956092,0.122079830872493,0.154805675941633,0.0707026732251154,8680.5,8690,8668,0.335102661880148,0.23281505109255,0.578309496570966,0.138212305152855,26.75,0.036036036036036,0.102287610787598,0.440097191418111
0.285,8807,0.218703232661392,0.454657260176486,0.373524740251194,0.350141236001212,8770,8762.5,8840,0.143492769564104,0.250163282529696,0.275721377912167,0.166617502432349,8827.5,8883.5,8824,0.362196002225496,0.704820542706182,0.649246118163361,0.516758738433561,24.25,0.0396039603960396,-0.342624540480686,0.1324873797298
0.29,8962,0.184060988847538,0.0878455164741942,0.310954960869212,0.0486991082192873,8962,8963.5,8995,0.0946763470658019,0.259973940814761,0.167938849792327,0.173964178381877,8995,8946.5,8978,0.27873733591334,0.347819457288955,0.478893810661539,0.222663286601165,23.5,0.0408163265306122,-0.0690821213756154,0.256230524060375
0.295,9116,0.286243439306216,0.272199172422197,0.495513831139414,0.200199051357546,9116,9116,9150,0.174994513986924,0.212236994387886,0.345274562687119,0.138216538822141,9200,9185.5,9133,0.461237953293139,0.484436166810083,0.840788393826533,0.338415590179687,7.25,0.121212121212121,-0.0231982135169433,0.502372803646846
0.3,9271,0.0541666191134684,0.415744653131597,0.0763436550630911,0.318163254743683,9271,9271,9305,0.119851928185056,0.889499208356385,0.22352440156056,0.645381896569965,9347,9257,9288,0.174018547298524,1.30524386148798,0.299868056623651,0.963545151313649,45,0.0217391304347826,-1.13122531418946,-0.663677094689998
0.305,9425,0.127266255518412,0.687919744545085,0.208374020859757,0.541833952570387,9425,9425,9460,0.19962317579859,0.222941284830791,0.399652562925917,0.146232407978789,9417,9510.5,9442,0.326889431317002,0.910861029375876,0.608026583785674,0.688066360549175,46.75,0.0209424083769634,-0.583971598058874,-0.0800397767635008
0.31,9580,0.262423987381826,0.52908552540987,0.452491853119828,0.411305620796039,9530.5,9580,9615,0.154917412343478,0.206624075722356,0.300946021968578,0.134013324994025,9564.5,9565,9598,0.417341399725305,0.735709601132226,0.753437875088405,0.545318945790064,25,0.0384615384615385,-0.318368201406921,0.208118929298341
0.315,9734,0.379311121207128,0.426452321639171,0.66360988044335,0.326962706871165,9685,9742.5,9770,0.17722289647852,0.588145012225562,0.350194642575615,0.419713897474115,9770,9770,9752,0.556534017685648,1.01459733386473,1.01380452301896,0.74667660434528,28.75,0.0336134453781513,-0.458063316179084,0.267127918673685
0.32,9889,0.0599418694980415,0.360262839179567,0.086774738695553,0.272568869236564,9889.5,9940.5,9925,0.0799786616580193,0.823893974039826,0.135487604705369,0.596253654293872,9925,9965,9907,0.139920531156061,1.18415681321939,0.222262343400922,0.868822523530437,45.5,0.021505376344086,-1.04423628206333,-0.646560180129514
0.325,10043,0.0838215833620995,0.328276942683074,0.12990556001901,0.246283187645244,10029.5,10072,10080,0.066207272706986,0.753009678863299,0.105081543775451,0.543172206399043,10097,10071.5,10062,0.150028856069086,1.08128662154637,0.234987103794461,0.789455394044287,8.5,0.105263157894737,-0.931257765477288,-0.554468290249826
0.33,10198,0.148109707668999,0.378727852282143,0.246020837550642,0.287743227568121,10198,10198,10235,0.105419269032613,0.0931562355125417,0.191658312008496,0.0490433435215906,10235,10279,10216,0.253528976701612,0.471884087794685,0.437679149559138,0.336786571089711,22,0.0434782608695652,-0.218355111093073,0.100892578469427
0.335,10353,0.123127223322764,0.453948607147576,0.20089822533311,0.349558872212262,10313,10349.5,10390,0.0331413888073295,0.0308127849586572,0.0320748714543481,0.00235767621095976,10391,10418.5,10372,0.156268612130094,0.484761392106233,0.232973096787458,0.351916548423221,32,0.0303030303030303,-0.328492779976139,-0.118943451635763
0.34,10507,0.0301521780384472,0.419863517800106,0.0329694935012821,0.321548095472035,10500.5,10507,10545,0.165713085702706,0.292742155326867,0.324781954793315,0.198502537222848,10575,10529.5,10526,0.195865263741153,0.712605673126973,0.357751448294597,0.520050632694883,19.5,0.0487804878048781,-0.51674040938582,-0.162299184400286
0.345,10662,0.565556120843626,0.18577643305788,1,0.129177730775548,10674,10700.5,10701,0.0890411980923258,0.184988773861675,0.155496917925765,0.117811807499259,10719.5,10745.5,10682,0.654597318935952,0.370765206919555,1.15549691792577,0.246989538274807,26.25,0.036697247706422,0.283832112016397,0.908507379650958
0.35,10816,0.203441014754124,0.374806693480248,0.345958581070837,0.28452085949265,10851,10778.5,10856,0.171072617465568,0.408605696369725,0.336615347192358,0.285266530593464,10899,10886.5,10836,0.374513632219692,0.783412389849973,0.682573928263194,0.569787390086113,42.5,0.0229885057471264,-0.408898757630281,0.112786538177081
0.355,10971,0.0858872208292794,0.429139129734393,0.133636452316261,0.329170698199335,10927.5,11014.5,11011,0.0851903430313854,0.260170751944219,0.146994555961292,0.174111559683863,11010,11011,10991,0.171077563860665,0.689309881678612,0.280631008277553,0.503282257883198,44,0.0222222222222222,-0.518232317817947,-0.222651249605645
0.36,11125,0.0661487427030414,0.182718813153946,0.0979854064910804,0.126665010107208,11094.5,11125,11166,0.0544989233546246,0.231198816981651,0.0792304996242399,0.152416031043872,11129,11127,11146,0.120647666057666,0.413917630135597,0.17721590611532,0.27908104115108,14.25,0.0655737704918033,-0.293269964077931,-0.10186513503576
0.365,11280,0.156006887878246,0.621292057877609,0.260284487044234,0.487080003213378,11277.5,11279,11321,0.115833136652206,0.179686273535332,0.214651250083469,0.113841049320961,11313.5,11346.5,11300,0.271840024530453,0.800978331412941,0.474935737127703,0.60092105253434,17.25,0.0547945205479452,-0.529138306882488,-0.125985315406637
0.37,11434,0.058873370603285,0.275839342359093,0.0848448481124243,0.20319050566648,11442,11382,11476,0.0653373149587629,0.246018697354308,0.103160750717251,0.163513844824057,11506.5,11476,11455,0.124210685562048,0.521858039713401,0.188005598829675,0.366704350490537,45.25,0.0216216216216216,-0.397647354151353,-0.178698751660862
0.375,11589,0.124752719780478,0.444330682552934,0.203834148170322,0.341654960452534,11589,11544.5,11631,0.124820063243526,0.263762080167813,0.234493623171613,0.176800912826181,11582.5,11642,11610,0.249572783024003,0.708092762720748,0.438327771341935,0.518455873278714,7.5,0.117647058823529,-0.458519979696744,-0.0801281019367799
0.38,11743,0.242541631310111,0.686119034705755,0.416580939274701,0.540354147698256,11701.5,11743,11786,0.104711292584262,0.166102097852544,0.190095159947216,0.103668588525458,11833,11786,11764,0.347252923894373,0.852221132558299,0.606676099221916,0.644022736223714,2.75,0.266666666666667,-0.504968208663926,-0.0373466370017973
0.385,11898,0.0383250292188501,0.724951450026818,0.0477310516159178,0.572266228219847,11911.5,11903,11941,0.100200968229126,0.38985304701209,0.180136745611264,0.271223676992558,11947,11941,11920,0.138525997447977,1.11480449703891,0.227867797227181,0.843489905212405,7.25,0.121212121212121,-0.976278499590932,-0.615622107985224
0.39,12052,0.22254275809398,0.546875307498437,0.380459575665998,0.425925081207609,12006.5,12005,12096,0.0605397796720503,0.195571610194694,0.092568198959407,0.125736726185291,12100,12091.5,12074,0.283082537766031,0.742446917693131,0.473027774625405,0.5516618073929,5,0.166666666666667,-0.459364379927101,-0.0786340327674955
0.395,12207,0.0715059205784881,0.138047560601451,0.107661380125406,0.0899546330505875,12207,12207,12251,0.130079981007187,0.351144654146842,0.246107076293655,0.242237037090838,12247,12213,12229,0.201585901585675,0.489192214748293,0.353768456419061,0.332191670141425,17,0.0555555555555556,-0.287606313162618,0.0215767862776358
0.4,12361,0.136181636900705,0.259247911809101,0.224476714703543,0.189555838255191,12400.5,12408,12406,0.176153375196943,0.318425943269782,0.347833230130648,0.217735748867805,12422,12454.5,12384,0.312335012097648,0.577673855078882,0.57230994483419,0.407291587122996,20,0.0476190476190476,-0.265338842981234,0.165018357711195
0.405,12516,0.149503231288707,0.90570911077401,0.248537778021278,0.720811019394089,12511.5,12546,12561,0.133262767938209,0.190900960987082,0.253134400385344,0.122239127430426,12561,12561,12538,0.282765999226916,1.09661007176109,0.501672178406622,0.843050146824515,17.25,0.0547945205479452,-0.813844072534175,-0.341377968417893
0.41,12670,0.180727337018903,0.374437905245695,0.304933819150598,0.284217793104964,12724.5,12664,12717,0.124063894214358,0.249996729257515,0.232824065971832,0.166492779617275,12707.5,12717,12694,0.304791231233262,0.62443463450321,0.53775788512243,0.450710572722239,25.5,0.0377358490566038,-0.319643403269949,0.0870473124001915
0.415,12825,0.113045156573318,0.0536128055301386,0.182688299451375,0.0205670175654645,12825,12825,12872,0.0186141690082796,0.132350825057701,0,0.0783940700473947,12872,12923.5,12848,0.131659325581597,0.18596363058784,0.182688299451375,0.0989610876128592,25.75,0.0373831775700935,-0.0543043050062428,0.0837272118385156
0.42,12979,0.105577079122088,0.10549777619684,0.169199682459881,0.063205554161411,12979,12971.5,13027,0.25789002711709,0.718925170905781,0.528300837815564,0.517648145975473,13027,13005,13003,0.363467106239178,0.824422947102621,0.697500520275446,0.580853700136884,14.75,0.0634920634920635,-0.460955840863443,0.116646820138562
0.425,13134,0.0977986679863562,0.681118444369301,0.155150550096508,0.536244713861782,13105,13185,13182,0.0595915902433305,0.402134387895447,0.0904746769736968,0.280420514663796,13182,13229.5,13158,0.157390258229687,1.08325283226475,0.245625227070205,0.816665228525577,63.75,0.0154440154440154,-0.925862574035062,-0.571040001455372
0.43,13288,0.12066567265386,0.357988344503547,0.196452246512612,0.270699712846292,13288,13288,13337,0.104441537661923,0.316565185098626,0.189499563915911,0.216342326845887,13337,13337,13312,0.225107210315783,0.674553529602173,0.385951810428523,0.487042039692179,0,1,-0.44944631928639,-0.101090229263655
0.435,13443,0.130835025752035,0.891102597350432,0.214819826373472,0.708807536513639,13467,13402.5,13492,0.0825738617549767,0.405478486904476,0.141217586812039,0.28292473110357,13517.5,13441.5,13468,0.213408887507012,1.29658108425491,0.356037413185511,0.991732267617209,70.25,0.0140350877192982,-1.0831721967479,-0.635694854431698
0.44,13597,0.150384652193867,0.109845781150105,0.250129773963425,0.0667787000249805,13554,13597,13647,0.0893257520297254,0.137695690016667,0.156125188929451,0.0823965528275037,13647,13671,13622,0.239710404223592,0.247541471166772,0.406254962892876,0.149175252852484,33.5,0.0289855072463768,-0.00783106694317928,0.257079710040392
0.445,13752,0.181544118220478,0.273264459865106,0.30640906480329,0.201074493649139,13752,13748.5,13802,0.16479784342064,0.638926205806395,0.32276117731814,0.457741210497196,13802,13802,13777,0.346341961641119,0.912190665671501,0.629170242121431,0.658815704146335,1.75,0.363636363636364,-0.565848704030383,-0.029645462024904
0.45,13906,0.174187520530747,0.942591747158872,0.293121799205778,0.751120791589069,13952,13956.5,13957,0.138924559409343,0.384359079281058,0.265635156631203,0.267109539141227,13957,14002.5,13932,0.31311207994009,1.32695082643993,0.55875695583698,1.0182303307303,25,0.0384615384615385,-1.01383874649984,-0.459473374893316
0.455,14061,0.17568825790328,0.155438821140518,0.295832385933769,0.104246592541287,14015,14100,14112,0.141174303630791,0.616487011069338,0.270602401410746,0.440937700731447,14112,14112,14086,0.316862561534071,0.771925832209856,0.566434787344515,0.545184293272734,42.5,0.0229885057471264,-0.455063270675785,0.0212504940717814
0.46,14215,0.130907778624188,0.290048621908356,0.214951230424099,0.214867545824318,14263.5,14165.5,14267,0.203113165524497,0.34618727494425,0.407358164781186,0.23852472161698,14267,14297,14241,0.334020944148685,0.636235896852606,0.622309395205286,0.453392267441298,34,0.0285714285714286,-0.302214952703922,0.168917127763987
0.465,14370,0.127093947737206,0.695873260189979,0.208062803725157,0.548370070130706,14418.5,14370,14422,0.0917359301478068,0.551818726513644,0.161446658170565,0.39251108989272,14422,14461.5,14396,0.218829877885013,1.24769198670362,0.369509461895723,0.940881160023426,4.5,0.181818181818182,-1.02886210881861,-0.571371698127704
0.47,14524,0.0835243128895222,0.992492031943802,0.129368639027809,0.792128333688652,14575.5,14525,14578,0.0924298528864388,0.173638507683412,0.162978780830562,0.109312201751138,14576,14614,14551,0.175954165775961,1.16613053962721,0.292347419858371,0.901440535439791,6.25,0.137931034482759,-0.990176373851253,-0.60909311558142
0.475,14679,0.114184336170198,0.99859666395241,0.184745851393918,0.797145057644727,14723.5,14679,14733,0.197269179317534,0.218826428187639,0.394455137983066,0.143151012474266,14733,14712,14706,0.311453515487732,1.21742309214005,0.579200989376984,0.940296070118993,32.75,0.0296296296296296,-0.905969576652318,-0.361095080742009
0.48,14833,0.307214455319543,0.974237085270913,0.533391049844432,0.777126605793901,14833,14808.5,14888,0.0922982903542565,0.611787289230967,0.162688301897474,0.437418331042259,14894.5,14888,14860,0.3995127456738,1.58602437450188,0.696079351741906,1.21454493683616,15.5,0.0606060606060606,-1.18651162882808,-0.518465585094254
0.485,14988,0.0810708290246243,0.125632263042383,0.124937230226209,0.0797518688874836,14988,14995,15043,0.138099154389094,0.895404591434532,0.263812732224574,0.649804121314968,15092,15068,15016,0.219169983413718,1.02103685447691,0.388749962450783,0.729555990202451,8.5,0.105263157894737,-0.801866871063196,-0.340806027751668
0.49,15142,0.21630143195728,0.2059149235033,0.369186680020936,0.145727335618925,15142,15135,15198,0.0373358279040139,0.246888252424793,0.0413358378822149,0.164165007991451,15186.5,15184.5,15170,0.253637259861294,0.452803175928093,0.410522517903151,0.309892343610376,4.5,0.181818181818182,-0.199165916066799,0.100630174292775
0.495,15297,0.11896674748226,0.210656433687566,0.19338369893975,0.149623860044286,15261,15253.5,15353,0.0531128424726198,0.148926053619191,0.0761701503811905,0.0908063699657407,15374,15366.5,15325,0.17207958995488,0.359582487306758,0.26955384932094,0.240430230010026,7.5,0.117647058823529,-0.187502897351878,0.0291236193109141
0.5,15452,0.227896000908081,0.108511107801261,0.390128441910813,0.0656818791595728,15452,15408.5,15508,0.0759530249034338,0.277254699997292,0.126599339558195,0.186904812352297,15495.5,15471,15480,0.303849025811514,0.385765807798554,0.516727781469009,0.25258669151187,34,0.0285714285714286,-0.0819167819870392,0.264141089957138
0.505,15606,0.0401757592543498,0.118859842897117,0.0510737845704879,0.0741863634916725,15606,15655.5,15663,0.277096840847336,0.597424555962195,0.570707856499589,0.426662850216287,15633,15702,15634,0.317272600101685,0.716284398859312,0.621781641070077,0.50084921370796,59.25,0.016597510373444,-0.399011798757627,0.120932427362117
0.51,15761,0.0835438467294735,0.845299763717753,0.129403920462315,0.671167237734432,15763.5,15746.5,15818,0.183651627740726,0.495688138743439,0.364388736951698,0.350477902391733,15818,15818,15790,0.2671954744702,1.34098790246119,0.493792657414013,1.02164514012617,8.5,0.105263157894737,-1.07379242799099,-0.527852482712152
0.515,15915,0.149607231562058,0.878321065348378,0.24872562018861,0.69830380464256,15916,15925,15973,0.105842990772373,0.676168992714665,0.192593853737968,0.48563033668243,15969,15973,15944,0.255450222334431,1.55449005806304,0.441319473926577,1.18393414132499,6.5,0.133333333333333,-1.29903983572861,-0.742614667398413
0.52,16070,0.187593410934322,0.940378328086046,0.317335115452784,0.749301826502915,16115.5,16070,16128,0.242680690253611,0.219866752529399,0.494719909630403,0.143930055592398,16174,16085,16099,0.430274101187934,1.16024508061545,0.812055025083187,0.893231882095313,67.25,0.0146520146520147,-0.729970979427511,-0.0811768570121263
0.525,16224,0.0581976292196119,0.0914803457808103,0.0836243443389709,0.0516861736530476,16261,16222,16283,0.112193264981335,0.441344818811998,0.206614721582594,0.309783103943232,16249,16284.5,16254,0.170390894200947,0.532825164592808,0.290239065921565,0.361469277596279,1.75,0.363636363636364,-0.362434270391861,-0.0712302116747142
0.53,16379,0.090524115516164,0.0693532251328814,0.142011472108132,0.0335023329109897,16367,16432,16438,0.104154824338096,0.127040513507381,0.188866525169806,0.0744174624622919,16438,16404,16408,0.19467893985426,0.196393738640263,0.330877997277938,0.107919795373282,15.5,0.0606060606060606,-0.0017147987860022,0.222958201904657
0.535,16533,0.197063539765771,0.240375844430592,0.334439777462746,0.174046966895721,16492.5,16491,16594,0.0696232315654777,0.3437167453975,0.112623691742857,0.236674674507366,16641,16642,16564,0.266686771331249,0.584092589828092,0.447063469205603,0.410721641403087,0.25,0.8,-0.317405818496843,0.0363418278025164
0.54,16688,0.133150329197644,0.13560198582718,0.219001657855651,0.0879448847907158,16668,16685,16749,0.20984006512621,0.649828880764603,0.422210589608224,0.465905639180124,16759.5,16757,16718,0.342990394323854,0.785430866591783,0.641212247463875,0.55385052397084,7.25,0.121212121212121,-0.442440472267928,0.0873617234930356
0.545,16842,0.129395193547987,0.142997138603133,0.212219244729902,0.0940221454736916,16892.5,16808.5,16904,0.185486386803702,0.53103719828593,0.368439729633622,0.37694891769298,16901.5,16878,16873,0.314881580351689,0.674034336889063,0.580658974363524,0.470971063166672,53.75,0.0182648401826484,-0.359152756537374,0.109687911196852
0.55,16997,0.179582508018832,0.717583686653948,0.302866063425841,0.566211475867331,17046,16996,17059,0.201914251949749,0.210204888976331,0.404711065107136,0.136694804039399,17059,17082,17028,0.381496759968581,0.927788575630279,0.707577128532977,0.702906279906731,13.5,0.0689655172413793,-0.546291815661698,0.00467084862624589
0.555,17151,0.182982805647123,0.874554641484876,0.309007578784327,0.695208596152005,17137,17139,17214,0.142210312840961,0.454458952259113,0.272889822039151,0.319603575311753,17164.5,17214,17182,0.325193118488083,1.32901359374399,0.581897400823478,1.01481217146376,25.75,0.0373831775700935,-1.00382047525591,-0.43291477064028
0.56,17306,0.0945961593138749,1.1583646918318,0.14936627520419,0.928440783864911,17306,17306,17369,0.114057714935527,0.699693142579506,0.210731269238718,0.503246311168895,17317,17367,17338,0.208653874249402,1.85805783441131,0.360097544442908,1.43168709503381,25,0.0384615384615385,-1.6494039601619,-1.0715895505909
0.565,17460,0.129797941222265,0.180779668952701,0.21294667547202,0.125071441296681,17487,17499.5,17524,0.155084920657625,0.0949177363399479,0.301315866145102,0.0503624370408786,17524,17568,17492,0.284882861879889,0.275697405292649,0.514262541617122,0.175433878337559,28.25,0.0341880341880342,0.00918545658724029,0.338828663279563
0.57,17615,0.318709915448638,0.370328441427418,0.554153804359895,0.280840677898888,17615,17615,17679,0.173709333810466,0.311701890445012,0.34243699365975,0.212700466246016,17679,17679,17647,0.492419249259104,0.68203033187243,0.896590798019645,0.493541144144904,0,1,-0.189611082613326,0.403049653874741
0.575,17769,0.162491256826386,0.266576647839678,0.271996359309109,0.195578518338199,17769,17820.5,17834,0.0204979050209319,0.19898489874063,0.00415912964046294,0.128292754959365,17834,17811,17802,0.182989161847318,0.465561546580308,0.276155488949571,0.323871273297564,14.25,0.0655737704918033,-0.28257238473299,-0.0477157843479923
0.58,17924,0.470859056061248,0.686487972748896,0.828961008317103,0.540657337197102,17924,17961.5,17989,0.184229283978129,1.15113893736175,0.365664153020003,0.841309860695574,18038,18034.5,17956,0.655088340039377,1.83762691011065,1.19462516133711,1.38196719789268,17,0.0555555555555556,-1.18253857007127,-0.18734203655557
0.585,18078,NA,NA,NA,NA,NA,NA,18144,0.111370677085202,0.224408664942118,0.204798517147517,0.147331250264337,18144,18144,18111,NA,NA,NA,NA,NA,NA,NA,NA
0.59,18233,0.435669603411017,0.787492419773079,0.765402876784724,0.62366175553742,18233,18198.5,18299,0.0709343411228008,0.0828392076660818,0.115518510648017,0.0413174745586906,18299,18294,18266,0.506603944533817,0.87033162743916,0.880921387432742,0.66497923009611,19.75,0.0481927710843374,-0.363727682905343,0.215942157336631
0.595,18387,0.116908704385686,0.157869488184609,0.189666523366391,0.106244089781438,18393.5,18338,18455,0.24332751726181,0.491274873434959,0.496148048904687,0.347173044638196,18455,18455,18421,0.360236221647497,0.649144361619568,0.685814572271078,0.453417134419634,27.75,0.0347826086956522,-0.288908139972071,0.232397437851444
0.6,18542,0.175764472589709,0.220912615110415,0.295970042609276,0.158052284717434,18541,18584,18610,0.0926558324375383,0.18242359163397,0.163477724548155,0.115890880072083,18655,18562,18576,0.268420305027247,0.403336206744384,0.459447767157431,0.273943164789516,25,0.0384615384615385,-0.134915901717137,0.185504602367915
0.605,18696,0.161227234687092,1.09112990438878,0.269713320519398,0.873187925318926,18696,18730,18765,0.163251460670909,0.975843412486515,0.319346895122169,0.710040441331397,18770.5,18773.5,18730,0.324478695358,2.06697331687529,0.589060215641567,1.58322836665032,18.5,0.0512820512820513,-1.74249462151729,-0.994168151008756
0.61,18851,0.177410751839564,1.24544197277334,0.298943502700894,1,18810.5,18893,18920,0.0803040616667277,0.559405857920541,0.136206060376512,0.398192685787036,18930.5,18878,18886,0.257714813506292,1.80484783069388,0.435149563077406,1.39819268578704,15,0.0625,-1.54713301718758,-0.96304312270963
0.615,19005,0.133926024112314,1.04900888718393,0.220402694692045,0.838573305507639,19007,19008,19075,0.19835573383495,0.682876583315005,0.396854158370748,0.490653291627035,19041,19035.5,19040,0.332281757947263,1.73188547049893,0.617256853062794,1.32922659713467,2.25,0.307692307692308,-1.39960371255167,-0.711969744071881
0.62,19160,0.167711895754143,0.204009648156232,0.281425720400669,0.144161599885294,19160,19207.5,19230,0.0942971237235823,0.131272404007345,0.167101556757429,0.0775864983469129,19257.5,19278,19195,0.262009019477725,0.335282052163578,0.448527277158098,0.221748098232206,34,0.0285714285714286,-0.0732730326858524,0.226779178925892
0.625,19314,0.106057003345146,0.163172925985241,0.170066507164371,0.110602400557003,19314,19294.5,19385,0.0984524932406651,0.239087470055094,0.176276260861132,0.158323420346897,19432,19386,19350,0.204509496585811,0.402260396040334,0.346342768025503,0.2689258209039,32.75,0.0296296296296296,-0.197750899454524,0.0774169471216029
0.63,19469,0.41850146622993,0.620222052234191,0.73439430350661,0.486200683553012,19469,19469,19540,0.370672752496604,0.895299366379936,0.777315547364845,0.649725323913669,19540,19540,19504,0.789174218726534,1.51552141861413,1.51170985087145,1.13592600746668,0,1,-0.726347199887594,0.375783843404772
0.635,19623,0.381254370797561,0.767954229634473,0.667119719436773,0.607605471327585,19638,19640,19695,0.112280575284256,0.15315853358919,0.206807495339829,0.0939758472728633,19695,19720,19659,0.493534946081817,0.921112763223663,0.873927214776601,0.701581318600448,13.5,0.0689655172413793,-0.427577817141845,0.172345896176153
0.64,19778,0.195301181918172,0.307121392801664,0.33125665969737,0.228897773791579,19778,19778,19850,0.0926640230076952,0.163059991214109,0.163495808633654,0.101390517979416,19800,19799.5,19814,0.287965204925867,0.470181384015773,0.494752468331024,0.330288291770995,0.25,0.8,-0.182216179089906,0.164464176560029
0.645,19932,0.110366069996363,0.0706372873195115,0.177849413813192,0.03455756204252,19878,19900.5,20005,0.287953516058348,0.73386005145965,0.594678476248703,0.528832077225144,20052.5,20055,19968,0.398319586054711,0.804497338779161,0.772527890061895,0.563389639267664,12.5,0.0740740740740741,-0.406177752724451,0.209138250794231
0.65,20087,0.0377869143149859,0.211866116103433,0.0467591246530496,0.150617964643279,20106.5,20037,20160,0.0977941555180272,0.230729237369385,0.174822706903854,0.152064388050753,20153.5,20160,20124,0.135581069833013,0.442595353472818,0.221581831556904,0.302682352694032,31.5,0.0307692307692308,-0.307014283639804,-0.081100521137128
0.655,20241,0.137639762171223,0.280781423569654,0.227110336733856,0.207251857303552,20197.5,20241,20315,0.122896746779397,0.179036299230875,0.230247103245138,0.11335431841549,20315,20292.5,20278,0.260536508950621,0.459817722800529,0.457357439978994,0.320606175719041,10.5,0.0869565217391304,-0.199281213849908,0.136751264259953
0.66,20396,0.0679963254413796,0.14063154013411,0.10132245489213,0.0920781209209805,20406.5,20396,20471,0.0894576372493186,1.20863182267451,0.156416380329024,0.884363199780807,20512,20507,20434,0.157453962690698,1.34926336280862,0.257738835221153,0.976441320701787,7.75,0.114285714285714,-1.19180940011792,-0.718702485480634
0.665,20550,0.0582351623539488,0.0586341023874837,0.0836921355579113,0.0246934678083751,20583,20501.5,20626,0.139294094438896,1.30414508349634,0.266451058691939,0.955887959460693,20626,20626,20588,0.197529256792845,1.36277918588383,0.35014319424985,0.980581427269068,40.75,0.0239520958083832,-1.16524992909098,-0.630438233019218
0.67,20705,0.076628668222068,0.0285857012184231,0.116913932922237,0,20707.5,20675.5,20781,0.34142509669852,0.990017003149619,0.7127391994441,0.720654283401669,20824,20824,20743,0.418053764920588,1.01860270436804,0.829653132366336,0.720654283401669,16,0.0588235294117647,-0.600548939447455,0.108998848964667
0.675,20860,0.123104855603544,0.118412579652317,0.200857825431059,0.0738188071456563,20855,20819,20936,0.0487887128061563,0.728893411891159,0.0666228381547437,0.525112827159798,20968.5,20971,20898,0.1718935684097,0.847305991543476,0.267480663585803,0.598931634305455,16.75,0.0563380281690141,-0.675412423133776,-0.331450970719652
0.68,21014,0.124664778884039,0.227558463360305,0.2036753119668,0.163513774628151,21054.5,20965.5,21091,0.0826325228907021,0.185966462019536,0.14134710563352,0.118543945737774,21093.5,21139.5,21052,0.207297301774741,0.413524925379841,0.34502241760032,0.282057720365925,21.5,0.0444444444444444,-0.2062276236051,0.0629646972343951
0.685,21169,0.0969249204659151,0.101202173766551,0.153572413591168,0.0596754721536161,21117,21191.5,21246,0.159820283970677,0.127177579863393,0.311771147448531,0.074520104106914,21295.5,21246,21208,0.256745204436592,0.228379753629945,0.465343561039698,0.13419557626053,12.5,0.0740740740740741,0.0283654508066478,0.331147984779168
0.69,21323,0.0475891760192919,0.133626278846026,0.0644636750735854,0.0863212690627635,21272.5,21330,21401,0.184185352594242,0.665259695651232,0.365567156243574,0.477460949059971,21401,21367.5,21362,0.231774528613534,0.798885974497258,0.430030831317159,0.563782218122735,12,0.0769230769230769,-0.567111445883724,-0.133751386805576
0.695,21478,0.0829656497074447,0.137788473383387,0.128359598382543,0.0897417178328083,21443.5,21443,21556,0.148388183431327,1.08196312241593,0.28653003728946,0.78950780203809,21520,21519,21517,0.231353833138772,1.21975159579932,0.414889635672003,0.879249519870899,0.75,0.571428571428571,-0.988397762660548,-0.464359884198896
0.7,21632,0.0988192032874086,0.278478315109632,0.156993810278542,0.205359186399141,21615.5,21680,21711,0.21417754166301,1.32925111037656,0.431787370594441,0.974688516824908,21711,21750.5,21672,0.312996744950419,1.60772942548619,0.588781180872983,1.18004770322405,52,0.0188679245283019,-1.29473268053577,-0.591266522351066
0.705,21787,0.191065888215815,0.393852393511065,0.323606999531061,0.300172420384455,21833,21787,21866,0.148558569036349,1.02305901061944,0.28690623428065,0.745397671108099,21917,21872.5,21826,0.339624457252164,1.4169114041305,0.610513233811711,1.04557009149255,45.25,0.0216216216216216,-1.07728694687834,-0.435056857680843
0.71,21941,0.0458838946215204,0.0450663218662242,0.0613836470760891,0.0135436049704884,21986,21969.5,22021,0.0922625653114842,0.330031105396542,0.162609424027484,0.226426232524425,22021,22021,21981,0.138146459933005,0.375097427262766,0.223993071103573,0.239969837494913,8.25,0.108108108108108,-0.236950967329761,-0.01597676639134
0.715,22096,0.165573653754061,0.459527574584059,0.277563691978685,0.354143610415858,22143,22096,22176,0.189358595311992,0.413512406553883,0.37698923820208,0.28894090275625,22217,22132.5,22136,0.354932249066053,0.873039981137942,0.654552930180765,0.643084513172108,65.75,0.0149812734082397,-0.518107732071888,0.0114684170086568
0.72,22250,0.136084664130778,0.0991464139019134,0.224301565401639,0.0579860697872946,22224.5,22292,22332,0.0778122368718295,0.273719902754233,0.130704322185124,0.184257792230153,22307,22332,22291,0.213896901002608,0.372866316656146,0.355005887586764,0.242243862017448,46.25,0.0211640211640212,-0.158969415653538,0.112762025569316
0.725,22405,0.132017548948111,0.291298807924607,0.216955664221912,0.215894935866572,22452.5,22405,22487,0.223738749884098,0.979929068109999,0.452897708902925,0.713099969758027,22487,22487,22446,0.355756298832209,1.27122787603461,0.669853373124837,0.928994905624599,23.75,0.0404040404040404,-0.915471577202397,-0.259141532499762
0.73,22559,0.0396756956870343,0.0881349042383925,0.0501705847878171,0.0489369241150204,22605,22608,22642,0.187715059642234,1.11975032518235,0.373360450583573,0.817804612068322,22638,22640,22600,0.227390755329269,1.20788522942074,0.42353103537139,0.866741536183342,2.5,0.285714285714286,-0.980494474091475,-0.443210500811952
0.735,22714,0.193659789797784,0.149993367304148,0.328292026592083,0.0997715744445224,22758,22685,22797,0.0466099398248654,0.188581897949394,0.0618122918651033,0.120502505467927,22789.5,22797,22756,0.24026972962265,0.338575265253542,0.390104318457186,0.22027407991245,32.75,0.0296296296296296,-0.0983055356308925,0.169830238544736
0.74,22868,0.101116422167702,0.0799659913766815,0.161142977962496,0.0422237953317232,22868,22852.5,22952,0.205418507678622,1.25852275635114,0.412448165089207,0.9217238448967,22952,22952,22910,0.306534929846324,1.33848874772783,0.573591143051703,0.963947640228423,7.75,0.114285714285714,-1.0319538178815,-0.39035649717672
0.745,23023,0.0984754439712755,0.206975313795954,0.156372922535631,0.146598753482679,23069.5,23023,23107,0.0901107777863039,0.303924325713719,0.15785845934037,0.206876265045952,23059,23111.5,23065,0.188586221757579,0.510899639509673,0.314231381876002,0.353475018528632,3,0.25,-0.322313417752094,-0.0392436366526304
0.75,23177,0.132815821814175,0.204887773324734,0.218397480675391,0.144883234139912,23207.5,23200.5,23262,0.408413479265162,0.835754077579582,0.860643876972299,0.605135049904918,23288.5,23293,23220,0.541229301079337,1.04064185090432,1.07904135764769,0.750018284044829,1.25,0.444444444444444,-0.499412549824978,0.329023073602861
0.755,23332,0.11911440845131,0.214717219684089,0.193650399743153,0.152960972315839,23305.5,23290,23417,0.471530085436078,0.881464843446604,1,0.639365391485666,23417,23417,23374,0.590644493887389,1.09618206313069,1.19365039974315,0.792326363801505,7.75,0.114285714285714,-0.505537569243305,0.401324035941648
0.76,23486,0.125329133105698,0.278617508923369,0.204875248590539,0.205473574447254,23443.5,23486,23572,0.12736838808182,0.543797679384506,0.240120108675575,0.386504557780254,23617.5,23572,23529,0.252697521187518,0.822415188307874,0.444995357266114,0.591978132227508,1.5,0.4,-0.569717667120356,-0.146982774961394
0.765,23641,0.0897000898668813,0.163099351946778,0.140523141751768,0.110541938167004,23615.5,23640,23727,0.220430922782802,0.549065931856185,0.445594306701065,0.390449669576539,23727,23727,23684,0.310131012649683,0.712165283802963,0.586117448452833,0.500991607743544,12.25,0.0754716981132075,-0.40203427115328,0.0851258407092895
0.77,23795,0.0464556879275411,0.203719432489114,0.0624164029565124,0.143923103627434,23746,23784,23882,0.160007854577712,1.363051745361,0.312185287469296,1,23882,23882,23838,0.206463542505253,1.56677117785011,0.374601690425808,1.14392310362743,19,0.05,-1.36030763534486,-0.769321413201626
0.775,23950,0.146237301636778,0.131053453247656,0.242638954062406,0.0842069473811385,23958,23981.5,24037,0.11439611216246,1.18979975002993,0.211478421667369,0.870260870338925,24067,24068.5,23994,0.260633413799239,1.32085320327759,0.454117375729775,0.954467817720063,12.5,0.0740740740740741,-1.06021978947835,-0.500350441990289
0.78,24104,0.0297274293328976,0.0832317452782808,0.0322023251578623,0.0449075583840566,24114,24102,24192,0.0485034613864324,0.215915847639854,0.0659930271691335,0.140971434765181,24157,24192,24148,0.07823089071933,0.299147592918135,0.0981953523269959,0.185878993149238,11.5,0.08,-0.220916702198805,-0.0876836408222422
0.785,24259,0.200440474610361,0.189456585819562,0.34053909566363,0.132202042559699,24214,24214.5,24348,0.134195972114039,0.127395687869011,0.255194836201313,0.0746834334975331,24381.5,24371.5,24304,0.3346364467244,0.316852273688573,0.595733931864943,0.206885476057232,4.75,0.173913043478261,0.0177841730358272,0.388848455807711
0.79,24413,0.147522242380552,0.349966850430128,0.244959775406683,0.264107731310815,24411,24365,24503,0.0466300756416976,0.309768792868161,0.0618567500439878,0.211252873121958,24460,24496.5,24458,0.19415231802225,0.659735643298289,0.306816525450671,0.475360604432773,4.75,0.173913043478261,-0.465583325276039,-0.168544078982102
0.795,24568,0.106848323234212,0.0482307271082301,0.171495765359813,0.0161440807341235,24568,24521,24658,0.168416487505377,0.387977469120755,0.330750837105937,0.269819157276821,24658,24619,24613,0.275264810739589,0.436208196228985,0.502246602465751,0.285963238010945,43,0.0227272727272727,-0.160943385489396,0.216283364454806
0.8,24722,0.0621221665611679,0.0403871860881413,0.0907127257081739,0.00969833919221873,24722,24757,24813,0.0853657855122636,0.259969278379087,0.147381918106261,0.173960686933798,24813,24813,24768,0.147487952073432,0.300356464467229,0.238094643814435,0.183659026126017,17.5,0.0540540540540541,-0.152868512393797,0.0544356176884183
0.805,24877,0.0929506149872339,0.11786883051075,0.14639414250879,0.0733719596795434,24877,24917.5,24968,0.194718410563505,0.338319179971128,0.388823256520064,0.232632727172975,25011.5,24921.5,24922,0.287669025550739,0.456188010481877,0.535217399028853,0.306004686852518,24.75,0.0388349514563107,-0.168518984931138,0.229212712176335
0.81,25031,0.128121974934403,0.196796748758862,0.20991959554479,0.138234113159064,25031,25031,25123,0.106435831337135,0.152698127582442,0.193902795515589,0.0936310739010357,25087,25134,25077,0.234557806271538,0.349494876341304,0.403822391060379,0.2318651870601,23.5,0.0408163265306122,-0.114937070069767,0.171957204000279
0.815,25186,0.0583104521215619,0.391270097128353,0.0838281216728577,0.298050315709421,25139.5,25186,25278,0.0664440362271916,0.42182431577013,0.105604297583869,0.295165245889945,25274.5,25278,25232,0.124754488348754,0.813094412898483,0.189432419256727,0.593215561599365,25,0.0384615384615385,-0.688339924549729,-0.403783142342638
0.82,25340,0.194838818761299,0.473290269193487,0.330421553262714,0.36545365165174,25340,25294,25433,0.079212605840809,0.565513878787364,0.133796218314597,0.402766655106691,25470,25433,25386,0.274051424602108,1.03880414798085,0.46421777157731,0.768220306758431,41.5,0.0235294117647059,-0.764752723378743,-0.304002535181121
0.825,25495,0.0508193188079502,0.205591233997166,0.0702978618758221,0.145461330903578,25446,25495,25588,0.0351821436607027,0.201378642294188,0.0365806854020424,0.130085301155886,25549,25583,25542,0.0860014624686529,0.406969876291354,0.106878547277865,0.275546632059463,41.5,0.0235294117647059,-0.320968413822701,-0.168668084781599
0.83,25649,0.30107047567971,1.01944492561109,0.522293978515641,0.814277945189485,25649,25649,25743,0.109568534236553,0.352880067959843,0.200819538305567,0.243536595443805,25731,25793,25696,0.410639009916263,1.37232499357094,0.723113516821207,1.05781454063329,31,0.03125,-0.961685983654675,-0.334701023812082
0.835,25804,0.135328611961703,0.186125113052415,0.222936006701848,0.129464272417881,25765,25804,25898,0.0806998223052148,0.207879249623424,0.137079866361536,0.134953257427049,25898,25898,25851,0.216028434266918,0.394004362675838,0.360015873063384,0.26441752984493,19.5,0.0487804878048781,-0.177975928408921,0.0955983432184538
0.84,25959,0.0927585183843171,0.361681304155634,0.146047183399295,0.27373454920159,25936,26005.5,26053,0.0690047355351383,0.290343718973977,0.111258104869211,0.196706476840532,26065.5,26017,26006,0.161763253919455,0.652025023129611,0.257305288268506,0.470441026042122,10.5,0.0869565217391304,-0.490261769210156,-0.213135737773616
0.845,26113,0.248992445089324,0.526991157929949,0.428232205202174,0.409584491087561,26113,26113,26209,0.157045357430706,0.127425864781116,0.305644344571173,0.0747060313689447,26175,26240,26161,0.40603780252003,0.654417022711064,0.733876549773347,0.484290522456506,32.5,0.0298507462686567,-0.248379220191034,0.249586027316841
0.85,26268,0.175915395434705,0.320811006238908,0.296242634914956,0.240147757669915,26268,26268,26364,0.07350851570047,0.686419178729963,0.121202070188101,0.493306151381982,26415,26364,26316,0.249423911135175,1.00723018496887,0.417444705103057,0.733453909051896,25.5,0.0377358490566038,-0.757806273833695,-0.316009203948839
0.855,26422,0.195440446190865,0.195204654725602,0.331508194640228,0.136925746616132,26422,26468,26519,0.115564567711711,0.333559220339834,0.214058272599671,0.229068248630573,26562,26568.5,26470,0.311005013902576,0.528763875065436,0.545566467239899,0.365993995246705,26.25,0.036697247706422,-0.21775886116286,0.179572471993194
0.86,26577,0.0753744543003706,0.167498936570656,0.114648609440302,0.114157471674718,26525.5,26577,26674,0.201382669784563,0.179413087056907,0.403537376689696,0.113636474615324,26715.5,26722.5,26626,0.276757124084934,0.346912023627564,0.518185986129999,0.227793946290042,29.25,0.0330578512396694,-0.0701548995426297,0.290392039839957
0.865,26731,0.13585971613224,0.165982880767475,0.223895271088933,0.112911592569174,26731,26734,26829,0.0569588900956035,0.141474906429914,0.0846618979296493,0.0852266053606279,26790,26877,26780,0.192818606227843,0.307457787197389,0.308557169018582,0.198138197929802,45,0.0217391304347826,-0.114639180969546,0.11041897108878
0.87,26886,0.0836043654060317,0.285141045305807,0.129513227476638,0.21083454972012,26837.5,26937.5,26984,0.10871369005966,0.174617627688248,0.198932114733362,0.110045412223078,27007,26996.5,26935,0.192318055465692,0.459758672994055,0.32844534221,0.320879961943198,44.75,0.0218579234972678,-0.267440617528363,0.00756538026680209
0.875,27040,0.0743344542850539,0.284080925816994,0.112770192676501,0.209963354400184,27031,27040,27139,0.0751032117378565,0.180132848388087,0.124723024033054,0.11417546528318,27139,27139,27090,0.14943766602291,0.464213774205081,0.237493216709555,0.324138819683364,4.5,0.181818181818182,-0.314776108182171,-0.0866456029738092
0.88,27195,0.0380509934920336,0.333537183357285,0.0472360965240413,0.250605999465485,27237.5,27199.5,27294,0.0773084107352401,0.157448054461554,0.129591916729023,0.0971880394532772,27273.5,27246,27244,0.115359404227274,0.49098523781884,0.176828013253064,0.347794038918762,32.75,0.0296296296296296,-0.375625833591566,-0.170966025665698
0.885,27349,0.179226735992892,0.379386548348353,0.302223478687595,0.288284537237642,27389,27388,27449,0.174039828741442,0.245102156581797,0.343166698487929,0.162827496583754,27490,27407.5,27399,0.353266564734334,0.62448870493015,0.645390177175524,0.451112033821396,41.75,0.0233918128654971,-0.271222140195816,0.194278143354128
0.89,27504,0.0756318757674147,0.301404880184992,0.115113556355626,0.224200002370007,27489.5,27504,27604,0.0505065525623007,0.153830465693012,0.070415682905472,0.0944790211969191,27583,27558,27554,0.126138428329715,0.455235345878004,0.185529239261098,0.318679023566926,5.25,0.16,-0.329096917548289,-0.133149784305828
0.895,27658,0.0776921926745126,0.105905807199976,0.1188348388172,0.0635408698537193,27658,27691,27759,0.157031123572935,0.129200945957987,0.30561291741824,0.0760352944837792,27807,27801.5,27708,0.234723316247447,0.235106753157963,0.42444775623544,0.139576164337499,13.75,0.0677966101694915,-0.000383436910515483,0.284871591897942
0.9,27813,0.093137515978098,0.253092886651914,0.146731717459982,0.184497701726608,27843.5,27826,27914,0.0519319140569032,0.0834011617196795,0.073562760415674,0.0417382918178741,27942.5,27914,27864,0.145069430035001,0.336494048371594,0.220294477875656,0.226235993544482,23,0.0416666666666667,-0.191424618336592,-0.00594151566882695
0.905,27967,0.0227512688410232,0.22901200600777,0.0196021937906407,0.164708281063663,27954.5,28014.5,28069,0.145625483627568,0.421765273044982,0.280430230010554,0.295121031958909,28115,28069,28018,0.168376752468591,0.650777279052753,0.300032423801195,0.459829313022571,7,0.125,-0.482400526584162,-0.159796889221377
0.91,28122,0.175894372872522,0.144832038409523,0.296204664595108,0.0955300473099912,28122,28108,28225,0.0475503388210224,0.446712641232939,0.0638886132352463,0.313802778335653,28225,28225,28174,0.223444711693545,0.591544679642462,0.360093277830355,0.409332825645644,7,0.125,-0.368099967948918,-0.0492395478152892
0.915,28276,0.111732696922224,0.655446760350902,0.180317774283953,0.515147987306232,28299.5,28322.5,28380,0.0703055233210655,0.0591875964856715,0.114130134176961,0.0236060511273767,28365,28366.5,28328,0.182038220243289,0.714634356836574,0.294447908460914,0.538754038433609,12.25,0.0754716981132075,-0.532596136593284,-0.244306129972695
0.92,28431,0.150667742700625,0.215070780010443,0.250641083526632,0.153251524564793,28475,28481,28535,0.0724535861948115,0.216119799749773,0.118872875149034,0.14112416356454,28535,28535,28483,0.223121328895437,0.431190579760216,0.369513958675666,0.294375688129333,3,0.25,-0.208069250864779,0.0751382705463328
0.925,28585,0.193384526639304,0.189447982690817,0.327794854550033,0.132194972596757,28633,28624.5,28690,0.217074926592471,0.1887011482008,0.438184551228569,0.120591805587096,28690,28731.5,28638,0.410459453231774,0.378149130891617,0.765979405778602,0.252786778183853,16.5,0.0571428571428571,0.0323103223401574,0.513192627594749
0.93,28740,0.225229293980258,0.319061267161288,0.385311916022743,0.238709840046838,28740,28741.5,28845,0.0843766106751735,0.233035211102519,0.145197903808658,0.153791208134911,28840,28883,28792,0.309605904655432,0.552096478263807,0.530509819831402,0.39250104818175,22.25,0.043010752688172,-0.242490573608376,0.138008771649652
0.935,28894,0.0534272009513566,0.118645983345221,0.0750081402066353,0.074010615905951,28918.5,28894,29000,0.0527717692310537,0.208255822994442,0.0754170895387805,0.135235253033022,28952,29054,28947,0.10619897018241,0.326901806339663,0.150425229745416,0.209245868938973,38.75,0.0251572327044025,-0.220702836157253,-0.0588206391935577
0.94,29049,0.102209758213224,0.410179973681765,0.163117728660698,0.313590258260934,29090.5,29086,29155,0.144605061287676,0.185007739275326,0.278177223872152,0.117826009680631,29103,29152.5,29102,0.246814819500901,0.595187712957091,0.44129495253285,0.431416267941566,22.5,0.0425531914893617,-0.348372893456191,0.00987868459128433
0.945,29203,0.176817000114841,0.576744194122806,0.29787108618471,0.450471025804831,29243.5,29247.5,29310,0.111781973942841,0.119500651451785,0.205706625789145,0.0687712640506182,29351.5,29320.5,29256,0.288598974057681,0.696244845574591,0.503577711973856,0.519242289855449,13.5,0.0689655172413793,-0.40764587151691,-0.0156645778815929
0.95,29358,0.115332990931714,0.259089847829075,0.186820517093989,0.189425942898014,29358,29306.5,29465,0.141600037862852,0.413089177948072,0.271542386552844,0.28862396954656,29416,29465,29412,0.256933028794566,0.672179025777147,0.458362903646833,0.478049912444575,1.25,0.444444444444444,-0.415245996982581,-0.0196870087977414
0.955,29512,0.193786972990602,0.215211228712189,0.328521741051644,0.153366943866997,29512,29562.5,29620,0.172310275621866,0.375538564930843,0.339347991622387,0.260504328893731,29620,29620,29566,0.366097248612468,0.590749793643031,0.667869732674031,0.413871272760728,25.25,0.0380952380952381,-0.224652545030563,0.253998459913303
0.96,29667,0.0453041380683729,0.213382101418945,0.0603365082180921,0.15186378582278,29641.5,29667,29775,0.205723951266876,0.805904710058081,0.413122558673481,0.582782459068818,29738.5,29775,29721,0.251028089335249,1.01928681147703,0.473459066891573,0.734646244891598,31,0.03125,-0.768258722141776,-0.261187178000026
0.965,29821,0.127213409899328,0.442779629240109,0.208278572691181,0.34038032075261,29826.5,29771.5,29930,0.0761727537960638,0.31040553801934,0.127084482351063,0.211729697423877,29930,29937,29876,0.203386163695392,0.753185167259449,0.335363055042244,0.552110018176488,24,0.04,-0.549799003564058,-0.216746963134244
0.97,29976,0.163633439587943,0.765351943181376,0.274059335477411,0.60546693901779,29992.5,29981,30086,0.108886718917147,0.22284582856783,0.199314147802217,0.14616092590175,30092.5,30086,30031,0.27252015850509,0.988197771749206,0.473373483279628,0.75162786491954,9,0.1,-0.715677613244116,-0.278254381639912
0.975,30130,0.146497644895495,0.125869185893398,0.243109178230015,0.0799465696558104,30130,30175,30241,0.0703795370650331,0.285623818447278,0.114293550257701,0.193171996413622,30241,30263.5,30186,0.216877181960528,0.411493004340676,0.357402728487717,0.273118566069433,33.75,0.0287769784172662,-0.194615822380148,0.084284162418284
0.98,30285,0.209487355824737,1.00180844700171,0.356879300551055,0.799784468004336,30285,30332,30396,0.114980376613868,0.0897167749401571,0.212768428112749,0.0464677159202342,30358,30451,30340,0.324467732438604,1.09152522194186,0.569647728663804,0.84625218392457,70,0.0140845070422535,-0.76705748950326,-0.276604455260765
0.985,30439,0.0703633051120395,0.0933796540739873,0.105597622418535,0.0532470057230093,30472.5,30487,30551,0.102868125249057,0.24238490106738,0.186025602512048,0.160792689626215,30603,30551,30495,0.173231430361097,0.335764555141367,0.291623224930584,0.214039695349224,18.75,0.0506329113924051,-0.16253312478027,0.0775835295813595
0.99,30594,0.279247440372069,0.34502414126955,0.482877868174131,0.260045863630862,30594,30594,30706,0.0850893170931088,0.148921568887184,0.146771499242346,0.090803011590408,30706,30695.5,30650,0.364336757465177,0.493945710156734,0.629649367416477,0.35084887522127,5.25,0.16,-0.129608952691557,0.278800492195207
0.995,30748,0.169813519457282,0.348481549002125,0.285221609955512,0.262887125835277,30748,30798.5,30861,0.13228761805297,0.303538078360277,0.250981351994089,0.206587025113254,30861,30861,30804,0.302101137510252,0.652019627362402,0.536202961949601,0.469474150948531,25.25,0.0380952380952381,-0.34991848985215,0.0667288110010701
1,30903,0.230726231709371,0.550432082233739,0.395240319703382,0.42884800219544,30892,30864.5,31016,0.145595571457891,0.230021154894097,0.280364186472245,0.151534143051863,30973,30957.5,30960,0.376321803167261,0.780453237127836,0.675604506175627,0.580382145247303,21.5,0.0444444444444444,-0.404131433960575,0.0952223609283243
